Time;Ax;Ay;Az;Gx;Gy;Gz;BAR;P;R;UP;DOWN;prob
1670690681906;10.29379;0.63468;4.57209;-1.82;-11.83;3.64;1;0;0;0;0;0.63016
1670690682072;9.97047;0.07425;2.48364;-20.15999;-17.63999;-10.22;0.99999;0;0;0;0;0.58803
1670690682274;8.69871;-3.04167;4.09788;-17.14999;2.45;-2.87;0.99998;0;0;0;0;0.27173
1670690682476;8.81607;-1.99505;3.23567;14.63;-13.37;-5.67;0.99998;0;0;0;0;0.09118
1670690682678;9.71899;-0.86221;2.96743;-6.02;-2.31;4.06;0.99999;0;0;0;0;0.64206
1670690682877;10.5812;-1.37714;2.54351;-1.05;-5.25;5.39;0.99998;0;0;0;0;0.1542
1670690683080;9.87467;-1.05141;2.76864;-5.81;-0.91;-2.45;0.99998;0;0;0;0;0.13794
1670690683281;9.88904;-1.0562;2.77343;-2.17;-1.61;1.96;1.0;0;0;0;0;0.12352
1670690683545;9.58247;-1.21906;2.36867;-1.75;-1.19;-1.26;1.00002;0;0;1;0;0.14749
1670690683752;10.01358;-1.34361;2.72793;-6.02;1.05;-1.47;1.00002;0;0;1;0;0.13265
1670690683951;9.7118;-1.1999;2.86923;-6.02;-0.98;-5.81;1.00004;0;0;1;0;0.09112
1670690684154;9.46512;-0.85023;2.02619;0.07;9.1;-2.38;1.00003;0;0;1;0;0.13388
1670690684353;6.69887;-0.90771;2.58183;0.35;31.35999;-5.04;1.00003;0;0;1;0;0.06077
1670690684556;8.00655;-0.54846;3.73863;0.07;15.74999;0;1.00005;0;0;1;0;0.02909
1670690684757;9.66869;-1.0586;6.26777;4.55;12.18;-0.7;1.00006;0;0;1;0;0.12535
1670690684956;9.6639;-0.5269;4.91219;-0.35;9.73;-3.15;1.0001;0;0;1;0;0.29981
1670690685163;9.56092;-0.42152;6.62702;-10.64;10.08;2.1;1.00012;0;0;1;0;0.20124
1670690685359;8.78733;-1.0083;6.21268;1.33;2.52;4.27;1.00011;0;0;1;0;0.25393
1670690685558;8.71069;-0.86221;5.55405;-1.89;0.91;2.38;1.00013;0;0;0;1;0.52645
1670690685762;8.62207;-0.87179;5.52292;-3.01;-0.7;0;1.00016;0;0;0;1;0.46159
1670690685962;10.01118;-1.35319;6.69887;-5.18;-7.7;-0.07;1.00016;0;0;0;1;0.49221
1670690686163;9.76689;-0.91729;6.60067;7.28;-13.16;-3.22;1.00016;0;0;0;1;0.61475
1670690686365;9.4244;-0.8167;5.50376;0.56;-21.76999;-1.75;1.00015;0;0;0;1;0.85483
1670690686566;8.10714;-0.95561;3.85838;-1.12;-19.87999;0.21;1.00015;0;0;0;1;0.85849
1670690686768;8.13828;-0.59157;3.24046;0;-15.39999;-2.38;1.00016;0;0;0;1;0.75725
1670690686968;7.27607;-0.65384;1.84896;4.9;-9.52;-3.15;1.00016;0;0;0;1;0.64418
1670690687169;9.17772;-0.7233;2.59381;-2.24;14.49;-5.74;1.00014;0;0;0;1;0.4788
1670690687368;9.99442;-0.58917;2.7399;0.91;3.36;-3.22;1.00012;0;0;1;0;0.052
1670690687573;9.77168;-0.55804;2.71595;-1.19;-1.68;-2.94;1.00011;0;0;1;0;0.12653
1670690687774;9.89143;-0.45266;2.38544;-2.52;1.82;-0.21;1.00012;0;0;1;0;0.18057
1670690687974;10.03034;-0.74485;2.4046;-2.31;-2.59;2.52;1.00014;0;0;1;0;0.10936
1670690688178;8.8472;-0.66103;2.27048;-2.45;14.49;-2.45;1.00014;0;0;1;0;0.13868
1670690688380;8.22689;-0.24669;2.54591;7.77;19.17999;-1.12;1.00012;0;0;1;0;0.04869
1670690688578;9.76929;-0.40955;3.54463;-2.31;10.5;-2.59;1.00014;0;0;1;0;0.08069
1670690688782;9.4723;-0.6275;3.95657;-3.43;9.66;2.59;1.00014;0;0;1;0;0.09716
1670690688981;9.35495;-0.74246;4.40444;-0.77;13.58;4.34;1.00014;0;0;1;0;0.1182
1670690689184;9.38129;-0.673;4.41881;5.74;3.92;-3.92;1.00013;0;0;1;0;0.11766
1670690689385;9.25915;-0.67779;4.44755;-3.01;14.63;-1.75;1.00011;0;0;1;0;0.32766
1670690689588;9.24717;-0.76162;5.94204;-9.17;9.45;8.33;1.00017;0;0;1;0;0.10927
1670690689789;9.26633;-1.30289;6.38273;-2.1;1.96;2.45;1.00012;0;0;1;0;0.21105
1670690690000;8.85439;-1.18793;5.23551;4.2;-2.94;-0.49;1.00014;0;0;0;1;0.46028
1670690690202;9.18251;-1.0083;5.02715;-0.84;-2.94;0.42;1.00016;0;0;0;1;0.55974
1670690690411;11.02667;-1.06099;6.60067;-5.46;-15.60999;-4.55;1.00015;0;0;0;1;0.45199
1670690690609;9.97047;-0.79515;5.35287;4.76;-15.74999;-0.35;1.00016;0;0;0;1;0.70861
1670690690809;9.83874;-0.86939;3.82964;4.2;-21.48999;-4.27;1.00018;0;0;0;1;0.76913
1670690691011;8.14786;-0.64187;2.74469;3.92;-11.76;-3.01;1.00015;0;0;0;1;0.73277
1670690691212;8.89271;-0.75683;1.09692;0.77;-23.72999;3.43;1.00016;0;0;0;1;0.55228
1670690691413;8.30114;-0.59636;1.52084;-2.59;-10.01;-2.66;1.00014;0;0;0;1;0.49538
1670690691614;9.98005;-0.20837;1.66693;-0.91;3.71;-2.1;1.00011;0;0;0;1;0.28418
1670690691819;9.80761;-0.39757;1.76034;-1.61;-0.7;3.01;1.00008;0;0;1;0;0.07667
1670690692019;10.03992;-0.44547;1.80584;0.7;-4.06;4.2;1.0001;0;0;1;0;0.10762
1670690692226;10.08303;-0.48379;1.84896;-3.57;2.24;0.42;1.00011;0;0;1;0;0.14503
1670690692422;10.09261;-0.60833;2.14115;-4.55;-0.49;-1.75;1.00008;0;0;1;0;0.0737
1670690692622;9.92975;-0.44787;1.61903;-2.45;9.73;-6.72;1.00007;0;0;1;0;0.09913
1670690692824;10.95003;-0.12454;1.4921;4.55;-4.83;-0.7;1.00009;0;0;1;0;0.04154
1670690693025;7.49402;-0.3377;1.47054;-2.24;0.84;-0.77;1.00006;0;0;1;0;0.13622
1670690693227;9.19688;-0.28261;2.73511;1.75;3.78;5.39;1.00009;0;0;1;0;0.17003
1670690693428;10.31295;-0.41194;2.62015;-3.22;11.69;3.92;1.00006;0;0;1;0;0.16061
1670690693628;9.96807;-0.70893;3.38416;0.56;12.80999;5.25;1.00009;0;0;1;0;0.04385
1670690693829;9.91538;-0.56522;4.07393;1.12;10.22;-1.61;1.00011;0;0;1;0;0.06995
1670690694042;9.63277;-0.78557;3.76018;-7.07;4.9;-0.84;1.00012;0;0;1;0;0.13363
1670690694236;10.11656;-0.673;5.66183;-4.48;0.14;8.61;1.00011;0;0;1;0;0.12723
1670690694447;10.36804;-1.02986;4.85949;4.9;1.05;-1.12;1.00011;0;0;0;1;0.34243
1670690694652;8.9909;-0.66342;4.53856;3.22;1.89;-1.33;1.00014;0;0;0;1;0.32251
1670690694853;10.93806;-0.94843;5.24988;-6.51;-6.37;2.87;1.00016;0;0;0;1;0.37954
1670690695054;10.45905;-0.92687;4.93135;7.49;-12.53;-4.97;1.00016;0;0;0;1;0.3384
1670690695257;10.06866;-0.3856;3.70031;4.06;-11.62;-1.96;1.00014;0;0;0;1;0.66463
1670690695461;9.18729;-0.31135;3.47038;-0.42;-16.65999;0.21;1.00014;0;0;0;1;0.51775
1670690695659;8.44244;-0.36404;2.45011;-1.19;-12.18;-2.45;1.00011;0;0;0;1;0.61977
1670690695861;8.11672;-0.16047;1.94715;-0.35;-9.31;-6.09;1.00009;0;0;0;1;0.45252
1670690696061;10.04711;-0.12694;1.35798;5.53;-7.14;2.24;1.00007;0;0;0;1;0.38778
1670690696268;9.72857;-0.30177;1.97589;-4.62;-2.73;1.19;1.00006;0;0;1;0;0.20243
1670690696472;10.05669;-0.4311;1.8298;-1.68;0.84;1.82;1.00008;0;0;1;0;0.12891
1670690696674;9.96328;-0.4335;1.66214;-2.52;1.26;0.07;1.00006;0;0;1;0;0.09049
1670690696874;10.01358;-0.34009;1.87051;-2.45;0.42;1.12;1.00008;0;0;1;0;0.08141
1670690697076;10.14051;-0.46224;2.05732;0.63;-0.77;0.84;1.00007;0;0;1;0;0.09586
1670690697279;10.16925;-0.40955;1.78189;-1.26;10.85;-0.77;1.00008;0;0;1;0;0.12338
1670690697478;9.89143;-0.22274;1.22625;4.9;-3.22;3.15;1.00007;0;0;1;0;0.03822
1670690697681;8.40652;-0.3856;2.45969;-6.79;1.4;0.42;1.00007;0;0;1;0;0.14158
1670690697880;9.78126;-0.27064;1.43701;3.01;19.94999;3.5;1.00006;0;0;1;0;0.15201
1670690698080;10.13333;-0.43829;2.48364;-0.91;21.97999;7.0;1.00008;0;0;1;0;0.02044
1670690698282;10.14291;-0.63947;3.93981;-5.6;18.05999;2.87;1.00008;0;0;1;0;0.01916
1670690698485;9.48667;-0.66582;4.1362;1.96;6.02;-2.66;1.00008;0;0;1;0;0.04212
1670690698686;9.59445;-0.74006;4.11464;-3.64;8.47;2.73;1.0001;0;0;1;0;0.21663
1670690698893;10.54048;-0.21555;4.77088;-1.19;0.63;0.77;1.0001;0;0;1;0;0.12926
1670690699092;9.68067;-0.74725;4.45953;2.31;6.65;-0.21;1.00012;0;0;0;1;0.28452
1670690699294;8.50471;-0.73048;4.28709;1.19;5.88;1.26;1.00012;0;0;0;1;0.21825
1670690699496;11.30689;-0.87658;5.31215;-3.99;-17.56999;-2.45;1.00008;0;0;0;1;0.27825
1670690699701;10.6291;-0.66821;4.73735;2.52;-7.56;1.33;1.00011;0;0;0;1;0.60873
1670690699901;9.94412;-0.74725;3.95178;8.61;-14.27999;0.42;1.00014;0;0;0;1;0.45967
1670690700097;9.45554;-0.39997;3.07281;4.41;-16.65999;-1.75;1.00014;0;0;0;1;0.64427
1670690700305;8.65081;-0.19639;2.15791;-1.12;-18.61999;-3.85;1.00017;0;0;0;1;0.60875
1670690700509;7.42456;-0.10778;1.79147;0.49;-14.90999;-3.64;1.00014;0;0;0;1;0.55905
1670690700710;11.00751;-0.08383;1.1065;2.17;-4.76;2.1;1.00013;0;0;0;1;0.56112
1670690700915;10.26984;-0.2395;1.17116;1.4;-3.43;3.64;1.00012;0;0;1;0;0.09994
1670690701115;10.34888;-0.22274;2.1148;-0.56;-2.31;2.03;1.00012;0;0;1;0;0.1065
1670690701319;10.4854;-0.92448;1.32205;2.66;2.03;6.44;1.00011;0;0;1;0;0.13311
1670690701522;10.10938;-0.3832;1.4921;-0.7;-1.75;-4.76;1.00007;0;0;1;0;0.05951
1670690701724;10.03513;-0.30656;1.51126;-1.75;3.57;0.28;1.0001;0;0;1;0;0.10571
1670690701924;10.14291;-0.43829;1.47773;0.42;2.31;0.91;1.00007;0;0;1;0;0.06533
1670690702128;10.10938;-0.68258;1.73399;-5.25;5.74;-2.94;1.00008;0;0;1;0;0.07381
1670690702329;7.82213;-0.07664;1.82021;-3.22;10.01;0.42;1.00009;0;0;1;0;0.04651
1670690702532;9.53936;-0.39278;2.37825;-3.29;7.77;3.15;1.00009;0;0;1;0;0.08713
1670690702736;9.6639;-0.44308;2.67045;0.77;10.57;-1.19;1.00011;0;0;1;0;0.07094
1670690702936;9.8603;-0.60115;3.60211;-4.13;23.44999;3.08;1.00012;0;0;1;0;0.07638
1670690703139;10.12135;-0.57001;5.07505;-6.51;10.15;-0.07;1.00012;0;0;1;0;0.02666
1670690703342;10.31774;-1.16877;4.83554;-0.77;0;-0.77;1.00011;0;0;1;0;0.13632
1670690703560;10.30577;-0.66103;4.82117;-1.4;5.95;4.2;1.00012;0;0;1;0;0.27496
1670690703750;8.91905;-0.76641;4.51701;0.56;1.26;-0.35;1.00013;0;0;0;1;0.18911
1670690703949;11.1584;-0.74485;5.21396;-1.4;-5.81;1.12;1.00014;0;0;0;1;0.35632
1670690704150;10.74406;-0.83107;5.09181;0.84;-9.73;-1.61;1.00014;0;0;0;1;0.38094
1670690704352;9.71899;-0.78078;3.77934;3.92;-14.63;4.41;1.00012;0;0;0;1;0.51691
1670690704552;9.2831;-0.45745;3.53744;0.49;-14.13999;-1.4;1.00009;0;0;0;1;0.58297
1670690704756;8.60291;-0.26585;2.97461;6.44;-26.80999;-5.74;1.00011;0;0;0;1;0.57037
1670690704960;7.92991;-0.29698;1.36756;7.84;-21.48999;-3.43;1.00013;0;0;0;1;0.85559
1670690705161;9.62319;-0.22992;1.35079;2.66;-3.01;-0.77;1.00007;0;0;0;1;0.68633
1670690705379;10.16925;-0.28261;1.37235;1.54;-1.12;3.22;1.00008;0;0;1;0;0.1482
1670690705580;10.20757;-0.0958;1.54958;3.36;-0.91;-2.38;1.00007;0;0;1;0;0.09946
1670690705776;10.22194;-0.42152;0.89813;2.1;-2.38;3.22;1.00007;0;0;1;0;0.12381
1670690705983;10.23392;-0.23471;1.62861;-3.85;-0.35;-1.05;1.00008;0;0;1;0;0.08727
1670690706186;10.21236;-0.23711;1.58071;-1.19;0.07;1.61;1.00007;0;0;1;0;0.08371
1670690706386;9.99442;-0.30656;0.59636;4.13;1.12;3.15;1.00005;0;0;1;0;0.08817
1670690706587;7.33355;-0.27543;1.24302;-5.6;15.60999;3.99;1.00007;0;0;1;0;0.06913
1670690706788;9.60163;-0.66342;1.69328;-12.18;30.93999;0.14;1.00006;0;0;1;0;0.04007
1670690706990;9.92975;-0.59157;3.45601;-2.8;14.49;-0.28;1.00007;0;0;1;0;0.00398
1670690707193;10.05429;-0.76162;4.77567;-5.04;16.23999;3.57;1.0001;0;0;1;0;0.05831
1670690707392;9.45554;-0.29459;4.90979;5.67;9.73;-5.74;1.00011;0;0;1;0;0.07386
1670690707593;10.21715;-0.50056;5.95881;6.58;10.43;4.9;1.00011;0;0;1;0;0.28534
1670690707795;10.03274;-0.60354;5.1924;2.66;-0.49;0.84;1.00011;0;0;0;1;0.30334
1670690707995;9.15376;-0.62989;5.23791;-0.91;-2.94;1.75;1.00014;0;0;0;1;0.41449
1670690708196;10.63389;-1.01309;6.03305;-2.1;-6.86;-3.01;1.00012;0;0;0;1;0.50085
1670690708407;10.06866;-0.63229;5.19959;3.85;-15.04999;-2.8;1.00014;0;0;0;1;0.53067
1670690708601;9.11545;-0.48619;3.99968;5.6;-20.08999;-2.1;1.00013;0;0;0;1;0.74064
1670690708802;8.86876;-0.31614;3.18777;5.81;-20.43999;-2.52;1.00011;0;0;0;1;0.79656
1670690709004;7.77184;-0.16765;2.10283;7.28;-27.36999;-1.75;1.00012;0;0;1;0;0.75801
1670690709213;10.57641;-0.09101;0.82389;0.14;-6.86;2.24;1.0001;0;0;1;0;0.84811
1670690709414;10.10698;-0.19879;1.45617;1.19;-5.95;1.05;1.0001;0;0;1;0;0.10861
1670690709607;10.04711;-0.11496;1.44659;-0.42;-1.68;-1.19;1.0001;0;0;1;0;0.15708
1670690709811;10.01597;-0.09341;1.90644;-2.31;-3.92;0;1.00011;0;0;1;0;0.11
1670690710009;10.02076;0.01916;1.36995;-1.4;-8.4;0.77;1.00008;0;0;1;0;0.14765
1670690710213;10.68418;-0.05269;1.10171;-4.41;7.63;-0.07;1.0001;0;0;1;0;0.17599
1670690710410;7.91793;-0.3832;1.30529;-2.24;29.46999;1.4;1.0001;0;0;1;0;0.02881
1670690710611;7.24014;-0.18681;3.47757;-2.8;10.71;-1.12;1.00011;0;0;1;0;0.01172
1670690710812;10.0998;0.12933;3.28597;-3.08;15.88999;-2.52;1.00011;0;0;1;0;0.19883
1670690711014;9.77647;-0.08622;4.44276;-5.74;25.61999;1.26;1.00016;0;0;1;0;0.05432
1670690711213;9.92017;-0.70174;4.41402;-0.14;5.6;2.03;1.00016;0;0;1;0;0.03609
1670690711418;10.07824;-0.62271;5.13492;-4.76;7.77;2.8;1.00018;0;0;1;0;0.19492
1670690711619;10.03034;-0.22513;5.23791;-2.24;4.9;2.24;1.00021;0;0;1;0;0.17696
1670690711817;9.45314;-0.43589;4.48348;-0.14;1.96;-2.31;1.00021;0;0;0;1;0.27414
1670690712021;8.8017;-0.58678;4.43318;-1.12;6.51;2.17;1.0002;0;0;0;1;0.31293
1670690712220;11.8793;-0.7712;5.67141;-8.75;-8.05;0.63;1.00023;0;0;0;1;0.24438
1670690712424;10.06627;-0.71132;4.98404;1.75;-2.45;0.63;1.00028;0;0;0;1;0.33572
1670690712625;9.31184;-0.34728;4.32541;3.92;-11.97;2.1;1.00029;0;0;0;1;0.41237
1670690712826;9.92017;-0.4814;4.25835;10.01;-19.03999;-0.42;1.00032;0;0;0;1;0.65366
1670690713026;8.99569;-0.03353;2.51956;8.89;-9.8;-1.61;1.00031;0;0;0;1;0.79104
1670690713229;7.76465;-0.00719;1.99505;1.54;-21.62999;-2.45;1.00031;0;0;0;1;0.50745
1670690713431;9.74533;-0.24669;1.17835;-5.11;-6.09;6.02;1.00032;0;0;0;1;0.71216
1670690713632;9.35974;-0.76641;2.14115;-2.45;-9.38;0.07;1.00034;0;0;0;1;0.1133
1670690713838;10.04711;-0.4814;1.98308;-2.52;-2.8;0.98;1.00032;0;0;1;0;0.24945
1670690714039;9.98005;-0.30177;1.99505;1.89;-0.98;-4.83;1.00034;0;0;1;0;0.12477
1670690714249;9.68546;-0.08383;1.99266;-0.07;-1.61;-1.26;1.00032;0;0;1;0;0.14674
1670690714450;10.06627;-0.05988;1.27894;-3.99;2.8;2.73;1.00035;0;0;1;0;0.15727
1670690714652;11.32605;-0.31375;2.33514;-3.43;3.43;0.21;1.00033;0;0;1;0;0.058
1670690714860;6.94795;-0.37123;1.40109;5.74;11.76;-2.66;1.0003;0;0;1;0;0.05876
1670690715057;6.95514;-0.2419;2.83331;5.32;17.98999;-1.89;1.00031;0;0;1;0;0.11859
1670690715260;10.04471;-0.22034;3.2237;-6.79;7.42;1.54;1.00031;0;0;1;0;0.13416
1670690715457;10.10219;-0.4335;3.98292;-2.1;11.83;3.15;1.00029;0;0;1;0;0.08178
1670690715665;9.64714;-0.31614;3.76976;-2.1;9.24;-1.68;1.00026;0;0;1;0;0.09145
1670690715866;9.58966;-0.35925;4.49545;-4.69;10.92;-0.14;1.00028;0;0;1;0;0.12608
1670690716072;10.38241;-0.39757;5.21156;0;1.19;6.79;1.00032;0;0;1;0;0.1336
1670690716272;10.59317;-0.73288;4.74693;0.42;-3.29;-2.17;1.0003;0;0;1;0;0.32225
1670690716473;7.86524;-0.45505;4.2823;0.49;10.78;-2.24;1.00027;0;0;0;1;0.34903
1670690716674;9.03162;-0.68977;5.12534;-6.02;-8.33;0.7;1.00025;0;0;0;1;0.24749
1670690716877;12.85407;-0.91729;6.21029;0.7;-7.56;-3.01;1.00025;0;0;0;1;0.55273
1670690717080;9.9082;-0.45505;5.05828;7.49;-3.92;1.33;1.00023;0;0;0;1;0.42038
1670690717283;9.88904;-0.69456;4.28948;4.34;-19.38999;0;1.00022;0;0;0;1;0.55527
1670690717484;8.1766;-0.25627;3.17101;8.4;-20.15999;-3.99;1.00024;0;0;0;1;0.73905
1670690717684;7.49402;-0.20118;2.0214;3.36;-26.38999;-1.96;1.00023;0;0;0;1;0.81852
1670690717889;9.4723;-0.06227;1.10889;1.47;-14.21;2.73;1.00018;0;0;0;1;0.81461
1670690718092;9.90101;-0.19879;1.55197;0.98;-5.32;1.75;1.00017;0;0;0;1;0.29933
1670690718294;10.3848;-0.17244;1.78429;1.05;-2.8;1.12;1.00013;0;0;1;0;0.16294
1670690718496;10.10459;-0.26106;1.31966;0.98;-1.05;-2.38;1.00015;0;0;1;0;0.13004
1670690718697;10.18123;-0.21316;1.152;-1.89;4.55;-0.35;1.00013;0;0;1;0;0.10104
1670690718898;10.18362;-0.14849;1.53042;-5.95;8.89;-0.56;1.00012;0;0;1;0;0.0496
1670690719101;8.54304;-0.18921;2.11959;-2.87;14.83999;-2.31;1.00013;0;0;1;0;0.03393
1670690719302;8.23647;-0.13891;2.50998;-3.01;15.81999;-2.1;1.00012;0;0;1;0;0.05347
1670690719508;9.22322;0.06706;3.58774;-4.69;14.35;-1.54;1.0001;0;0;1;0;0.06527
1670690719709;10.0016;-0.34967;3.9446;-1.47;6.79;6.93;1.00011;0;0;1;0;0.08503
1670690719916;10.02795;-0.3377;3.85598;-0.63;6.3;2.87;1.00011;0;0;1;0;0.14131
1670690720119;10.03034;-0.69456;4.73495;-1.47;2.24;0.35;1.0001;0;0;1;0;0.15057
1670690720320;10.52372;-0.64666;5.40077;-4.76;-0.28;1.4;1.00013;0;0;1;0;0.2601
1670690720523;10.08543;-0.39278;4.45713;0.42;1.4;-2.03;1.00013;0;0;1;0;0.30477
1670690720723;8.54304;-0.35686;4.12901;1.68;5.39;0.42;1.00011;0;0;0;1;0.28324
1670690720925;11.03865;-0.68258;4.92177;-4.06;-5.25;1.4;1.0001;0;0;0;1;0.29529
1670690721128;10.81112;-0.53169;5.32173;2.31;0.56;0.63;1.00009;0;0;0;1;0.31862
1670690721332;10.24829;-0.39757;4.79483;6.16;-16.44999;-1.19;1.00008;0;0;0;1;0.34494
1670690721534;9.36453;-0.22753;3.26681;1.19;-18.40999;-2.38;1.0001;0;0;0;1;0.7465
1670690721733;7.83171;-0.34728;2.39981;-1.61;-9.59;-2.66;1.00009;0;0;0;1;0.64871
1670690721941;8.10235;-0.10299;2.37107;3.22;-25.61999;-3.57;1.00008;0;0;0;1;0.43656
1670690722141;10.21715;0.16047;1.46575;1.75;-12.32;0;1.00007;0;0;0;1;0.80316
1670690722343;10.31774;-0.01916;1.43701;-1.33;-4.83;2.59;1.00009;0;0;0;1;0.26788
1670690722560;10.28661;0.00719;1.55197;0.91;-4.06;0.56;1.0001;0;0;1;0;0.12362
1670690722763;10.1932;-0.20118;1.57113;-0.28;0.28;3.64;1.00009;0;0;1;0;0.13918
1670690722962;10.11896;-0.17484;1.6334;0.28;-2.87;1.68;1.00008;0;0;1;0;0.08981
1670690723164;10.32732;-0.01437;1.21428;-2.45;-6.44;-1.05;1.00007;0;0;1;0;0.12765
1670690723365;10.74885;-0.0503;0.88855;-3.43;6.58;-4.2;1.00007;0;0;1;0;0.12473
1670690723568;9.3789;-0.01437;1.55197;1.05;17.63999;5.53;1.00007;0;0;1;0;0.03041
1670690723766;8.2724;0.13173;2.58183;-1.82;17.14999;-1.33;1.00006;0;0;1;0;0.02881
1670690723968;9.54894;0.06467;2.56986;-2.52;17.91999;0.77;1.00003;0;0;1;0;0.06691
1670690724171;10.08543;-0.15328;3.74821;-0.84;19.73999;1.05;1.00003;0;0;1;0;0.03839
1670690724371;9.75731;-0.1437;4.35175;-1.96;14.55999;0.63;1.00004;0;0;1;0;0.04901
1670690724571;9.89143;-0.43589;4.91937;2.87;2.52;1.33;1.00004;0;0;1;0;0.10538
1670690724772;10.61952;-0.71372;5.14929;-1.26;-3.57;1.47;1.00006;0;0;1;0;0.34223
1670690724970;9.82677;-0.46942;4.67268;2.38;0.49;0.35;1.00008;0;0;0;1;0.37215
1670690725176;8.98611;-0.22034;4.58646;-0.35;-1.96;0.7;1.00009;0;0;0;1;0.35589
1670690725380;11.24941;-0.40236;4.99841;-1.75;-1.89;0.28;1.00008;0;0;0;1;0.44949
1670690725582;9.76689;-0.66821;4.35654;-3.92;-5.18;1.68;1.00008;0;0;0;1;0.28937
1670690725782;9.59924;-0.42631;4.73016;6.09;-17.00999;-0.84;1.00009;0;0;0;1;0.35459
1670690725983;8.73703;-0.19879;2.57465;7.35;-25.61999;0.91;1.00008;0;0;0;1;0.78709
1670690726186;8.12151;-0.34249;1.89925;3.92;-20.99999;0.07;1.00007;0;0;0;1;0.8074
1670690726390;9.60642;0.00958;1.13045;1.26;-10.71;-2.8;1.00006;0;0;0;1;0.66613
1670690726591;10.56922;-0.06706;1.48252;-8.26;0.63;-1.05;1.00003;0;0;0;1;0.24142
1670690726801;10.37762;-0.04551;1.3484;-1.89;0.63;2.31;1.00001;0;0;0;1;0.05472
1670690727006;10.04711;-0.14131;1.64777;3.57;-0.07;1.4;1.00002;0;0;0;1;0.07245
1670690727205;10.19081;-0.11496;1.60706;0.77;-0.84;1.47;1.00004;0;0;0;1;0.12294
1670690727408;10.03513;-0.15328;1.70286;1.19;2.45;0.21;1.00006;0;0;0;1;0.10902
1670690727608;10.07824;-0.30177;2.05014;0;0.28;3.29;1.00005;0;0;1;0;0.09319
1670690727809;10.19081;-0.21076;1.93757;2.24;-2.45;2.52;1.00005;0;0;1;0;0.11401
1670690728010;10.30577;-0.12933;1.4921;2.24;2.8;-1.75;1.00005;0;0;1;0;0.14773
1670690728212;10.07106;-0.2395;1.92081;-1.54;0.35;-3.15;1.00005;0;0;1;0;0.08122
1670690728416;10.12614;0.0024;1.7316;-4.41;5.74;-3.08;1.00004;0;0;1;0;0.10699
1670690728619;9.65672;0.10059;2.04535;-0.98;4.06;-2.31;1.00004;0;0;1;0;0.05704
1670690728823;9.25436;-0.47421;1.2023;-2.38;28.69999;-1.82;1.00003;0;0;1;0;0.10479
1670690729027;6.7324;-0.41913;2.72314;-7.7;13.92999;-2.8;1.00002;0;0;1;0;0.00757
1670690729227;9.38608;0.07425;3.95657;-6.3;25.05999;3.5;1.00004;0;0;1;0;0.10198
1670690729432;10.13572;-0.60115;4.90979;3.5;15.60999;1.47;1.00007;0;0;1;0;0.03404
1670690729632;10.01358;-0.05509;5.61153;-2.59;4.13;-1.61;1.00008;0;0;1;0;0.12579
1670690729847;10.45187;-0.87179;6.0091;-1.82;1.4;3.08;1.0001;0;0;0;1;0.34208
1670690730053;10.84944;-0.63947;5.95641;5.11;-9.24;-2.94;1.00012;0;0;0;1;0.35944
1670690730254;10.49019;0.06467;5.60914;9.03;-13.23;-5.67;1.00009;0;0;0;1;0.66601
1670690730454;10.04232;-0.41434;3.86317;8.4;-14.83999;6.3;1.00011;0;0;0;1;0.804
1670690730656;9.8603;-0.05269;3.61169;0.7;-20.78999;3.78;1.00009;0;0;0;1;0.64347
1670690730859;9.10826;-0.26824;2.95785;-3.92;-14.21;4.55;1.00007;0;0;0;1;0.68844
1670690731058;7.60179;-0.30656;2.28485;0.14;-18.61999;-9.03;1.00007;0;0;0;1;0.45926
1670690731259;9.64714;0.13173;1.36516;-0.42;-22.11999;-4.13;1.00006;0;0;0;1;0.67734
1670690731460;9.77647;-0.22274;1.45617;0;-6.02;6.65;1.00002;0;0;0;1;0.48675
1670690731670;10.30816;-0.39518;1.71483;-0.56;-0.84;0.84;1.00003;0;0;1;0;0.15741
1670690731875;10.0495;-0.2419;1.17835;0.28;1.26;-1.19;1.00004;0;0;1;0;0.0977
1670690732080;10.33451;-0.32093;1.41306;-2.31;4.97;2.1;1.00005;0;0;1;0;0.07681
1670690732278;9.2328;-0.39757;0.65863;2.17;0.21;-3.64;1.00004;0;0;1;0;0.04802
1670690732482;7.51797;-0.18921;2.00942;2.52;13.71999;-4.55;1.00003;0;0;1;0;0.0921
1670690732684;9.00767;0.01198;2.71116;-1.19;24.28999;-0.49;1.00004;0;0;1;0;0.10155
1670690732884;9.89383;-0.09101;4.00926;-3.99;16.09999;-1.68;1.00005;0;0;1;0;0.02998
1670690733086;9.61361;0.01198;4.2296;-2.24;7.42;-3.01;1.00008;0;0;1;0;0.07164
1670690733285;10.74645;-0.17484;5.0966;-4.55;12.25;4.48;1.00007;0;0;1;0;0.19088
1670690733491;10.66502;-0.31614;5.42951;-2.24;-1.96;2.17;1.00007;0;0;1;0;0.1112
1670690733691;10.10938;-0.36644;5.21396;-0.35;-0.56;1.61;1.00008;0;0;0;1;0.3776
1670690733895;11.28294;-0.40715;5.3361;1.89;-9.17;0.07;1.00011;0;0;0;1;0.38857
1670690734094;9.99921;-0.24429;3.87514;6.44;-16.09999;1.68;1.00011;0;0;0;1;0.52508
1670690734296;10.2435;-0.33291;3.82964;0.28;-13.79;1.96;1.00013;0;0;0;1;0.67066
1670690734499;8.87355;-0.29698;2.97222;3.15;-19.31999;-3.85;1.00011;0;0;0;1;0.51421
1670690734698;7.72154;0.04311;1.825;6.51;-24.91999;0.63;1.00008;0;0;0;1;0.69311
1670690734900;8.86157;-0.06227;1.64298;2.59;-8.12;2.38;1.00008;0;0;0;1;0.79793
1670690735101;10.00879;-0.29459;1.56634;-0.7;-10.22;0.28;1.00007;0;0;0;1;0.29524
1670690735300;10.10938;-0.2419;1.60706;-2.66;-4.34;-5.6;1.00007;0;0;1;0;0.21079
1670690735502;10.02795;0.11017;0.94124;-1.75;-1.26;-2.17;1.00009;0;0;1;0;0.13011
1670690735709;10.13572;-0.0024;1.01788;-4.27;-0.42;1.61;1.00008;0;0;1;0;0.08547
1670690735906;10.36325;-0.07904;1.21428;-2.66;4.2;1.19;1.00008;0;0;1;0;0.06678
1670690736109;10.26266;-0.02874;0.82389;-4.06;-1.75;5.74;1.00005;0;0;1;0;0.04874
1670690736310;8.55262;-0.33051;0.87179;1.12;14.63;-3.29;1.00005;0;0;1;0;0.06363
1670690736513;7.10123;-0.31375;1.93039;-2.17;17.49999;-1.82;1.00005;0;0;1;0;0.03576
1670690736715;10.68418;-0.11496;3.21891;-1.54;26.31999;7.14;1.00006;0;0;1;0;0.06217
1670690736922;10.39678;-0.1916;3.48954;-3.85;18.89999;0.42;1.00011;0;0;1;0;0.0162
1670690737121;10.51653;-0.38081;4.62957;-1.33;23.16999;1.12;1.00011;0;0;1;0;0.03625
1670690737333;9.93454;-0.16526;4.9074;3.5;2.38;-1.4;1.00013;0;0;0;1;0.04409
1670690737536;9.68546;-0.28501;5.11576;-3.01;-1.47;6.37;1.00014;0;0;0;1;0.3695
1670690737737;11.10571;-0.37123;5.52771;1.12;-4.62;-1.89;1.00014;0;0;0;1;0.39395
1670690737939;9.52499;-0.36165;5.33371;4.55;-4.69;-0.35;1.00013;0;0;0;1;0.45789
1670690738149;10.58359;-0.24908;4.31822;-2.31;-23.37999;5.46;1.00013;0;0;0;1;0.61015
1670690738341;8.52627;-0.64905;3.25244;-1.96;-24.35999;0.42;1.00013;0;0;0;1;0.7122
1670690738544;7.40301;-0.36404;2.44532;6.02;-24.63999;-4.41;1.00012;0;0;0;1;0.75718
1670690738745;9.16335;-0.0958;1.19272;5.18;-16.30999;-2.8;1.00012;0;0;0;1;0.84238
1670690738950;10.30098;-0.06706;1.25978;-4.41;-1.19;3.92;1.00011;0;0;1;0;0.42961
1670690739154;10.47821;-0.37123;1.38672;-1.12;2.73;2.59;1.00009;0;0;1;0;0.0724
1670690739357;10.0998;-0.2898;1.44899;1.26;-4.9;-2.03;1.00008;0;0;1;0;0.05714
1670690739558;10.01597;-0.1461;1.48731;-1.61;0.63;-0.49;1.00004;0;0;1;0;0.14572
1670690739757;10.52132;-0.11496;0.71611;-1.89;11.41;-0.7;1.00003;0;0;1;0;0.08754
1670690739960;5.9133;-0.10299;1.21428;4.27;22.81999;-2.1;1.00006;0;0;1;0;0.02032
1670690740159;8.57896;-0.4814;2.96264;-0.84;8.82;4.55;1.00007;0;0;1;0;0.05989
1670690740359;10.18362;-0.0479;3.68354;-2.38;16.79999;1.19;1.00005;0;0;1;0;0.12322
1670690740566;10.88536;-0.51253;5.29539;-13.37;19.03999;1.12;1.00005;0;0;1;0;0.05641
1670690740763;9.93694;-0.28501;7.79339;1.54;6.72;-3.92;1.00005;0;0;1;0;0.0411
1670690740972;11.93438;-0.63708;5.87259;-0.77;-8.61;3.5;1.00008;0;0;0;1;0.59359
1670690741177;10.32253;-0.60354;5.7696;7.0;-1.26;0.49;1.0001;0;0;0;1;0.46586
1670690741380;9.50823;-0.22034;3.98771;12.32;-14.55999;3.08;1.00011;0;0;0;1;0.53292
1670690741581;9.69983;-0.31854;3.28836;-0.84;-19.59999;1.96;1.00013;0;0;0;1;0.74807
1670690741797;7.81974;-0.21076;2.37346;1.82;-20.78999;-6.02;1.0001;0;0;0;1;0.61077
1670690741982;7.06531;0.17484;1.40827;2.38;-24.21999;-3.43;1.00007;0;0;0;1;0.72908
1670690742185;10.82788;-0.32333;1.28134;-3.5;7.98;-0.21;1.00006;0;0;0;1;0.767
1670690742385;10.77998;-0.30656;1.36756;-0.63;1.05;0.63;1.00007;0;0;1;0;0.02837
1670690742589;10.483;-0.21795;1.32205;-0.91;7.56;-0.98;1.0001;0;0;1;0;0.06269
1670690742787;10.39439;-0.13891;0.95561;-2.1;9.38;-0.56;1.00008;0;0;1;0;0.0395
1670690742984;7.29523;0.06467;2.52675;-0.49;20.15999;2.87;1.00007;0;0;1;0;0.02795
1670690743191;9.17292;0.04311;2.25132;0.91;21.69999;-0.28;1.00008;0;0;1;0;0.06999
1670690743394;10.03274;-0.02156;3.63085;-4.62;9.38;1.19;1.00009;0;0;1;0;0.03194
1670690743601;10.84704;-0.00719;4.45474;-14.76999;5.25;-0.91;1.0001;0;0;1;0;0.09738
1670690743801;10.32253;0.05748;6.22226;-3.22;6.3;2.17;1.00011;0;0;1;0;0.09776
1670690744001;10.89255;-0.44308;5.36245;1.61;-2.03;3.5;1.00011;0;0;1;0;0.33318
1670690744203;11.21348;-0.28501;6.19592;-1.68;-2.45;-4.48;1.00012;0;0;0;1;0.38856
1670690744407;9.46991;0.27782;5.60195;9.8;-14.76999;-2.1;1.00012;0;0;0;1;0.45726
1670690744608;10.04471;-0.0958;3.52307;2.52;-19.10999;8.05;1.00012;0;0;0;1;0.87652
1670690744810;8.61968;-0.20118;2.81415;0.77;-27.15999;0.49;1.00012;0;0;0;1;0.6404
1670690745013;7.87482;-0.10059;1.95673;-0.42;-23.44999;-0.56;1.00012;0;0;0;1;0.80195
1670690745214;9.52739;-0.12694;1.42743;-1.54;-19.87999;-2.59;1.00012;0;0;0;1;0.70536
1670690745419;9.92975;-0.17963;1.87051;-1.54;-2.24;-1.75;1.0001;0;0;0;1;0.42013
1670690745611;10.24829;-0.05988;1.06818;-1.47;3.36;1.33;1.00008;0;0;1;0;0.13462
1670690745820;10.47582;-0.21795;0.98914;2.52;13.37;-1.33;1.00009;0;0;1;0;0.054
1670690746022;7.47725;-0.48379;0.94364;-4.83;12.25;-3.92;1.00009;0;0;1;0;0.02413
1670690746225;8.00655;0;1.35798;-4.9;14.27999;5.53;1.00008;0;0;1;0;0.04688
1670690746427;10.12614;-0.32333;3.365;-11.06;22.46999;0;1.00008;0;0;1;0;0.0416
1670690746629;9.72617;0.11975;4.53377;-2.52;14.27999;-1.4;1.00009;0;0;1;0;0.01854
1670690746832;10.0016;-0.21316;5.26665;-3.29;16.09999;-2.52;1.00012;0;0;1;0;0.12397
1670690747034;10.2435;-0.23711;5.66183;-1.75;13.58;6.37;1.0001;0;0;1;0;0.1223
1670690747248;10.5333;-0.57241;5.97078;5.04;0.63;0.49;1.00009;0;0;0;1;0.16248
1670690747452;10.06148;-0.24669;5.84385;4.27;-6.09;-2.66;1.0001;0;0;0;1;0.47389
1670690747655;10.18841;-0.18202;5.25946;3.01;-17.70999;2.1;1.00013;0;0;0;1;0.6631
1670690747857;9.52739;-0.4814;3.19975;2.24;-25.75999;5.25;1.00011;0;0;0;1;0.78726
1670690748057;9.07712;-0.31854;2.68003;4.27;-24.63999;-5.39;1.0001;0;0;0;1;0.75186
1670690748259;7.67843;-0.01198;1.8777;6.79;-26.87999;-4.97;1.00009;0;0;0;1;0.7592
1670690748464;9.79323;-0.02874;1.15679;-1.54;-11.76;0.49;1.00008;0;0;0;1;0.83777
1670690748660;9.60642;-0.05509;1.32205;-0.56;-3.85;2.17;1.00008;0;0;0;1;0.21701
1670690748869;10.17404;-0.23711;1.46815;0.7;1.05;3.08;1.00006;0;0;1;0;0.13872
1670690749074;10.14291;-0.17244;1.14721;3.99;1.12;-1.54;1.00009;0;0;1;0;0.0844
1670690749277;9.95849;-0.09341;1.42743;-0.91;1.12;-0.07;1.00011;0;0;1;0;0.09021
1670690749477;8.92384;-0.17484;1.55197;1.12;0.21;3.99;1.00009;0;0;1;0;0.08686
1670690749681;12.80617;-0.39757;1.84417;-12.18;14.63;13.3;1.00008;0;0;1;0;0.14082
1670690749880;4.84752;-1.76034;2.11959;-6.44;-7.07;-25.12999;1.00008;0;0;1;0;0.00593
1670690750080;17.58902;1.64538;-0.68019;8.47;11.76;12.11;1.00008;0;0;1;0;0.49807
1670690750283;7.34313;-0.22274;2.09325;-0.7;-9.24;10.29;1.00006;0;0;1;0;0.00214
1670690750482;7.18745;-1.13763;1.24302;8.68;26.45999;3.08;1.00008;0;0;1;0;0.42376
1670690750683;17.86206;-1.89925;6.49769;-13.58;-21.62999;16.30999;1.00007;0;0;1;0;0.02667
1670690750885;2.86444;-1.10889;2.01661;-2.52;-4.69;-15.74999;1.00007;0;0;1;0;0.14415
1670690751084;15.18682;0.51014;0.67779;26.94999;13.64999;-2.38;1.00009;0;0;1;0;0.66625
1670690751289;4.78764;-0.47182;0.96759;-8.05;-17.63999;3.15;1.00008;0;0;1;0;0.01709
1670690751490;11.80984;-0.17244;-1.23344;-31.49999;30.72999;-21.97999;1.00009;0;0;1;0;0.59944
1670690751694;8.20055;-0.75204;5.01278;-43.25998;-3.5;17.28999;1.0001;0;0;1;0;0.00024
1670690751891;7.74549;-1.20469;3.56618;90.71996;28.97999;-3.92;1.00012;0;0;1;0;0.1134
1670690752095;12.38944;-1.83459;3.24765;118.99995;-13.23;25.61999;1.00012;0;0;1;0;0.7931
1670690752301;8.61489;0.52211;-1.8298;58.93998;-3.43;4.55;1.0001;0;0;1;0;0.98816
1670690752500;10.58359;-0.12694;-1.82261;-67.40998;4.62;-8.68;1.0001;0;0;1;0;0.522
1670690752703;9.60163;-1.41067;2.95545;-93.51997;-0.21;0.07;1.00008;0;0;1;0;0.00041
1670690752905;10.97637;-0.41673;4.43318;-9.73;3.36;-1.26;1.0001;0;0;1;0;0.00163
1670690753106;9.87467;-0.02156;1.63819;3.15;-4.9;-3.85;1.0001;0;0;1;0;0.12422
1670690753310;10.02795;0.00958;1.6358;-0.07;0.28;2.59;1.0001;0;0;1;0;0.19525
1670690753510;10.02795;-0.10299;1.87291;3.85;-2.94;1.89;1.00009;0;0;1;0;0.10409
1670690753714;10.16207;-0.53648;1.26936;0.07;1.68;9.73;1.00009;0;0;1;0;0.17245
1670690753918;10.18123;-0.46942;1.8777;-3.64;-0.21;-0.28;1.0001;0;0;1;0;0.06273
1670690754119;9.96328;-0.49098;1.64059;-2.45;-1.33;-4.13;1.00008;0;0;1;0;0.08926
1670690754321;10.25787;-0.37123;1.42504;-5.88;-4.9;-1.75;1.00004;0;0;1;0;0.10219
1670690754522;10.0998;-0.28022;1.61903;-4.55;0.56;-1.4;1.00006;0;0;1;0;0.09782
1670690754717;10.17644;-0.51493;1.45617;1.12;-4.69;0.77;1.00005;0;0;1;0;0.0774
1670690754928;10.31535;-0.3377;1.21667;1.54;-1.33;-0.49;1.00007;0;0;1;0;0.12997
1670690755127;10.14051;-0.32093;1.11368;0.63;0;-0.77;1.00007;0;0;1;0;0.09182
1670690755322;10.11896;-0.30417;1.36516;-0.49;0.35;0.35;1.00006;0;0;1;0;0.08003
1670690755522;10.10459;-0.23711;1.30768;0.91;0.21;-1.4;1.00007;0;0;1;0;0.08274
1670690755723;10.10459;-0.27543;1.2502;-0.63;4.76;0.07;1.00008;0;0;1;0;0.09015
1670690755924;10.4351;-0.09101;0.91729;1.33;5.53;0.21;1.00011;0;0;1;0;0.05451
1670690756125;6.85455;-0.2874;0.99154;-2.1;16.79999;-6.93;1.00009;0;0;1;0;0.04508
1670690756327;8.20294;-0.30896;2.43094;-0.63;28.48999;3.78;1.00011;0;0;1;0;0.04882
1670690756535;9.91059;-0.18202;3.559;-6.23;19.73999;4.62;1.00012;0;0;1;0;0.02163
1670690756739;10.10219;-0.21316;4.95051;-9.03;17.84999;0.84;1.00011;0;0;1;0;0.03516
1670690756945;10.21236;-0.10299;5.74326;-1.47;24.14999;0.84;1.00012;0;0;1;0;0.06654
1670690757145;10.12854;-0.46942;5.84145;-3.71;1.54;3.01;1.00015;0;0;1;0;0.07966
1670690757345;9.84114;-0.72809;5.55884;0.98;-2.87;0.14;1.00013;0;0;1;0;0.36524
1670690757559;10.70334;-0.40715;5.11576;6.86;-10.92;-1.33;1.00014;0;0;0;1;0.50094
1670690757763;10.78238;-0.5269;4.44995;2.03;-9.38;2.24;1.00014;0;0;0;1;0.64912
1670690757964;10.23631;-0.40715;4.01645;0.77;-27.36999;4.41;1.00011;0;0;0;1;0.45342
1670690758164;8.08559;-0.5293;1.98308;0.35;-17.84999;5.67;1.00012;0;0;0;1;0.79633
1670690758366;6.89766;-0.3377;2.12917;0;-20.15999;-8.05;1.0001;0;0;0;1;0.54449
1670690758571;10.43031;-0.05509;1.67172;0.98;-0.7;-7.56;1.00011;0;0;0;1;0.73539
1670690758768;10.26505;-0.194;1.3963;1.54;-5.88;2.8;1.0001;0;0;1;0;0.11341
1670690758968;10.1932;-0.39757;1.32684;-2.94;6.37;1.26;1.00011;0;0;1;0;0.14595
1670690759171;9.38369;-0.3856;1.95913;-2.73;14.13999;-2.87;1.00009;0;0;1;0;0.04102
1670690759371;6.71084;0.11257;2.32556;4.13;16.37999;-1.33;1.00007;0;0;1;0;0.03856
1670690759575;9.70941;-0.10778;3.02251;-3.22;19.80999;4.06;1.00009;0;0;1;0;0.13499
1670690759778;10.05429;-0.63229;4.29427;-6.79;12.74;2.24;1.00008;0;0;1;0;0.03439
1670690759981;10.55485;-0.29459;4.75172;-4.13;10.5;-3.71;1.00009;0;0;1;0;0.07645
1670690760181;10.12614;-0.44068;4.99841;-0.77;12.46;2.52;1.0001;0;0;1;0;0.12351
1670690760386;10.10698;-0.93406;5.83427;1.05;-1.33;2.38;1.00013;0;0;1;0;0.14283
1670690760581;10.18123;-0.63468;5.53489;0.49;-5.67;1.68;1.00013;0;0;0;1;0.4596
1670690760788;10.52132;-0.79275;5.15648;6.79;-11.34;0.07;1.00015;0;0;0;1;0.52852
1670690760989;10.16686;-0.37362;4.45474;3.08;-16.23999;-0.63;1.00014;0;0;0;1;0.65003
1670690761196;8.73703;-0.42631;2.74469;6.3;-27.15999;2.03;1.00012;0;0;0;1;0.68279
1670690761397;7.83171;-0.26585;1.79626;5.39;-13.50999;-0.63;1.00012;0;0;0;1;0.82249
1670690761599;8.79691;-0.60833;1.45138;-1.33;-28.76999;4.69;1.00012;0;0;0;1;0.54063
1670690761801;9.4723;-0.41913;1.41546;1.26;-9.66;0.35;1.00009;0;0;0;1;0.63754
1670690762013;10.289;-0.60594;1.15919;-0.14;0.07;2.94;1.00011;0;0;1;0;0.23254
1670690762216;10.20757;-0.60354;0.92687;-0.56;-0.56;-2.38;1.0001;0;0;1;0;0.06764
1670690762420;10.09022;-0.35446;0.98675;-6.3;1.19;-5.11;1.00009;0;0;1;0;0.06752
1670690762619;9.24717;-0.17484;1.47294;-6.72;15.39999;-1.33;1.00011;0;0;1;0;0.05132
1670690762822;7.08926;-0.16526;2.26569;0;19.59999;0.14;1.0001;0;0;1;0;0.02451
1670690763021;9.25915;-0.03353;2.48364;3.36;20.22999;-2.52;1.00007;0;0;1;0;0.06889
1670690763221;9.73096;0.04551;3.49194;0.07;20.29999;0.91;1.00008;0;0;1;0;0.04439
1670690763423;10.0519;-0.4335;4.0859;-6.44;15.88999;1.4;1.00008;0;0;1;0;0.05113
1670690763624;10.42792;-0.36165;5.31215;-5.53;10.71;-2.52;1.00013;0;0;1;0;0.05727
1670690763828;10.18602;-0.50056;5.0966;-6.09;7.7;5.81;1.00011;0;0;1;0;0.14683
1670690764041;9.59684;-0.65624;5.17085;2.1;-0.84;1.89;1.00013;0;0;0;1;0.16117
1670690764244;10.99314;-0.79754;5.39119;-1.61;-10.71;0.77;1.00013;0;0;0;1;0.44363
1670690764444;10.51653;-0.77599;5.20917;1.4;-9.87;1.19;1.00015;0;0;0;1;0.52005
1670690764647;9.9537;-0.47661;4.12183;10.15;-18.26999;1.4;1.00015;0;0;0;1;0.55812
1670690764845;8.73464;-0.30896;2.69919;12.53;-22.95999;-1.05;1.00014;0;0;0;1;0.76406
1670690765048;8.0784;-0.0982;2.07409;5.74;-25.61999;-2.17;1.00013;0;0;0;1;0.81862
1670690765252;8.59812;-0.95801;0.95561;-7.0;-15.81999;7.07;1.00013;0;0;0;1;0.7999
1670690765452;9.84593;-0.68258;1.34121;-1.96;-6.51;-1.68;1.00011;0;0;0;1;0.2345
1670690765663;10.40157;-0.29219;1.22865;-1.54;4.13;-3.57;1.0001;0;0;1;0;0.13496
1670690765867;10.07824;-0.11736;1.16158;2.45;-3.08;-1.68;1.00007;0;0;1;0;0.05085
1670690766072;10.29619;-0.06706;0.98914;0.07;-3.92;0.14;1.0001;0;0;1;0;0.12297
1670690766268;10.02316;-0.23232;0.93166;-6.16;1.96;-0.49;1.00008;0;0;1;0;0.10226
1670690766468;10.289;-0.07425;1.07536;-1.96;0.14;-3.01;1.00005;0;0;1;0;0.04773
1670690766669;9.99921;-0.24908;1.11608;-0.21;4.62;-2.8;1.00008;0;0;1;0;0.07097
1670690766870;9.10826;0.07904;1.06099;0.21;14.55999;0.84;1.00008;0;0;1;0;0.05646
1670690767073;6.61744;-0.06946;0.67779;2.52;26.17999;0.7;1.00005;0;0;1;0;0.03347
1670690767271;10.0495;-0.27782;1.94476;-7.49;25.12999;8.61;1.00007;0;0;1;0;0.0249
1670690767474;10.43031;-0.61552;4.2296;-6.02;26.38999;2.24;1.00006;0;0;1;0;0.00846
1670690767676;10.30098;-0.35686;4.25595;1.61;11.83;-4.06;1.00007;0;0;1;0;0.02096
1670690767878;10.94284;-0.81431;5.59956;-4.55;7.42;0.35;1.00012;0;0;1;0;0.12381
1670690768080;10.63149;-0.72809;5.59237;0.56;-4.34;1.47;1.0001;0;0;1;0;0.1692
1670690768283;10.19799;-0.45505;5.39119;2.31;-0.49;1.47;1.0001;0;0;0;1;0.46225
1670690768483;9.87706;-0.47661;5.18761;3.08;-5.04;-1.33;1.00008;0;0;0;1;0.42811
1670690768687;9.96568;-0.35925;5.06307;4.62;-18.33999;-1.19;1.00011;0;0;0;1;0.54768
1670690768889;8.90947;-0.12933;3.58774;6.23;-24.14999;0.49;1.00011;0;0;0;1;0.80394
1670690769097;8.11433;-0.37362;2.66566;1.47;-25.05999;3.85;1.00008;0;0;0;1;0.84587
1670690769295;7.97781;-0.2898;1.14003;4.97;-22.39999;-0.63;1.00006;0;0;0;1;0.78067
1670690769495;9.99202;-0.39997;1.70046;-4.2;-3.85;-2.17;1.00007;0;0;0;1;0.63829
1670690769709;10.1477;-0.4335;1.21428;-4.76;1.26;1.68;1.0001;0;0;1;0;0.1183
1670690769913;10.15009;-0.29219;1.56634;-0.49;5.88;-1.12;1.00006;0;0;1;0;0.05547
1670690770117;10.27224;-0.41673;1.54718;2.66;-2.24;-1.61;1.00009;0;0;1;0;0.05723
1670690770317;10.20757;-0.31614;1.28373;0.98;-2.59;-3.15;1.00011;0;0;1;0;0.12069
1670690770518;10.15728;-0.17244;1.40588;-0.28;1.19;-0.63;1.00011;0;0;1;0;0.10845
1670690770720;10.1453;-0.25387;1.81542;0.63;1.68;-0.21;1.0001;0;0;1;0;0.08158
1670690770921;10.15009;-0.06467;1.30768;2.59;-0.77;-1.68;1.00008;0;0;1;0;0.09629
1670690771120;10.19799;-0.17244;1.19032;0.98;0.07;-0.84;1.0001;0;0;1;0;0.10853
1670690771325;10.31774;-0.10299;0.75922;-1.26;6.09;-0.49;1.00007;0;0;1;0;0.08523
1670690771523;7.51078;-0.21555;1.61185;-4.83;13.16;-0.56;1.00004;0;0;1;0;0.03662
1670690771725;8.87594;-0.26345;2.1148;-3.71;16.86999;2.66;1.00009;0;0;1;0;0.06072
1670690771927;9.48667;-0.13891;3.01293;-2.45;19.87999;2.8;1.00008;0;0;1;0;0.03624
1670690772131;10.10938;-0.65863;4.02124;-5.04;12.6;4.2;1.00006;0;0;1;0;0.03816
1670690772331;10.60994;-0.48619;4.60083;-1.82;11.34;-0.28;1.00008;0;0;1;0;0.07129
1670690772528;10.99075;-0.78796;5.18761;-2.66;2.8;-0.35;1.00009;0;0;1;0;0.10992
1670690772748;10.23392;-0.51014;4.29188;2.73;9.17;-0.84;1.0001;0;0;0;1;0.21717
1670690772951;7.47246;-0.47421;4.04519;0.49;4.69;0.7;1.0001;0;0;0;1;0.15614
1670690773155;10.44468;-0.479;4.65592;-3.29;-15.67999;1.89;1.00009;0;0;0;1;0.36035
1670690773353;9.05557;-0.51732;4.51701;1.12;15.46999;0.07;1.00014;0;0;0;1;0.58539
1670690773554;7.6449;-0.54127;4.02363;4.13;-6.58;-0.98;1.00016;0;0;0;1;0.13767
1670690773757;11.52004;-0.61552;4.41881;-7.42;3.08;-2.1;1.00014;0;0;0;1;0.63629
1670690773956;7.42456;-0.16047;4.41402;2.66;11.62;-2.31;1.00014;0;0;0;1;0.11427
1670690774159;8.61968;-0.20358;4.42121;-2.52;-15.04999;4.69;1.00011;0;0;0;1;0.31332
1670690774361;11.14882;-0.39278;4.79004;0.42;8.96;-2.38;1.00012;0;0;0;1;0.70778
1670690774563;7.32397;-0.17005;4.21523;-1.4;2.24;1.4;1.00014;0;0;0;1;0.1405
1670690774764;10.69616;-0.44547;4.94332;-2.94;-15.32999;4.41;1.00012;0;0;0;1;0.43998
1670690774965;8.24845;-0.47182;4.25835;2.03;10.85;-0.77;1.00014;0;0;0;1;0.59188
1670690775176;8.3203;-0.43589;4.31343;-2.17;-8.68;1.82;1.00015;0;0;0;1;0.23133
1670690775367;10.84465;-0.74485;5.07026;-0.7;6.16;2.45;1.00016;0;0;0;1;0.58449
1670690775569;7.84129;-0.54367;4.06195;1.54;2.31;-1.26;1.00015;0;0;0;1;0.18124
1670690775771;10.05669;-0.59157;4.79722;-3.29;-7.63;0.84;1.00014;0;0;0;1;0.39562
1670690775970;8.48555;-0.5748;4.43079;2.66;8.54;1.75;1.00013;0;0;0;1;0.44992
1670690776178;8.46879;-0.65863;4.45713;-2.1;-2.24;2.66;1.00014;0;0;0;1;0.26777
1670690776375;10.40157;-0.71372;5.08463;0.84;3.99;-2.8;1.00015;0;0;0;1;0.42948
1670690776577;7.92752;-0.42631;4.50503;-1.12;3.85;-0.91;1.00013;0;0;0;1;0.26526
1670690776781;10.90213;-0.84784;5.5325;-6.23;-14.13999;2.8;1.00015;0;0;0;1;0.38143
1670690776984;10.68658;-0.99154;5.75763;1.47;0.07;-2.31;1.00014;0;0;0;1;0.55594
1670690777199;9.11065;-0.40236;4.76609;8.89;-24.84999;4.62;1.00012;0;0;0;1;0.3831
1670690777389;9.89862;-0.79515;3.93502;4.69;-17.84999;-0.7;1.00011;0;0;0;1;0.90903
1670690777590;8.24845;-0.26824;2.32317;3.99;-17.70999;-5.18;1.00012;0;0;0;1;0.67316
1670690777791;6.09293;-0.22513;0.88376;1.19;-16.51999;-3.57;1.00007;0;0;0;1;0.6519
1670690778001;10.35846;-0.78078;1.70286;-4.83;3.71;0.91;1.00007;0;0;1;0;0.60055
1670690778212;10.483;-0.6754;1.57832;0.63;0;2.24;1.00008;0;0;1;0;0.04851
1670690778408;10.24829;-0.60115;1.71723;0.14;-4.27;-2.87;1.00007;0;0;1;0;0.07937
1670690778611;9.95849;-0.28022;1.45138;-0.98;-0.14;-0.49;1.00008;0;0;1;0;0.13291
1670690778812;7.04854;-0.21316;1.69807;-4.06;4.9;-7.98;1.00006;0;0;1;0;0.09321
1670690779006;15.78797;0.7688;0.31375;7.98;24.70999;5.25;1.00006;0;0;1;0;0.15659
1670690779210;7.1659;-0.29459;1.78668;-1.26;-12.46;-2.38;1.00006;0;0;1;0;0.00165
1670690779408;13.7522;-0.08143;0.70893;7.91;2.17;1.68;1.00008;0;0;1;0;0.49035
1670690779609;8.2724;-0.1437;1.03944;0.63;-10.5;3.08;1.00008;0;0;1;0;0.02496
1670690779809;11.73081;0.26585;0.43589;4.34;18.05999;-4.83;1.00009;0;0;1;0;0.29407
1670690780010;10.10219;-0.47661;1.7771;-11.55;-4.13;3.15;1.0001;0;0;1;0;0.01019
1670690780225;8.3203;-0.33291;1.06339;7.7;8.82;-8.82;1.00012;0;0;1;0;0.08125
1670690780420;11.62543;-0.63229;1.79147;-2.8;-1.33;5.25;1.00016;0;0;1;0;0.09876
1670690780621;8.1766;-0.45984;1.36756;0.21;-7.0;-4.69;1.00016;0;0;1;0;0.05687
1670690780822;10.01597;-0.15807;1.14961;3.08;10.36;-2.03;1.00015;0;0;1;0;0.26263
1670690781023;10.16925;-0.31135;1.50647;0.14;0.28;0.7;1.00015;0;0;1;0;0.04146
1670690781231;10.94284;-0.14131;0.68977;-1.33;-4.62;4.69;1.00016;0;0;1;0;0.08946
1670690781426;10.39918;-0.36165;1.16398;-2.03;-7.28;3.29;1.00012;0;0;1;0;0.06855
1670690781625;10.2435;-0.37123;1.27176;-3.5;-4.41;-0.07;1.00015;0;0;1;0;0.11612
1670690781830;10.16925;-0.39997;1.19032;0.49;-2.87;-2.1;1.00011;0;0;1;0;0.09707
1670690782033;10.20278;-0.27543;1.01788;-0.49;-2.87;-2.1;1.00011;0;0;1;0;0.10246
1670690782248;10.14051;-0.11736;0.78078;-2.45;-0.7;-0.56;1.00012;0;0;1;0;0.09248
1670690782437;10.15728;-0.26824;0.79275;-4.41;-0.98;2.59;1.00014;0;0;1;0;0.06614
1670690782639;10.3896;-0.24669;1.18074;-1.96;-0.28;1.4;1.00013;0;0;1;0;0.0579
1670690782843;10.33451;-0.26585;0.86939;2.87;1.61;-0.56;1.00014;0;0;1;0;0.06906
1670690783047;10.02076;-0.25387;0.77599;2.24;1.75;0.21;1.00011;0;0;1;0;0.06614
1670690783253;10.27942;-0.16765;1.02267;-2.87;1.68;1.75;1.0001;0;0;1;0;0.06697
1670690783450;10.289;-0.27064;1.08973;-3.57;1.4;1.05;1.00009;0;0;1;0;0.05483
1670690783653;10.25308;-0.31375;1.08255;0.49;-0.42;-1.4;1.00007;0;0;1;0;0.05476
1670690783856;10.28182;-0.26345;1.13763;0.7;1.05;-1.82;1.00006;0;0;1;0;0.0789
1670690784060;10.28182;-0.26106;1.2023;0.07;-3.22;0;1.00006;0;0;1;0;0.07271
1670690784272;10.08064;-0.16526;0.89574;4.27;-3.08;5.18;1.00007;0;0;1;0;0.10198
1670690784468;10.39199;-0.38799;1.02507;-3.43;-1.68;0.84;1.00005;0;0;1;0;0.11132
1670690784668;10.37523;-0.40476;0.9149;-2.31;1.54;0.21;1.00004;0;0;1;0;0.06549
1670690784869;10.37523;-0.37841;0.80233;-3.01;3.64;-2.59;1.00004;0;0;1;0;0.05023
1670690785065;8.51429;-0.25627;0.60594;3.15;20.22999;-4.34;1.00003;0;0;1;0;0.03961
1670690785285;7.53473;0.07425;1.49449;0.98;33.10999;0.21;1.00006;0;0;1;0;0.02217
1670690785476;9.68067;0.02635;2.96024;-4.48;19.80999;3.85;1.00006;0;0;1;0;0.01412
1670690785676;9.87227;-0.61552;4.01884;4.13;13.23;1.33;1.00007;0;0;1;0;0.03283
1670690785879;10.52851;-0.21076;5.79355;-1.26;12.11;-3.22;1.00007;0;0;1;0;0.11505
1670690786076;10.73687;-0.55085;4.91219;0.84;12.6;-0.56;1.00008;0;0;1;0;0.19435
1670690786305;9.87946;-0.19639;5.39119;3.92;5.32;1.89;1.00007;0;0;0;1;0.12181
1670690786509;10.91171;-0.28501;4.94093;1.89;-7.28;0.56;1.00008;0;0;0;1;0.3634
1670690786710;10.0998;-0.37123;5.07984;-1.61;-1.47;1.89;1.00011;0;0;0;1;0.47261
1670690786912;10.11896;-0.29459;4.74932;4.06;-19.03999;-3.36;1.00009;0;0;0;1;0.37722
1670690787112;8.49274;-0.18681;2.52675;4.34;-18.96999;4.62;1.0001;0;0;0;1;0.78175
1670690787322;8.28437;-0.00958;3.03688;-1.4;-14.41999;-1.61;1.00012;0;0;0;1;0.67001
1670690787515;7.99937;-0.02874;1.98787;2.87;-21.13999;-5.32;1.0001;0;0;0;1;0.60541
1670690787713;9.91299;-0.09101;1.37714;-0.7;-9.59;-1.19;1.0001;0;0;0;1;0.70379
1670690787921;10.40636;-0.32572;1.25499;-3.36;-5.11;5.6;1.00008;0;0;1;0;0.20247
1670690788125;10.44947;-0.43829;1.28373;-0.77;-0.14;0.14;1.00006;0;0;1;0;0.09423
1670690788324;9.44117;-0.19879;0.75683;-3.78;15.81999;-3.01;1.00007;0;0;1;0;0.07163
1670690788528;7.81974;0.32572;2.213;-5.32;19.66999;0.35;1.00008;0;0;1;0;0.01832
1670690788727;9.2352;-0.18921;2.70158;-3.08;20.64999;0.28;1.00008;0;0;1;0;0.04602
1670690788930;9.62319;-0.04311;3.05365;1.12;19.31999;3.22;1.00008;0;0;1;0;0.03275
1670690789129;9.60642;-0.20597;4.17931;-2.38;12.88;4.41;1.00008;0;0;1;0;0.04741
1670690789329;10.55964;-0.82149;5.54926;-4.27;-3.78;1.54;1.00007;0;0;1;0;0.10996
1670690789531;10.36325;-0.50535;5.26425;-3.71;7.42;3.99;1.00009;0;0;1;0;0.3848
1670690789733;10.68897;-0.83586;5.43909;-2.38;0.98;2.31;1.00012;0;0;1;0;0.18747
1670690789942;9.00527;-0.42631;4.60083;5.04;-0.98;-5.53;1.00012;0;0;0;1;0.28642
1670690790143;10.58359;-0.26106;5.23791;5.11;-2.03;1.75;1.00014;0;0;0;1;0.49648
1670690790345;10.2435;-0.80952;4.77806;5.18;-1.47;3.29;1.00014;0;0;0;1;0.4583
1670690790547;9.65432;-0.58678;5.29539;-1.75;-14.0;1.54;1.00013;0;0;0;1;0.38236
1670690790750;9.89383;-0.68737;4.06674;1.89;-20.92999;-2.1;1.00015;0;0;0;1;0.69659
1670690790949;8.28198;-0.12933;2.78062;4.41;-15.81999;-5.46;1.00015;0;0;0;1;0.72424
1670690791149;7.40301;-0.0982;1.66693;3.92;-25.05999;-1.82;1.00014;0;0;0;1;0.67462
1670690791351;10.36565;0.02156;1.36995;-2.59;-14.49;-1.12;1.00013;0;0;0;1;0.78097
1670690791551;10.12375;-0.2898;1.13284;0.14;-7.0;2.31;1.00013;0;0;0;1;0.23978
1670690791763;10.50695;-0.14131;1.52802;-1.05;-0.7;-1.47;1.00012;0;0;1;0;0.13731
1670690791967;10.0495;-0.13412;1.00112;1.05;1.47;-4.41;1.00014;0;0;1;0;0.08837
1670690792168;10.04232;-0.11975;1.08494;-4.83;11.41;2.45;1.00013;0;0;1;0;0.07612
1670690792369;8.59094;-0.25148;1.84896;-3.5;8.19;-1.05;1.00011;0;0;1;0;0.0239
1670690792570;7.73591;-0.1916;1.9711;1.82;16.51999;-0.49;1.0001;0;0;1;0;0.07723
1670690792772;9.54415;0.03593;2.84289;-2.45;18.54999;-0.35;1.00007;0;0;1;0;0.06915
1670690792973;9.43638;-0.194;3.53984;-1.61;17.49999;4.06;1.00008;0;0;1;0;0.04165
1670690793173;9.99202;-0.44068;3.96615;-4.97;14.41999;4.34;1.00006;0;0;1;0;0.06186
1670690793375;10.54048;-0.68737;5.63309;-5.18;5.32;2.1;1.00009;0;0;1;0;0.0654
1670690793578;10.22673;-0.70893;5.41274;0.84;5.6;0.14;1.00011;0;0;1;0;0.2207
1670690793779;8.69153;-0.49577;4.5673;4.76;-0.42;-2.1;1.00013;0;0;1;0;0.27511
1670690793980;8.94061;-0.59396;4.58646;-5.18;-0.63;3.5;1.00013;0;0;0;1;0.49082
1670690794183;11.13684;-0.92208;5.59477;-2.17;-4.34;1.82;1.00012;0;0;0;1;0.33723
1670690794388;10.40876;-0.54367;5.22354;9.1;-6.65;-2.03;1.00015;0;0;0;1;0.37378
1670690794587;9.76689;-0.45745;4.24397;3.99;-12.88;2.31;1.00014;0;0;0;1;0.61479
1670690794790;9.09149;-0.23232;3.27639;3.64;-23.51999;-0.77;1.00014;0;0;0;1;0.62117
1670690794993;8.02332;-0.56522;2.16989;-4.27;-17.14999;0.84;1.00014;0;0;0;1;0.78299
1670690795189;8.0808;-0.60115;1.85854;1.33;-22.95999;-1.12;1.00015;0;0;0;1;0.50675
1670690795398;9.87946;-0.39757;1.29571;6.51;-5.6;-6.65;1.00013;0;0;0;1;0.66235
1670690795599;10.03513;-0.1437;1.0562;1.61;-3.92;3.08;1.00012;0;0;0;1;0.19403
1670690795802;10.28661;-0.45745;1.22386;-2.38;-3.64;2.59;1.00012;0;0;0;1;0.11734
1670690796002;10.17165;-0.36644;1.17116;-3.43;-3.43;-1.75;1.00013;0;0;1;0;0.08887
1670690796205;10.03034;-0.38799;1.01549;-3.43;6.93;0.91;1.00011;0;0;1;0;0.08918
1670690796408;10.12854;-0.59875;1.16158;-5.53;8.26;-0.07;1.00013;0;0;1;0;0.03494
1670690796609;8.68913;-0.32093;1.75794;-3.29;13.16;-5.25;1.00012;0;0;1;0;0.02782
1670690796812;7.92033;-0.41913;1.82021;-0.91;15.88999;-1.26;1.00011;0;0;1;0;0.04842
1670690797014;10.31056;0.0479;2.70877;-2.03;15.53999;1.75;1.0001;0;0;1;0;0.05359
1670690797216;9.53457;-0.18202;2.7399;0.49;19.94999;6.23;1.00009;0;0;1;0;0.03967
1670690797419;9.58966;-0.54606;4.13859;-1.75;12.25;-0.21;1.00011;0;0;1;0;0.0364
1670690797622;9.79563;-0.5748;4.7589;-3.78;10.29;-0.42;1.00013;0;0;1;0;0.11273
1670690797825;10.6746;-0.75204;5.24509;-0.63;-1.05;0.98;1.00013;0;0;1;0;0.14664
1670690798025;9.74294;-0.68019;4.70142;5.67;2.8;1.54;1.00013;0;0;1;0;0.33259
1670690798228;10.74406;-0.54367;4.87387;0.49;-3.64;1.82;1.00014;0;0;0;1;0.3413
1670690798430;10.52372;-0.79994;4.88584;5.39;-14.13999;-3.01;1.00014;0;0;0;1;0.36255
1670690798633;10.13093;-0.20358;3.97813;7.84;-19.45999;-2.38;1.00014;0;0;0;1;0.66678
1670690798833;8.29635;-0.22753;2.66087;1.89;-8.89;0.63;1.00013;0;0;0;1;0.75748
1670690799036;8.56938;-0.65624;2.05732;0.84;-19.52999;3.5;1.00014;0;0;0;1;0.45754
1670690799241;9.26154;-0.26106;1.4442;-0.07;-16.02999;0;1.0001;0;0;0;1;0.55289
1670690799441;9.78605;-0.46224;1.31726;-2.17;-5.88;-0.07;1.00011;0;0;0;1;0.3648
1670690799643;10.05669;-0.37602;1.88009;-3.57;-3.5;-2.31;1.0001;0;0;1;0;0.13309
1670690799846;10.1956;-0.1916;1.53281;-4.97;1.75;-0.77;1.00008;0;0;1;0;0.12621
1670690800049;10.12854;-0.22992;1.3963;-0.07;1.68;-1.4;1.00009;0;0;1;0;0.06506
1670690800250;10.15488;-0.10299;1.38193;-1.96;-3.01;-1.47;1.0001;0;0;1;0;0.07889
1670690800453;10.20039;-0.10778;1.41546;-1.68;-0.07;1.33;1.00011;0;0;1;0;0.10796
1670690800654;10.22673;-0.07185;1.39151;1.19;-1.4;0.14;1.00006;0;0;1;0;0.084
1670690800865;10.16925;-0.15807;1.24541;0.7;-2.24;0.91;1.00007;0;0;1;0;0.10683
1670690801060;10.27224;-0.07425;1.19751;0.21;0.21;0.35;1.00007;0;0;1;0;0.10399
1670690801263;10.17165;-0.12454;1.0107;0.07;-1.33;-0.42;1.00007;0;0;1;0;0.08074
1670690801468;10.21476;-0.16047;1.15679;-2.73;-0.21;0.84;1.00007;0;0;1;0;0.08601
1670690801668;10.31774;-0.28501;0.92448;-1.19;3.57;0.84;1.00006;0;0;1;0;0.07103