Time,Ax,Ay,Az,Gx,Gy,Gz,BAR,P,R,UP,DOWN,prob
1671383575009,9.8962,2.4262,1.9663,0.8400,0.0700,7.5600,1.0000,0.0000,0.0000,0,0,0.21
1671383575149,9.6040,2.1962,2.0382,-5.3900,-0.9100,-5.1800,1.0000,0.0000,0.0000,0,0,0.21
1671383575289,9.0364,2.6968,1.6478,-8.5400,-10.5700,-5.5300,1.0000,0.0000,0.0000,0,0,0.38
1671383575427,9.7190,2.7471,2.3112,9.0300,13.6500,4.7600,1.0001,0.0000,0.0000,0,0,0.15
1671383575566,9.8196,2.3256,2.5962,1.1900,-1.1900,-1.1200,1.0001,0.0000,0.0000,0,0,0.31
1671383575697,9.4579,2.2872,2.3016,0.5600,3.6400,-0.9100,1.0001,0.0000,0.0000,0,0,0.22
1671383575829,9.7621,2.3543,2.1843,-2.1000,5.0400,5.6700,1.0001,0.0000,0.0000,0,0,0.15
1671383575960,9.2089,2.2058,2.1603,-7.2800,0.6300,-5.9500,1.0001,0.0000,0.0000,0,0,0.20
1671383576089,9.7429,3.1806,3.4464,11.7600,7.5600,-3.9200,1.0002,0.0000,0.0000,0,0,0.42
1671383576220,9.4412,2.1364,2.6225,-2.4500,-4.1300,3.0100,1.0002,0.0000,0.0000,0,0,0.35
1671383576347,9.5442,2.5746,2.7183,-0.0700,0.6300,2.1700,1.0001,0.0000,0.0000,0,0,0.31
1671383576474,9.5873,2.2609,2.7686,2.1000,2.9400,0.4900,1.0002,0.0000,0.0000,0,0,0.27
1671383576589,9.6088,2.3926,2.8405,6.1600,2.0300,-1.2600,1.0002,0.0000,0.0000,1,0,0.35
1671383576717,9.6519,2.2417,2.6178,1.1900,-0.2800,-1.7500,1.0002,0.0000,0.0000,0,0,0.31
1671383576846,9.8316,2.5291,1.9376,0.0000,-1.8900,3.2200,1.0002,0.0000,0.0000,0,0,0.25
1671383576971,8.5215,1.8897,1.1664,-14.2100,19.9500,-5.8800,1.0002,0.0000,0.0000,0,0,0.02
1671383577096,5.6978,1.0466,2.8022,-8.5400,19.0400,-12.6000,1.0002,0.0000,0.0000,0,0,0.14
1671383577232,5.5588,2.4741,3.5063,2.8700,13.5100,-17.5000,1.0002,0.0000,0.0000,0,0,0.52
1671383577355,8.9214,2.9123,4.8619,-3.2900,47.6700,10.7800,1.0002,0.0000,0.0000,0,0,0.02
1671383577475,9.9321,3.9446,6.3109,12.0400,22.8200,-4.2000,1.0002,0.0000,0.0000,0,0,0.46
1671383577587,8.8592,2.9722,5.4247,0.9100,4.4800,8.2600,1.0002,0.0000,0.0000,0,0,0.62
1671383577702,9.3070,2.8261,5.8199,-11.2700,15.0500,14.8400,1.0002,0.0000,0.0000,0,0,0.24
1671383577827,9.4891,2.5675,7.3048,-2.4500,15.4000,2.9400,1.0003,0.0000,0.0000,0,0,0.50
1671383577945,8.9310,2.5100,5.8894,-4.5500,-3.9200,2.2400,1.0003,0.0000,0.0000,0,0,0.75
1671383578065,8.4089,2.3902,6.4498,2.7300,2.8700,-2.1000,1.0003,0.0000,0.0000,0,0,0.79
1671383578184,8.1191,2.3591,5.7552,3.0800,-0.9100,0.4200,1.0003,0.0000,0.0000,0,1,0.81
1671383578302,7.9587,2.2322,5.7504,-1.1900,2.3100,3.1500,1.0003,0.0000,0.0000,0,0,0.71
1671383578418,7.9587,2.3232,5.5469,1.4700,6.4400,0.5600,1.0003,0.0000,0.0000,0,0,0.65
1671383578536,8.7658,2.3016,6.3755,-3.2900,3.7800,1.4700,1.0003,0.0000,0.0000,0,0,0.67
1671383578656,10.9237,2.9411,8.5071,-10.6400,5.8100,3.3600,1.0003,0.0000,0.0000,0,0,0.65
1671383578774,10.7536,3.2860,8.8544,5.0400,-17.1500,-6.7200,1.0003,0.0000,0.0000,0,0,0.98
1671383578891,9.3070,3.0417,6.5959,13.0900,-23.2400,-9.9400,1.0003,0.0000,0.0000,0,0,0.99
1671383579008,8.3706,2.7231,5.8917,19.8800,-21.9800,0.6300,1.0003,0.0000,0.0000,0,0,0.99
1671383579126,7.1779,2.2513,3.8560,15.2600,-22.6100,5.2500,1.0003,0.0000,0.0000,0,0,0.97
1671383579247,5.6499,1.6071,2.4597,14.8400,-25.9700,5.4600,1.0003,0.0000,0.0000,0,0,0.96
1671383579364,6.1121,1.4274,2.9291,7.9100,-41.7200,0.1400,1.0003,0.0000,0.0000,0,0,0.99
1671383579483,8.0904,2.9076,1.8633,15.8900,-33.0400,-8.1900,1.0003,0.0000,0.0000,0,0,0.96
1671383579600,9.8076,2.8237,1.2909,-3.7800,-14.0700,4.2000,1.0003,0.0000,0.0000,0,0,0.40
1671383579719,9.5897,2.6537,1.9831,-6.5100,-8.6100,-3.7800,1.0003,0.0000,0.0000,0,0,0.35
1671383579838,9.5561,2.9962,1.9112,-5.9500,-14.0000,5.6000,1.0003,0.0000,0.0000,0,0,0.47
1671383579955,9.6088,2.8644,1.9328,-2.7300,7.3500,-1.8200,1.0003,0.0000,0.0000,0,0,0.14
1671383580073,9.6591,3.0824,2.2944,1.4000,7.0700,-1.6800,1.0002,0.0000,0.0000,0,0,0.20
1671383580190,9.4963,3.1902,2.2920,2.5900,1.0500,-3.1500,1.0003,0.0000,0.0000,0,0,0.33
1671383580307,9.1681,2.9818,1.8633,-0.2100,-3.2900,-1.1900,1.0003,0.0000,0.0000,0,0,0.35
1671383580424,9.2568,2.9459,1.7651,-10.2900,3.2900,-2.3800,1.0003,0.0000,0.0000,0,0,0.14
1671383580542,9.9729,3.3578,2.3854,-0.9800,3.2200,-6.0900,1.0003,0.0000,0.0000,0,0,0.24
1671383580659,9.9824,4.0691,2.2992,16.5200,-8.0500,2.1000,1.0002,0.0000,0.0000,0,0,0.70
1671383580778,8.8185,2.6010,1.1879,12.4600,-11.0600,6.9300,1.0002,0.0000,0.0000,0,0,0.58
1671383580895,5.5014,1.8585,0.6946,15.4000,-26.6000,-1.8200,1.0002,0.0000,0.0000,0,0,0.94
1671383581014,6.1792,1.6454,1.2406,-11.9000,19.5300,-20.7200,1.0002,0.0000,0.0000,0,0,0.06
1671383581131,8.5478,4.5649,1.9112,-12.0400,38.9900,-3.9200,1.0002,0.0000,0.0000,0,0,0.01
1671383581248,10.8399,4.0045,3.7482,-4.7600,42.8400,0.6300,1.0002,0.0000,0.0000,0,0,0.01
1671383581366,9.6567,3.4967,3.7865,-12.1100,11.5500,-11.7600,1.0002,0.0000,0.0000,0,0,0.17
1671383581481,8.8735,4.0141,4.2464,-15.1200,15.1900,5.2500,1.0002,0.0000,0.0000,0,0,0.17
1671383581598,9.5561,4.3134,4.3254,-6.0200,15.2600,12.1100,1.0002,0.0000,0.0000,0,0,0.21
1671383581715,10.2579,2.7854,5.3193,-13.5100,21.4200,10.2900,1.0002,0.0000,0.0000,0,0,0.09
1671383581835,10.1453,3.6931,5.8630,-6.4400,10.4300,-0.1400,1.0002,0.0000,0.0000,0,0,0.41
1671383581949,9.1681,3.1950,5.2666,1.3300,6.4400,0.7000,1.0002,0.0000,0.0000,0,0,0.57
1671383582065,8.3730,3.1087,4.7924,2.1700,3.9900,-1.1200,1.0002,0.0000,0.0000,0,1,0.64
1671383582187,8.6388,3.1566,5.2211,2.8700,1.4700,3.9200,1.0003,0.0000,0.0000,0,0,0.72
1671383582306,10.3944,3.7219,6.1744,-5.9500,5.1100,-0.3500,1.0003,0.0000,0.0000,0,0,0.55
1671383582424,11.3356,4.1769,7.1515,-1.2600,-3.7800,1.1900,1.0003,0.0000,0.0000,0,0,0.82
1671383582541,10.8686,3.9781,6.2773,10.3600,-22.1200,-3.0100,1.0003,0.0000,0.0000,0,0,0.97
1671383582660,9.5034,3.5806,4.9601,9.8000,-31.7100,-2.1700,1.0002,0.0000,0.0000,0,0,0.98
1671383582778,7.4892,3.4656,4.0500,13.5100,-38.5000,5.9500,1.0002,0.0000,0.0000,0,0,0.99
1671383582895,6.2821,2.5196,2.0980,20.3000,-24.5700,3.3600,1.0003,0.0000,0.0000,0,0,0.96
1671383583011,5.9349,1.5280,1.2957,20.0200,-24.9900,-14.0700,1.0003,0.0000,0.0000,0,0,0.95
1671383583127,6.9408,2.8046,0.3880,18.6200,-29.9600,-26.8800,1.0003,0.0000,0.0000,0,0,0.95
1671383583242,9.5801,4.5338,0.3329,-9.3800,4.5500,20.0200,1.0002,0.0000,0.0000,0,0,0.08
1671383583360,9.1993,3.9278,2.2034,-4.6200,-16.0300,-2.1000,1.0002,0.0000,0.0000,0,0,0.67
1671383583476,9.0172,3.9015,0.1245,-2.7300,-15.1900,3.4300,1.0002,0.0000,0.0000,0,0,0.43
1671383583593,9.4484,3.9781,1.0251,-4.5500,9.1000,0.9800,1.0002,0.0000,0.0000,1,0,0.10
1671383583711,9.3214,4.0667,1.0203,-1.3300,-2.3100,-0.2100,1.0002,0.0000,0.0000,0,0,0.28
1671383583827,9.0651,3.7841,0.8790,0.4900,0.6300,2.1700,1.0002,0.0000,0.0000,0,0,0.23
1671383583943,9.2615,3.8608,0.5461,-5.2500,3.3600,5.1800,1.0002,0.0000,0.0000,0,0,0.12
1671383584060,9.4076,3.4824,1.1999,-9.8000,9.9400,-0.3500,1.0003,0.0000,0.0000,0,0,0.07
1671383584175,9.5561,4.0117,1.5208,-0.9100,1.0500,4.1300,1.0002,0.0000,0.0000,0,0,0.24
1671383584292,10.0615,3.6764,0.9867,-1.8200,-7.4200,7.6300,1.0002,0.0000,0.0000,0,0,0.28
1671383584408,7.6641,3.0584,0.3521,0.6300,20.4400,-11.6200,1.0003,0.0000,0.0000,0,0,0.06
1671383584516,5.1685,1.8561,1.5352,4.2000,12.9500,0.3500,1.0002,0.0000,0.0000,0,0,0.28
1671383584627,5.9540,2.7040,1.6454,-4.0600,34.8600,-16.9400,1.0002,0.0000,0.0000,0,0,0.04
1671383584742,8.1503,4.4164,2.7854,-13.0200,48.5800,6.4400,1.0002,0.0000,0.0000,0,0,0.01
1671383584858,10.0160,4.2080,4.3709,-10.0100,41.9300,4.2700,1.0002,0.0000,0.0000,0,0,0.02
1671383584975,8.6436,3.7865,5.0224,-11.7600,28.7000,-6.7900,1.0002,0.0000,0.0000,0,0,0.11
1671383585092,8.7969,4.2512,5.4319,-15.1200,18.6900,8.1200,1.0002,0.0000,0.0000,0,0,0.22
1671383585208,8.9167,4.0500,6.4163,-9.8700,4.9000,6.9300,1.0002,0.0000,0.0000,0,0,0.66
1671383585324,9.7094,3.9853,6.3923,-7.3500,1.0500,2.3800,1.0002,0.0000,0.0000,0,0,0.71
1671383585440,9.6280,4.0164,6.7492,0.5600,-17.5700,8.1900,1.0003,0.0000,0.0000,0,0,0.96
1671383585556,8.9238,3.5350,4.5889,9.3100,-7.7000,-8.2600,1.0003,0.0000,0.0000,0,1,0.87
1671383585672,8.2365,3.3363,4.9840,2.8700,-4.4100,3.6400,1.0003,0.0000,0.0000,0,0,0.82
1671383585788,8.0449,3.2860,4.6439,0.9800,3.2200,2.1000,1.0003,0.0000,0.0000,0,0,0.66
1671383585906,9.3430,3.6285,5.0798,-4.2700,2.8000,10.0100,1.0003,0.0000,0.0000,0,0,0.55
1671383586021,11.6111,3.7698,7.0006,-6.3000,8.1900,2.5200,1.0003,0.0000,0.0000,0,0,0.47
1671383586138,10.9596,4.2057,7.2593,8.6800,-17.0800,-7.2100,1.0003,0.0000,0.0000,0,0,0.97
1671383586254,9.8914,3.9422,5.7648,18.5500,-27.7900,-6.8600,1.0003,0.0000,0.0000,0,0,0.99
1671383586374,9.0316,3.7530,4.4667,22.3300,-33.9500,0.9100,1.0003,0.0000,0.0000,0,0,0.99
1671383586491,7.1755,3.3770,2.0669,26.7400,-35.6300,8.1900,1.0003,0.0000,0.0000,0,0,0.99
1671383586607,6.0139,1.4897,1.8154,14.4200,-27.5100,-4.4100,1.0003,0.0000,0.0000,0,0,0.95
1671383586723,5.5325,2.0813,0.8790,13.6500,-59.9200,-15.8200,1.0003,0.0000,0.0000,0,0,1.00
1671383586839,8.1526,4.2895,-1.3412,7.9800,-29.3300,-18.5500,1.0003,0.0000,0.0000,0,0,0.81
1671383586955,8.9286,3.8344,-0.1844,5.8800,-1.4700,5.6000,1.0003,0.0000,0.0000,0,0,0.22
1671383587071,9.0843,4.3709,0.2826,-6.3000,-15.3300,6.7900,1.0003,0.0000,0.0000,0,0,0.43
1671383587187,9.2400,4.3781,-0.6179,1.2600,-5.3900,5.3200,1.0003,0.0000,0.0000,0,0,0.21
1671383587304,9.3094,3.9302,-0.1509,-2.2400,-0.3500,6.3700,1.0003,0.0000,0.0000,1,0,0.14
1671383587419,9.2232,4.0069,-0.2036,-1.4000,1.7500,2.1700,1.0003,0.0000,0.0000,0,0,0.13
1671383587534,9.2520,3.9422,0.1533,0.4900,5.0400,6.5800,1.0003,0.0000,0.0000,0,0,0.12
1671383587650,9.2831,3.6716,-0.1245,-1.8200,4.2000,6.0200,1.0003,0.0000,0.0000,0,0,0.09
1671383587766,9.2448,3.3099,-0.4359,-10.2900,9.3100,-0.7000,1.0003,0.0000,0.0000,0,0,0.03
1671383587883,10.2674,3.8248,0.3856,-17.7800,30.4500,-9.0300,1.0002,0.0000,0.0000,0,0,0.00
1671383587999,10.6028,4.5697,0.8263,-5.7400,-7.1400,5.1800,1.0003,0.0000,0.0000,0,0,0.23
1671383588115,7.5754,3.4584,0.7305,13.3700,6.7900,-1.7500,1.0003,0.0000,0.0000,0,0,0.33
1671383588233,6.0546,2.3806,0.1269,8.4700,17.7100,19.6000,1.0003,0.0000,0.0000,0,0,0.10
1671383588351,5.6690,2.5315,2.2825,-20.8600,49.1400,-19.4600,1.0002,0.0000,0.0000,0,0,0.01
1671383588466,7.1851,3.3961,2.9004,-18.6900,27.5800,0.0000,1.0003,0.0000,0.0000,0,0,0.04
1671383588585,9.6831,4.3158,4.6008,-11.3400,43.8900,10.2900,1.0003,0.0000,0.0000,0,0,0.02
1671383588701,10.5501,3.8751,4.8882,0.4200,15.1900,7.3500,1.0002,0.0000,0.0000,0,0,0.25
1671383588818,9.2927,3.7506,4.0739,1.0500,10.5000,0.8400,1.0002,0.0000,0.0000,0,0,0.36
1671383588934,9.2304,2.9291,3.6476,-19.3900,12.3900,7.6300,1.0002,0.0000,0.0000,0,0,0.09
1671383589051,10.2698,3.6668,5.4463,-30.2400,0.3500,10.5000,1.0002,0.0000,0.0000,0,0,0.26
1671383589167,10.1836,3.6907,7.0917,-13.9300,0.1400,-9.8000,1.0002,0.0000,0.0000,0,0,0.70
1671383589281,9.6974,3.4440,6.2151,3.2900,7.6300,3.0800,1.0002,0.0000,0.0000,0,0,0.65
1671383589398,9.5034,2.8022,5.5588,12.2500,-2.1000,-0.9100,1.0002,0.0000,0.0000,0,1,0.83
1671383589515,8.2173,2.8237,4.1793,8.4700,-6.4400,0.0000,1.0002,0.0000,0.0000,0,0,0.82
1671383589631,10.1669,2.6441,5.1158,-7.0700,5.3900,8.7500,1.0003,0.0000,0.0000,0,0,0.34
1671383589747,11.6206,3.7314,7.3312,2.9400,-0.5600,-9.5900,1.0003,0.0000,0.0000,0,0,0.80
1671383589863,10.6530,3.6332,6.5121,12.6700,-24.2200,-10.5000,1.0003,0.0000,0.0000,0,0,0.98
1671383589980,8.9957,3.8560,4.9313,20.0900,-33.7400,-11.3400,1.0002,0.0000,0.0000,0,0,0.99
1671383590097,7.9778,3.1183,2.9387,16.4500,-33.8100,5.0400,1.0002,0.0000,0.0000,0,0,0.98
1671383590212,6.6534,3.1111,1.9328,17.2200,-32.4100,7.6300,1.0002,0.0000,0.0000,0,0,0.98
1671383590329,5.4702,1.4394,1.2095,12.9500,-36.1200,7.3500,1.0002,0.0000,0.0000,0,0,0.97
1671383590445,6.6414,2.6225,0.0407,13.3700,-29.4000,-10.3600,1.0002,0.0000,0.0000,0,0,0.92
1671383590566,9.9968,4.1482,0.3161,5.8100,3.6400,2.8000,1.0002,0.0000,0.0000,0,0,0.15
1671383590688,9.4675,3.0872,0.9149,-4.4100,-9.5200,-7.2100,1.0002,0.0000,0.0000,0,0,0.32
1671383590804,9.0244,4.2009,0.9029,-7.3500,-12.5300,2.1000,1.0002,0.0000,0.0000,0,0,0.43
1671383590920,9.4268,3.7003,0.9532,-0.9100,8.6800,0.9100,1.0002,0.0000,0.0000,0,0,0.11
1671383591035,9.6256,3.5494,1.0227,-2.3100,-0.4900,1.8900,1.0002,0.0000,0.0000,1,0,0.19
1671383591151,9.4436,3.7698,1.1065,-1.0500,6.8600,-2.1000,1.0002,0.0000,0.0000,0,0,0.14
1671383591267,9.5058,3.6740,0.9891,0.8400,4.3400,-0.2100,1.0002,0.0000,0.0000,0,0,0.16
1671383591382,9.4076,3.6452,1.0538,-3.9200,4.4100,-1.4000,1.0002,0.0000,0.0000,0,0,0.14
1671383591499,9.2711,3.7075,1.3197,-3.0100,1.5400,-1.8200,1.0002,0.0000,0.0000,0,0,0.21
1671383591616,9.2328,3.8201,1.4514,-1.1200,0.4900,1.1900,1.0002,0.0000,0.0000,0,0,0.26
1671383591732,9.1514,3.3770,0.8814,-9.8000,3.2200,-4.5500,1.0002,0.0000,0.0000,0,0,0.11
1671383591847,9.5585,4.2416,1.7460,3.1500,5.6700,-6.3700,1.0002,0.0000,0.0000,0,0,0.25
1671383591963,10.2651,4.7469,2.0238,13.7200,-14.0700,14.4900,1.0002,0.0000,0.0000,0,0,0.75
1671383592080,8.1071,2.5914,-0.4431,-18.8300,26.8100,-3.2200,1.0002,0.0000,0.0000,0,0,0.01
1671383592195,7.0485,2.5723,1.8873,-9.6600,45.7100,8.7500,1.0002,0.0000,0.0000,0,0,0.01
1671383592310,7.6545,2.9890,2.9411,-15.7500,17.7800,-12.1100,1.0002,0.0000,0.0000,0,0,0.10
1671383592426,7.5563,4.0332,3.7722,2.3100,3.1500,-8.1200,1.0002,0.0000,0.0000,0,0,0.68
1671383592540,8.5790,3.3339,2.1843,-3.7800,27.7200,-1.8900,1.0002,0.0000,0.0000,0,0,0.04
1671383592657,8.9382,4.6296,4.2344,-0.7700,34.3000,-3.0800,1.0002,0.0000,0.0000,0,0,0.09
1671383592773,8.5814,4.3039,4.4955,-1.3300,22.8200,-7.4200,1.0002,0.0000,0.0000,0,0,0.24
1671383592888,8.6724,4.6200,4.8739,-2.6600,14.6300,2.5200,1.0002,0.0000,0.0000,0,0,0.42
1671383593004,8.8568,3.9925,4.6823,-7.2100,6.4400,2.1700,1.0002,0.0000,0.0000,0,0,0.47
1671383593121,8.6532,4.2679,5.1613,-2.1000,-0.1400,-3.5700,1.0002,0.0000,0.0000,0,0,0.76
1671383593237,8.2724,3.5829,4.5266,-13.0200,-21.2800,-17.5000,1.0002,0.0000,0.0000,0,0,0.91
1671383593351,7.3767,5.1397,5.6690,-6.5100,4.0600,-1.6100,1.0002,0.0000,0.0000,0,0,0.81
1671383593468,8.5790,4.6871,5.4966,-3.2200,11.7600,5.3200,1.0002,0.0000,0.0000,0,0,0.56
1671383593584,9.0580,4.2392,5.4319,-6.7200,8.2600,5.1100,1.0002,0.0000,0.0000,0,0,0.51
1671383593699,8.1503,4.8308,5.3169,2.5200,-3.6400,-2.4500,1.0002,0.0000,0.0000,0,1,0.89
1671383593816,7.8844,3.9183,5.2762,7.3500,4.9700,1.5400,1.0002,0.0000,0.0000,0,0,0.79
1671383593930,9.6447,4.6871,5.6882,-4.2000,-2.3100,11.6200,1.0002,0.0000,0.0000,0,0,0.75
1671383594046,10.2507,5.2762,7.0629,7.1400,-10.4300,5.8100,1.0002,0.0000,0.0000,0,0,0.96
1671383594162,9.5058,4.5649,5.7672,15.5400,-19.4600,11.5500,1.0002,0.0000,0.0000,0,0,0.98
1671383594278,9.5944,3.6093,4.3015,11.2000,-19.4600,10.5000,1.0002,0.0000,0.0000,0,0,0.93
1671383594393,8.5550,3.5638,3.5207,6.7200,-17.4300,-1.3300,1.0002,0.0000,0.0000,0,0,0.90
1671383594509,8.0113,3.5063,3.2955,2.7300,-20.7900,6.5100,1.0002,0.0000,0.0000,0,0,0.91
1671383594624,8.1455,3.4728,2.4405,9.4500,-20.3000,7.6300,1.0002,0.0000,0.0000,0,0,0.89
1671383594745,7.3815,3.0992,2.1388,-8.1900,-14.9100,6.8600,1.0002,0.0000,0.0000,0,0,0.67
1671383594861,5.9349,1.8705,1.5639,-7.3500,-46.2700,-0.3500,1.0002,0.0000,0.0000,0,0,0.97
1671383594979,10.0184,3.9111,0.9556,11.5500,-11.6900,14.5600,1.0002,0.0000,0.0000,0,0,0.52
1671383595094,9.6735,3.1662,1.0203,-3.5000,-8.3300,-11.9000,1.0002,0.0000,0.0000,0,0,0.31
1671383595209,9.3789,3.5470,0.8095,-3.3600,-16.5900,5.5300,1.0002,0.0000,0.0000,1,0,0.48
1671383595325,9.2903,3.6740,1.5328,-7.4900,20.0900,-10.0800,1.0002,0.0000,0.0000,0,0,0.05
1671383595441,9.3023,3.9494,1.5208,-4.0600,-1.3300,2.5900,1.0002,0.0000,0.0000,0,0,0.27
1671383595557,9.3214,3.6069,1.5951,0.0000,11.2700,-4.4100,1.0002,0.0000,0.0000,0,0,0.13
1671383595674,9.5513,3.8057,1.4705,-1.1200,0.7700,1.2600,1.0002,0.0000,0.0000,0,0,0.24
1671383595790,9.2855,3.6811,1.7244,-3.2900,2.3800,-1.8900,1.0002,0.0000,0.0000,0,0,0.23
1671383595906,9.2065,3.9733,1.8442,-3.6400,1.7500,-2.2400,1.0002,0.0000,0.0000,0,0,0.27
1671383596023,9.1705,3.8368,1.9016,-2.5200,0.2100,1.5400,1.0002,0.0000,0.0000,0,0,0.30
1671383596141,9.2615,3.7746,1.6957,-3.9900,-1.8900,0.1400,1.0002,0.0000,0.0000,0,0,0.30
1671383596259,9.5394,3.6428,1.5184,-0.7700,6.3700,-9.3800,1.0002,0.0000,0.0000,0,0,0.17
1671383596378,9.6591,4.5362,2.0382,0.7000,-10.9200,4.5500,1.0002,0.0000,0.0000,0,0,0.59
1671383596493,8.6556,3.6069,0.8478,8.8200,2.2400,5.3200,1.0002,0.0000,0.0000,0,0,0.29
1671383596609,6.4929,2.2777,0.6059,5.6700,16.1700,15.7500,1.0002,0.0000,0.0000,0,0,0.11
1671383596725,7.3599,2.8309,3.6356,-12.3900,36.9600,-20.9300,1.0002,0.0000,0.0000,0,0,0.04
1671383596841,8.4137,4.1601,3.1830,-0.8400,14.9800,-2.3800,1.0002,0.0000,0.0000,0,0,0.25
1671383596958,8.7155,3.7458,2.4262,4.2000,24.4300,-18.4100,1.0002,0.0000,0.0000,0,0,0.11
1671383597073,8.3730,4.5362,3.7267,-2.3100,24.6400,-3.9200,1.0002,0.0000,0.0000,0,0,0.16
1671383597188,9.0819,4.8595,4.2943,-1.5400,14.0700,7.2800,1.0002,0.0000,0.0000,0,0,0.35
1671383597304,9.1250,4.1314,3.7410,0.9800,1.1200,3.5000,1.0002,0.0000,0.0000,0,0,0.56
1671383597420,8.6173,3.9518,3.5925,-5.9500,17.9200,-12.4600,1.0002,0.0000,0.0000,0,0,0.19
1671383597538,8.3203,4.9553,5.6594,-2.5900,11.6900,-10.3600,1.0002,0.0000,0.0000,0,0,0.66
1671383597653,8.3921,4.8284,4.5481,-3.6400,6.6500,-2.5900,1.0002,0.0000,0.0000,0,0,0.59
1671383597768,8.7131,5.1038,5.4056,-12.0400,9.5200,-0.6300,1.0002,0.0000,0.0000,0,0,0.51
1671383597884,8.8927,4.9146,5.5828,-8.7500,2.2400,3.0100,1.0002,0.0000,0.0000,0,0,0.70
1671383598000,8.4185,5.1086,5.6882,0.7000,-0.1400,0.5600,1.0002,0.0000,0.0000,0,1,0.86
1671383598115,8.4137,4.5601,5.7864,2.5200,1.6800,0.6300,1.0002,0.0000,0.0000,0,0,0.84
1671383598234,9.6711,5.0295,6.1648,1.0500,7.0700,4.6200,1.0002,0.0000,0.0000,0,0,0.71
1671383598350,9.3430,5.6930,6.4498,10.5000,-8.1900,2.5200,1.0002,0.0000,0.0000,0,0,0.96
1671383598465,9.2208,4.5553,5.3457,15.4700,-12.1100,1.8200,1.0002,0.0000,0.0000,0,0,0.95
1671383598580,8.3610,4.4907,4.7254,15.3300,-13.8600,-1.6800,1.0002,0.0000,0.0000,0,0,0.96
1671383598695,7.8389,4.3565,3.9542,11.6200,-28.7000,13.5800,1.0002,0.0000,0.0000,0,0,0.98
1671383598811,6.7683,3.2117,2.8764,3.2900,-30.8000,12.8800,1.0002,0.0000,0.0000,0,0,0.96
1671383598929,6.4282,3.3674,3.2476,12.3900,-33.0400,17.2900,1.0002,0.0000,0.0000,0,0,0.99
1671383599047,6.8138,2.3160,0.3090,6.0200,-51.3800,-1.1900,1.0002,0.0000,0.0000,0,0,0.98
1671383599161,8.4568,3.8751,-0.0263,0.8400,-18.2700,-3.2900,1.0002,0.0000,0.0000,0,0,0.59
1671383599278,9.9633,3.9733,0.7760,-2.0300,-1.6100,4.4100,1.0002,0.0000,0.0000,0,0,0.19
1671383599393,9.3981,4.1985,1.7124,2.4500,-13.0900,2.3800,1.0002,0.0000,0.0000,0,0,0.63
1671383599509,9.2496,3.7889,0.4191,1.8200,-3.2900,-2.0300,1.0002,0.0000,0.0000,0,0,0.26
1671383599625,9.1801,4.0955,1.0969,-4.2000,-10.7100,4.6900,1.0002,0.0000,0.0000,1,0,0.43
1671383599740,9.2376,3.7362,0.7305,-3.3600,-2.2400,1.1900,1.0002,0.0000,0.0000,0,0,0.22
1671383599856,9.3118,3.8823,0.8598,-3.2200,-1.4700,0.7700,1.0002,0.0000,0.0000,0,0,0.22
1671383599972,9.6543,3.7746,0.5796,-4.6200,6.7200,-1.2600,1.0002,0.0000,0.0000,0,0,0.09
1671383600088,10.0064,4.2080,0.7904,-1.6800,7.3500,-5.1100,1.0002,0.0000,0.0000,0,0,0.11
1671383600204,8.9598,3.6572,0.1581,-6.1600,13.3000,-8.3300,1.0002,0.0000,0.0000,0,0,0.05
1671383600320,7.6569,3.6165,0.7880,-9.8000,26.4600,-2.0300,1.0002,0.0000,0.0000,0,0,0.03
1671383600435,5.9205,2.5555,1.3867,-7.8400,14.3500,-14.7700,1.0002,0.0000,0.0000,0,0,0.15
1671383600550,6.5719,3.6596,2.5004,-12.8800,17.2900,-18.7600,1.0002,0.0000,0.0000,0,0,0.17
1671383600665,7.8245,4.4356,1.6765,-14.9800,31.9200,-6.7200,1.0002,0.0000,0.0000,0,0,0.02
1671383600781,8.8137,5.0295,5.0631,-19.9500,32.2000,3.6400,1.0001,0.0000,0.0000,0,0,0.07
1671383600898,9.1562,5.0224,4.5122,-16.5900,8.9600,5.4600,1.0001,0.0000,0.0000,0,0,0.31
1671383601014,8.9310,4.1218,4.9697,-17.8500,4.9000,16.7300,1.0001,0.0000,0.0000,0,0,0.37
1671383601130,9.1514,4.7397,5.3624,0.5600,5.9500,2.8000,1.0002,0.0000,0.0000,0,0,0.67
1671383601246,9.4100,4.2057,5.1804,-4.8300,7.4200,-1.1900,1.0002,0.0000,0.0000,0,0,0.51
1671383601364,9.4052,4.3973,5.8319,-9.0300,4.6900,2.7300,1.0002,0.0000,0.0000,0,0,0.60
1671383601479,9.5633,4.3973,5.9923,-6.7900,4.6900,5.6700,1.0002,0.0000,0.0000,0,1,0.63
1671383601594,8.8616,3.7889,5.2068,-1.8200,-0.9100,-3.0100,1.0002,0.0000,0.0000,0,0,0.74
1671383601711,8.6221,4.0667,5.4822,2.6600,-1.2600,-0.7000,1.0002,0.0000,0.0000,0,0,0.83
1671383601829,9.8866,4.3422,5.9492,5.6700,1.6800,-1.3300,1.0003,0.0000,0.0000,0,0,0.79
1671383601945,9.6088,4.6966,6.4689,15.0500,-8.1200,-11.1300,1.0003,0.0000,0.0000,0,0,0.96
1671383602060,8.6077,4.1218,4.8595,12.9500,-14.3500,-7.7000,1.0003,0.0000,0.0000,0,0,0.96
1671383602176,8.2173,4.7709,5.2451,15.4000,-12.0400,4.2000,1.0003,0.0000,0.0000,0,0,0.97
1671383602292,8.1503,4.0404,3.6692,17.8500,-25.0600,11.2000,1.0003,0.0000,0.0000,0,0,0.98
1671383602407,7.0964,3.7602,2.6010,24.0100,-30.1000,5.8100,1.0003,0.0000,0.0000,0,0,0.99
1671383602523,6.6869,3.1471,1.8633,24.9200,-35.3500,1.6800,1.0003,0.0000,0.0000,0,0,0.99
1671383602638,6.5528,3.2836,0.7880,15.5400,-34.1600,1.6100,1.0002,0.0000,0.0000,0,0,0.97
1671383602753,7.8365,4.2895,0.7449,5.7400,-23.1000,15.2600,1.0002,0.0000,0.0000,0,0,0.83
1671383602869,9.8435,3.8105,-0.2874,1.1200,-10.5700,10.5000,1.0002,0.0000,0.0000,0,0,0.25
1671383602986,9.8866,3.5063,-0.3281,-4.5500,4.8300,-4.1300,1.0002,0.0000,0.0000,0,0,0.06
1671383603103,8.7921,3.8751,1.3795,-9.0300,-0.7700,-6.6500,1.0002,0.0000,0.0000,0,0,0.24
1671383603219,9.4220,4.3613,0.8646,-3.0100,-1.6800,7.7000,1.0002,0.0000,0.0000,1,0,0.23
1671383603334,9.3382,3.9063,1.1041,-1.3300,0.1400,1.6100,1.0002,0.0000,0.0000,0,0,0.23
1671383603449,9.2352,4.4715,1.4897,2.9400,6.7900,4.2000,1.0002,0.0000,0.0000,0,0,0.22
1671383603565,8.8496,4.3039,3.4680,10.7100,64.1200,9.8000,1.0002,0.0000,0.0000,0,0,0.01
1671383603679,9.6591,2.9267,3.1183,18.0600,41.0900,24.7100,1.0002,0.0000,0.0000,0,0,0.03
1671383603795,9.8004,2.3184,2.0837,14.2100,4.8300,-0.0700,1.0002,0.0000,0.0000,0,0,0.29
1671383603911,10.5644,3.5303,2.7183,35.9100,33.6000,6.2300,1.0002,0.0000,0.0000,0,0,0.11
1671383604027,8.9047,3.2692,1.9016,-17.0100,-4.0600,-16.3800,1.0003,0.0000,0.0000,0,0,0.25
1671383604143,8.4185,5.0750,1.8537,-2.7300,-12.8800,-43.4000,1.0003,0.0000,0.0000,0,0,0.78
1671383604258,9.7525,4.7733,0.0742,-67.6200,-45.9900,-24.3600,1.0003,0.0000,0.0000,0,0,0.36
1671383604375,8.3610,3.5470,4.2991,-45.7800,-12.4600,-17.3600,1.0002,0.0000,0.0000,0,0,0.41
1671383604491,8.3442,3.0968,5.0008,-23.6600,-13.0900,9.8700,1.0002,0.0000,0.0000,0,0,0.69
1671383604609,8.1790,3.5829,4.7852,13.8600,-1.7500,23.9400,1.0003,0.0000,0.0000,0,0,0.84
1671383604725,8.9813,2.9746,2.5579,34.9300,10.7100,48.1600,1.0003,0.0000,0.0000,0,0,0.46
1671383604840,10.4016,3.0417,2.5866,31.7100,42.0000,19.6000,1.0003,0.0000,0.0000,0,0,0.03
1671383604956,11.0051,5.3481,2.5770,43.6100,27.7900,-4.4100,1.0002,0.0000,0.0000,0,0,0.30
1671383605072,10.1237,2.2729,-1.1975,-28.8400,-45.0800,-5.8800,1.0002,0.0000,0.0000,0,0,0.43
1671383605188,8.3514,3.2716,2.2657,-9.6600,-16.8000,-31.6400,1.0002,0.0000,0.0000,0,0,0.72
1671383605306,8.6819,3.5015,3.0129,-22.3300,-20.0900,-4.2000,1.0001,0.0000,0.0000,0,0,0.66
1671383605421,8.9909,3.6500,2.2801,-21.8400,12.6700,-0.3500,1.0001,0.0000,0.0000,0,0,0.06
1671383605535,8.3442,2.9507,4.7326,-0.2800,21.2800,19.8800,1.0002,0.0000,0.0000,0,0,0.20
1671383605651,10.2555,2.3639,2.1938,-58.4500,-7.3500,-3.0800,1.0002,0.0000,0.0000,0,0,0.03
1671383605766,8.6724,2.2657,-0.6874,-189.5599,166.8799,-39.3400,1.0002,0.0000,0.0000,0,0,0.00
1671383605883,-0.8694,1.6358,5.0248,-102.4800,364.6999,-52.5700,1.0002,0.0000,0.0000,0,0,0.00
1671383605993,-5.9492,1.4202,13.4888,-35.0000,273.9099,-19.1800,1.0002,0.0000,0.0000,0,0,0.00
1671383606107,-6.4546,3.0489,13.2109,44.6600,103.6000,-4.1300,1.0002,0.0000,0.0000,0,0,0.95
1671383606222,-7.7144,4.5338,13.7809,-20.1600,-191.7299,91.2100,1.0003,0.0000,0.0000,0,0,1.00
1671383606337,-1.8130,2.9531,8.3107,-30.8700,-247.6599,127.4000,1.0003,0.0000,0.0000,0,0,1.00
1671383606454,0.6155,2.7710,6.4642,29.8900,-86.7300,122.0099,1.0003,0.0000,0.0000,0,0,1.00
1671383606569,0.9508,-2.1435,8.2173,-95.4800,-138.6699,-21.5600,1.0002,0.0000,0.0000,0,0,1.00
1671383606686,4.4907,1.0203,5.4798,38.7100,-127.7500,-87.7800,1.0002,0.0000,0.0000,0,0,1.00
1671383606801,7.1467,3.6500,2.5052,27.3000,-97.6500,-32.0600,1.0003,0.0000,0.0000,0,0,1.00
1671383606916,11.2686,3.9662,-0.1030,4.3400,-19.4600,8.8900,1.0002,0.0000,0.0000,0,0,0.39
1671383607031,11.2877,4.8188,2.6537,-7.9800,30.5900,6.2300,1.0002,0.0000,0.0000,0,0,0.02
1671383607146,9.6926,2.4980,4.1027,-9.3100,-6.0200,2.3100,1.0002,0.0000,0.0000,0,0,0.48
1671383607263,8.8448,3.6308,3.1447,0.4200,-21.4900,-16.4500,1.0002,0.0000,0.0000,0,0,0.89
1671383607381,9.0963,5.0487,2.2537,6.6500,4.9700,-3.9900,1.0001,0.0000,0.0000,0,0,0.44
1671383607498,8.2053,3.2045,2.8980,-28.5600,34.8600,35.2800,1.0001,0.0000,0.0000,0,0,0.01
1671383607614,9.6902,2.5363,4.9313,17.0100,-1.4000,0.7700,1.0001,0.0000,0.0000,0,0,0.78
1671383607730,9.0604,3.5183,2.8046,5.8800,-6.6500,-6.7900,1.0001,0.0000,0.0000,0,0,0.66
1671383607848,8.6915,2.9962,3.9039,5.0400,4.4100,1.9600,1.0001,0.0000,0.0000,0,0,0.52
1671383607963,9.2256,3.0153,4.1146,10.1500,-10.3600,-9.6600,1.0001,0.0000,0.0000,0,0,0.85
1671383608078,9.0675,4.6248,2.4717,10.7800,-21.2100,-5.6700,1.0001,0.0000,0.0000,0,0,0.91
1671383608195,8.6867,3.7769,2.4860,-1.1900,0.4900,14.4200,1.0001,0.0000,0.0000,0,0,0.38
1671383608310,9.2208,2.8165,3.2357,-1.6800,-8.4000,11.2000,1.0001,0.0000,0.0000,0,0,0.57
1671383608426,9.4292,3.3411,2.5794,2.1000,-5.6000,2.3100,1.0001,0.0000,0.0000,0,0,0.51
1671383608542,9.3478,3.2261,2.4429,3.0800,-3.4300,4.4100,1.0001,0.0000,0.0000,0,0,0.45
1671383608658,9.5370,3.1734,2.0885,0.8400,-4.9000,0.0700,1.0001,0.0000,0.0000,0,0,0.40
1671383608787,9.4244,3.1830,2.3567,-0.6300,-2.1000,-4.9700,1.0001,0.0000,0.0000,0,0,0.37
1671383608904,9.3358,3.3842,2.4046,-1.1900,-1.4000,-3.1500,1.0001,0.0000,0.0000,0,0,0.37
1671383609020,9.1705,3.3051,2.2154,5.1100,0.9800,-3.7800,1.0001,0.0000,0.0000,0,0,0.39
1671383609135,9.1250,3.5997,2.2513,-1.4000,0.9100,1.4700,1.0001,0.0000,0.0000,1,0,0.33
1671383609250,9.3813,3.4321,2.4357,1.0500,2.9400,1.3300,1.0001,0.0000,0.0000,0,0,0.31
1671383609366,10.3776,3.8392,2.6944,16.0300,-4.2000,-1.1200,1.0001,0.0000,0.0000,0,0,0.62
1671383609482,8.9191,3.0345,0.8359,7.4200,-17.5700,-5.4600,1.0001,0.0000,0.0000,0,0,0.67
1671383609598,6.4689,2.2777,0.6419,-7.3500,16.3800,-12.8800,1.0001,0.0000,0.0000,0,0,0.07
1671383609712,5.2906,1.8226,2.1411,-33.1100,28.9100,-21.4900,1.0001,0.0000,0.0000,0,0,0.02
1671383609828,6.6725,4.6128,3.2117,-10.8500,28.7000,-10.5000,1.0001,0.0000,0.0000,0,0,0.12
1671383609944,8.6915,4.4116,3.7410,-9.1700,25.7600,-3.0100,1.0002,0.0000,0.0000,0,0,0.10
1671383610060,8.3706,4.1434,4.8499,-3.6400,19.8800,-6.4400,1.0002,0.0000,0.0000,0,0,0.31
1671383610175,7.4749,4.7493,5.3553,1.1900,22.0500,-2.6600,1.0002,0.0000,0.0000,0,0,0.48
1671383610290,8.9981,4.3422,4.8236,-11.2700,22.3300,22.4000,1.0002,0.0000,0.0000,0,0,0.14
1671383610405,10.2986,3.8943,6.7444,-23.1700,13.7200,9.1000,1.0002,0.0000,0.0000,0,0,0.23
1671383610520,9.3406,4.5122,6.9575,-17.5000,6.7200,-9.0300,1.0002,0.0000,0.0000,0,0,0.62
1671383610637,8.5646,4.6272,6.9288,-1.4700,-2.5900,-0.7000,1.0002,0.0000,0.0000,0,0,0.91
1671383610753,7.8940,3.4895,5.7576,0.3500,-5.1100,-2.6600,1.0002,0.0000,0.0000,0,1,0.89
1671383610868,7.0150,3.1997,5.2523,-3.2200,0.0700,-0.4200,1.0002,0.0000,0.0000,0,0,0.80
1671383610984,7.1779,3.4680,5.4319,-5.2500,3.9200,0.9800,1.0002,0.0000,0.0000,0,0,0.73
1671383611101,9.0364,3.7674,6.2702,-8.5400,3.9200,3.6400,1.0002,0.0000,0.0000,0,0,0.66
1671383611216,10.6483,4.6487,8.8424,-3.5000,3.7100,-11.2700,1.0002,0.0000,0.0000,0,0,0.88
1671383611333,9.4364,4.9146,8.2748,9.1700,-10.5700,-14.7700,1.0002,0.0000,0.0000,0,0,0.99
1671383611449,8.3323,4.5553,6.8929,23.4500,-10.7800,-11.2000,1.0002,0.0000,0.0000,0,0,0.99
1671383611564,8.0784,4.5721,5.0032,11.9000,-29.8200,0.5600,1.0002,0.0000,0.0000,0,0,0.99
1671383611681,6.7540,4.2679,5.1876,25.4800,-29.1900,2.3800,1.0002,0.0000,0.0000,0,0,1.00
1671383611796,5.9923,3.5039,2.7399,26.5300,-37.1700,5.3900,1.0002,0.0000,0.0000,0,0,1.00
1671383611913,5.2978,2.8118,1.9974,31.7100,-31.2200,2.1000,1.0002,0.0000,0.0000,0,0,0.99
1671383612031,5.8127,2.7375,0.9197,19.3900,-23.3100,0.9100,1.0002,0.0000,0.0000,0,0,0.94
1671383612148,8.9646,4.5553,1.3149,9.5200,3.0100,10.7800,1.0002,0.0000,0.0000,0,0,0.36
1671383612264,9.7070,4.4715,2.3759,0.9800,-6.1600,1.3300,1.0002,0.0000,0.0000,0,0,0.53
1671383612380,8.6556,4.6200,1.8130,9.6600,-33.2500,2.2400,1.0002,0.0000,0.0000,0,0,0.96
1671383612495,8.9286,4.5577,0.6395,6.0900,-10.5700,11.2700,1.0002,0.0000,0.0000,0,0,0.53
1671383612611,9.2735,4.1386,1.5184,0.2100,-5.8800,3.9900,1.0002,0.0000,0.0000,0,0,0.42
1671383612727,8.9454,4.2751,0.7736,-2.5200,-9.8000,2.7300,1.0002,0.0000,0.0000,0,0,0.42
1671383612843,9.2496,3.8416,0.8502,-13.7200,2.4500,3.5000,1.0002,0.0000,0.0000,1,0,0.10
1671383612959,9.1586,4.1458,1.7196,-6.0200,0.7700,3.0100,1.0002,0.0000,0.0000,0,0,0.25
1671383613086,9.1801,3.8392,1.1496,-7.6300,-1.0500,1.6800,1.0002,0.0000,0.0000,0,0,0.20
1671383613203,8.8735,3.7362,1.3915,-12.3900,7.6300,-0.9800,1.0002,0.0000,0.0000,0,0,0.10
1671383613318,10.3393,4.5050,1.1328,2.3800,7.0000,-4.5500,1.0002,0.0000,0.0000,0,0,0.15
1671383613434,10.2339,4.5266,1.4921,10.3600,7.9100,-9.0300,1.0002,0.0000,0.0000,0,0,0.24
1671383613549,7.2833,3.6069,2.3064,9.6600,-7.1400,-6.7200,1.0002,0.0000,0.0000,0,0,0.79
1671383613668,4.2775,1.9879,0.5532,18.9700,22.2600,-9.4500,1.0002,0.0000,0.0000,0,0,0.25
1671383613782,5.7624,3.0081,2.0406,-20.0900,45.9200,5.8100,1.0002,0.0000,0.0000,0,0,0.01
1671383613897,8.1311,4.4643,3.0177,-17.2200,40.3900,-3.5700,1.0002,0.0000,0.0000,0,0,0.02
1671383614013,9.3430,4.7661,5.3145,-22.8900,32.0600,3.2900,1.0002,0.0000,0.0000,0,0,0.05
1671383614128,9.1250,4.3853,4.8739,-18.1300,12.9500,-0.3500,1.0002,0.0000,0.0000,0,0,0.24
1671383614244,8.3682,4.0117,5.6451,-11.4100,14.2800,0.8400,1.0002,0.0000,0.0000,0,0,0.40
1671383614358,8.8304,4.4428,5.8247,-12.1100,16.4500,3.7800,1.0002,0.0000,0.0000,0,0,0.35
1671383614474,9.5944,4.3494,6.4234,-13.6500,12.1100,2.1000,1.0002,0.0000,0.0000,0,0,0.43
1671383614597,10.0447,4.5050,7.6689,-5.4600,-1.5400,5.4600,1.0002,0.0000,0.0000,0,0,0.86
1671383614718,8.2556,3.7722,6.0905,2.8000,-1.4700,-1.8900,1.0002,0.0000,0.0000,0,1,0.88
1671383614834,6.9168,2.9219,4.7829,0.8400,6.1600,-1.3300,1.0002,0.0000,0.0000,0,0,0.68
1671383614949,7.1012,3.0776,4.8379,-2.2400,8.1900,3.2900,1.0002,0.0000,0.0000,0,0,0.60
1671383615065,7.8652,3.1279,5.8415,-3.9200,-2.1700,-2.1000,1.0003,0.0000,0.0000,0,0,0.82
1671383615180,9.9920,4.0979,6.7324,-7.9800,-7.7000,-5.5300,1.0003,0.0000,0.0000,0,0,0.86
1671383615296,11.4195,5.6810,9.5298,5.5300,1.9600,-3.7100,1.0003,0.0000,0.0000,0,0,0.95
1671383615413,9.6783,4.5577,7.3216,23.1000,-15.4700,-15.6100,1.0003,0.0000,0.0000,0,0,0.99
1671383615529,7.8269,4.5050,5.5445,22.8200,-29.3300,-2.5900,1.0003,0.0000,0.0000,0,0,1.00
1671383615645,7.4413,4.2991,4.4811,27.7900,-21.3500,9.4500,1.0003,0.0000,0.0000,0,0,0.99
1671383615760,6.6246,3.5973,2.9890,24.0100,-32.0600,17.0800,1.0003,0.0000,0.0000,0,0,0.99
1671383615875,6.0498,2.1890,2.0980,23.2400,-20.5100,6.1600,1.0003,0.0000,0.0000,0,0,0.95
1671383615991,5.8726,2.3088,1.4658,29.4700,-45.0800,-10.7800,1.0003,0.0000,0.0000,0,0,1.00
1671383616112,7.8533,4.2703,-0.2539,24.9900,-33.3200,-4.3400,1.0002,0.0000,0.0000,0,0,0.96
1671383616236,9.1059,3.9853,0.5652,5.1100,1.9600,8.8200,1.0002,0.0000,0.0000,0,0,0.22
1671383616351,9.3981,4.2009,0.9963,-10.6400,-12.6000,0.8400,1.0002,0.0000,0.0000,0,0,0.37
1671383616468,9.0316,5.0343,0.9963,2.1000,-4.6900,-7.7700,1.0002,0.0000,0.0000,0,0,0.46
1671383616585,8.9430,4.4044,0.6826,-0.5600,-7.4900,-2.0300,1.0002,0.0000,0.0000,1,0,0.40
1671383616702,8.7706,4.6200,0.4024,-2.6600,-4.2700,-1.2600,1.0002,0.0000,0.0000,0,0,0.31
1671383616818,8.7610,4.4140,0.4814,-6.9300,-1.4000,3.7800,1.0002,0.0000,0.0000,0,0,0.21
1671383616934,8.9861,4.4571,1.0203,-4.7600,0.7000,6.5100,1.0002,0.0000,0.0000,0,0,0.22
1671383617052,9.2160,3.9853,0.4311,-13.4400,7.4900,3.2200,1.0002,0.0000,0.0000,0,0,0.06
1671383617168,9.7358,4.4739,0.9173,-10.2900,9.0300,1.4000,1.0002,0.0000,0.0000,0,0,0.07
1671383617283,9.9441,4.4955,1.1089,-9.4500,-3.0800,-1.0500,1.0002,0.0000,0.0000,0,0,0.20
1671383617400,8.4568,3.9111,0.5197,-16.5200,17.9200,-4.1300,1.0002,0.0000,0.0000,0,0,0.03
1671383617516,7.3431,3.5087,1.3628,-23.8000,37.1700,-0.6300,1.0002,0.0000,0.0000,0,0,0.01
1671383617638,4.8212,2.1819,2.1747,-17.5000,21.5600,-12.3200,1.0002,0.0000,0.0000,0,0,0.10
1671383617754,4.7134,3.2764,4.1865,8.9600,21.4200,-15.1900,1.0002,0.0000,0.0000,0,0,0.62
1671383617868,8.1814,4.4356,3.2500,-12.4600,33.2500,14.2100,1.0002,0.0000,0.0000,0,0,0.04
1671383617986,9.5705,5.5181,5.6858,2.3100,24.9900,-0.9800,1.0002,0.0000,0.0000,0,0,0.34
1671383618104,9.3741,4.8882,4.9816,-4.4100,11.6200,-1.2600,1.0002,0.0000,0.0000,0,0,0.44
1671383618220,9.0939,5.1493,6.1624,-6.9300,16.3100,6.5100,1.0002,0.0000,0.0000,0,0,0.47
1671383618336,9.7669,4.2679,5.4247,-19.4600,11.2000,4.1300,1.0002,0.0000,0.0000,0,0,0.25
1671383618453,9.0125,5.0319,6.4737,-11.5500,2.1000,2.1700,1.0002,0.0000,0.0000,0,0,0.76
1671383618568,9.0795,4.4787,6.0139,-5.1100,-4.4100,9.6600,1.0003,0.0000,0.0000,0,0,0.83
1671383618684,8.0209,3.5949,5.2499,-5.2500,-7.9800,4.6900,1.0002,0.0000,0.0000,0,1,0.85
1671383618800,7.1827,3.3818,4.9337,-0.9800,4.2700,-1.6800,1.0002,0.0000,0.0000,0,0,0.72
1671383618915,7.9730,3.5614,5.2571,-4.2000,9.1000,4.6900,1.0003,0.0000,0.0000,0,0,0.56
1671383619030,10.1022,4.3350,6.4450,-0.8400,2.5900,-9.2400,1.0003,0.0000,0.0000,0,0,0.76
1671383619150,10.3345,5.2020,8.0185,6.2300,-0.6300,-12.3900,1.0002,0.0000,0.0000,0,0,0.94
1671383619274,9.1633,4.9625,7.1539,21.9800,-5.2500,-12.7400,1.0002,0.0000,0.0000,0,0,0.98
1671383619390,8.3347,4.5338,5.7097,28.3500,-16.1000,-8.9600,1.0002,0.0000,0.0000,0,0,0.99
1671383619505,7.9012,4.9505,5.2331,21.2100,-25.6900,8.7500,1.0003,0.0000,0.0000,0,0,0.99
1671383619621,7.3431,4.8236,4.8331,33.6700,-26.5300,15.5400,1.0003,0.0000,0.0000,0,0,1.00
1671383619738,5.4990,2.7375,1.0586,27.5100,-24.7100,17.7100,1.0002,0.0000,0.0000,0,0,0.97
1671383619854,5.4511,1.5520,2.2106,18.7600,-16.8000,1.9600,1.0002,0.0000,0.0000,0,0,0.93
1671383619968,7.3216,3.7554,0.4598,20.1600,-48.0200,-7.1400,1.0002,0.0000,0.0000,0,0,0.99
1671383620083,9.1130,5.1397,0.5197,-1.6800,3.7800,9.4500,1.0002,0.0000,0.0000,0,0,0.18
1671383620199,8.5406,4.1817,1.7508,0.6300,-9.4500,-0.2800,1.0002,0.0000,0.0000,0,0,0.61
1671383620315,9.0053,4.9984,0.9939,2.2400,-13.1600,1.4700,1.0002,0.0000,0.0000,0,0,0.63
1671383620431,9.1681,4.6559,0.6634,2.3800,0.5600,1.6800,1.0002,0.0000,0.0000,0,0,0.27
1671383620546,9.0220,4.4332,1.3149,0.7000,-7.7700,-1.4000,1.0002,0.0000,0.0000,1,0,0.50
1671383620665,8.7610,4.6176,0.5437,-0.2100,-3.5000,-0.6300,1.0002,0.0000,0.0000,0,0,0.33
1671383620782,8.7754,4.4595,0.7257,-5.1100,2.3100,3.1500,1.0002,0.0000,0.0000,0,0,0.19
1671383620898,8.7777,4.5122,0.8790,-10.0100,8.3300,4.5500,1.0002,0.0000,0.0000,0,0,0.10
1671383621014,9.0292,4.0883,1.6262,-18.3400,17.0100,4.1300,1.0002,0.0000,0.0000,0,0,0.04
1671383621130,10.4447,5.2068,1.7029,-2.8700,-6.0900,1.8900,1.0002,0.0000,0.0000,0,0,0.38
1671383621247,9.2999,4.4476,0.7808,-0.7700,-10.7800,-5.9500,1.0002,0.0000,0.0000,0,0,0.47
1671383621362,7.6305,3.5470,0.2778,-19.4600,8.7500,-12.1800,1.0002,0.0000,0.0000,0,0,0.06
1671383621477,5.4630,3.2524,2.1172,-18.0600,30.5900,0.0000,1.0002,0.0000,0.0000,0,0,0.04
1671383621595,5.0224,2.2920,1.9256,-6.0900,15.8900,-13.4400,1.0002,0.0000,0.0000,0,0,0.22
1671383621710,6.0402,4.0188,4.0643,-25.9700,38.2200,-5.3900,1.0002,0.0000,0.0000,0,0,0.04
1671383621825,9.1993,5.5253,5.2259,-19.8100,37.1700,6.5800,1.0002,0.0000,0.0000,0,0,0.05
1671383621940,8.8927,4.3877,4.9673,-8.4700,17.0100,0.1400,1.0002,0.0000,0.0000,0,0,0.29
1671383622055,8.2556,5.0056,5.8678,-6.2300,3.4300,3.0800,1.0002,0.0000,0.0000,0,0,0.77
1671383622174,9.3885,4.6128,5.6259,-1.3300,6.0900,7.2800,1.0002,0.0000,0.0000,0,0,0.64
1671383622290,8.8951,4.4835,6.3181,-6.9300,4.8300,1.6100,1.0002,0.0000,0.0000,0,0,0.72
1671383622406,9.1370,4.1434,5.9636,-8.7500,6.7900,2.9400,1.0002,0.0000,0.0000,0,0,0.58
1671383622521,9.1322,4.4571,5.7792,-8.1200,-11.3400,9.7300,1.0002,0.0000,0.0000,0,0,0.87
1671383622637,9.0436,3.6596,5.3768,0.2100,-4.2700,-3.2200,1.0002,0.0000,0.0000,0,1,0.81
1671383622753,7.0629,3.7602,4.0955,-2.2400,-10.6400,-10.1500,1.0002,0.0000,0.0000,0,0,0.88
1671383622869,7.2880,3.6476,4.9625,-6.7900,6.0200,6.0200,1.0002,0.0000,0.0000,0,0,0.62
1671383622984,8.1838,3.8129,5.0631,-5.3900,1.7500,4.8300,1.0002,0.0000,0.0000,0,0,0.67
1671383623100,8.5191,3.8584,5.6594,-4.8300,-2.5200,0.7700,1.0002,0.0000,0.0000,0,0,0.80
1671383623215,10.0878,4.8260,6.9599,2.5200,2.4500,-2.3100,1.0002,0.0000,0.0000,0,0,0.84
1671383623330,10.1285,5.2523,7.2066,10.5700,0.3500,-13.0900,1.0002,0.0000,0.0000,0,0,0.93
1671383623446,8.4736,4.5457,6.2247,20.8600,-4.6900,-8.1200,1.0003,0.0000,0.0000,0,0,0.97
1671383623561,8.4616,4.4260,5.1206,14.2100,-8.7500,-0.7000,1.0002,0.0000,0.0000,0,0,0.94
1671383623687,9.3166,5.4774,5.9947,16.1000,-18.4100,3.9900,1.0003,0.0000,0.0000,0,0,0.98
1671383623808,7.8964,4.1578,4.1146,26.2500,-38.0100,5.6700,1.0003,0.0000,0.0000,0,0,1.00
1671383623924,5.2235,3.4824,1.5424,27.5100,-21.6300,4.4100,1.0003,0.0000,0.0000,0,0,0.98
1671383624041,4.0620,2.0621,1.3364,34.3000,-21.2800,14.1400,1.0003,0.0000,0.0000,0,0,0.98
1671383624150,6.7635,2.6393,-0.9269,20.1600,-23.4500,1.8200,1.0002,0.0000,0.0000,0,0,0.83
1671383624266,9.9369,5.2595,0.6754,-6.3700,-0.9800,22.4000,1.0003,0.0000,0.0000,0,0,0.17
1671383624380,9.5346,3.8799,2.0980,-2.3100,1.7500,-2.2400,1.0003,0.0000,0.0000,0,0,0.28
1671383624496,8.8424,4.2679,1.7987,-4.4800,-14.4200,2.6600,1.0003,0.0000,0.0000,0,0,0.63
1671383624611,9.0628,4.1649,1.5927,-2.3100,5.0400,2.3100,1.0002,0.0000,0.0000,0,0,0.21
1671383624727,9.1586,4.0188,1.5999,-4.8300,-2.4500,4.2000,1.0002,0.0000,0.0000,0,0,0.30
1671383624842,9.2711,4.1937,1.6526,-3.7100,2.9400,2.7300,1.0002,0.0000,0.0000,0,0,0.23
1671383624958,9.3765,4.0284,1.7364,1.4000,0.7700,2.6600,1.0002,0.0000,0.0000,0,0,0.31
1671383625074,9.2951,3.9997,1.1903,1.4000,-0.5600,0.7000,1.0002,0.0000,0.0000,1,0,0.29
1671383625194,9.2520,3.8991,1.5999,-1.1900,-0.3500,3.0100,1.0002,0.0000,0.0000,0,0,0.29
1671383625321,9.3597,3.8680,1.6023,-2.0300,1.6800,0.7000,1.0002,0.0000,0.0000,0,0,0.24
1671383625436,9.4507,3.8153,1.6095,-6.1600,0.2100,-3.6400,1.0002,0.0000,0.0000,0,0,0.23
1671383625551,9.9441,4.5936,2.0286,4.4800,-5.8800,-7.2800,1.0002,0.0000,0.0000,0,0,0.53
1671383625669,8.8448,4.0596,-0.4790,-5.8100,-14.0000,-9.1000,1.0002,0.0000,0.0000,0,0,0.35
1671383625784,6.6965,3.4057,0.1964,-23.3100,38.8500,-14.4200,1.0002,0.0000,0.0000,0,0,0.00
1671383625901,6.2893,1.8849,2.8549,-38.8500,16.5900,-4.3400,1.0002,0.0000,0.0000,0,0,0.04
1671383626018,5.5062,4.1482,3.4752,-15.1200,5.5300,-31.5700,1.0002,0.0000,0.0000,0,0,0.61
1671383626134,7.2162,4.0452,3.4536,-8.7500,23.6600,11.1300,1.0002,0.0000,0.0000,0,0,0.13
1671383626249,9.8771,5.0559,4.9936,-6.6500,34.8600,5.6000,1.0002,0.0000,0.0000,0,0,0.07
1671383626365,8.7155,4.6871,4.3973,-5.4600,18.2700,3.5700,1.0002,0.0000,0.0000,0,0,0.26
1671383626481,8.6580,4.5673,5.0535,-10.7100,5.9500,20.9300,1.0002,0.0000,0.0000,0,0,0.49
1671383626597,9.4771,4.5122,5.8894,-1.3300,16.2400,4.0600,1.0002,0.0000,0.0000,0,0,0.44
1671383626714,9.4963,4.2727,6.1983,-6.2300,-1.2600,9.9400,1.0002,0.0000,0.0000,0,0,0.76
1671383626829,9.6256,4.1051,6.1336,2.3800,0.2800,10.0800,1.0002,0.0000,0.0000,0,0,0.79
1671383626945,9.3430,3.9949,5.4726,8.2600,-14.2100,1.9600,1.0002,0.0000,0.0000,0,0,0.94
1671383627060,8.0712,3.3770,4.9577,7.4200,-3.3600,-6.6500,1.0002,0.0000,0.0000,0,0,0.86
1671383627175,7.6066,3.0992,4.1075,2.8000,2.0300,-6.3700,1.0002,0.0000,0.0000,0,1,0.68
1671383627292,7.5635,3.3458,4.1793,-2.8700,2.8000,2.7300,1.0002,0.0000,0.0000,0,0,0.61
1671383627406,8.6005,3.5159,5.0703,-6.1600,5.3900,4.9000,1.0002,0.0000,0.0000,0,0,0.53
1671383627521,9.9944,3.9709,6.0115,-6.3000,5.2500,3.9200,1.0002,0.0000,0.0000,0,0,0.56
1671383627633,11.0291,3.9446,7.6976,-5.6700,17.4300,-6.3700,1.0002,0.0000,0.0000,0,0,0.44
1671383627750,9.3981,4.6080,6.2869,4.4100,2.1000,-21.9800,1.0002,0.0000,0.0000,0,0,0.86
1671383627867,8.0592,4.1985,5.7864,6.5100,-12.1100,-10.2200,1.0002,0.0000,0.0000,0,0,0.96
1671383627984,8.3490,5.0439,6.2845,6.0900,-24.3600,6.6500,1.0003,0.0000,0.0000,0,0,0.99
1671383628099,7.5778,4.1769,4.6799,12.3200,-18.9700,11.9000,1.0003,0.0000,0.0000,0,0,0.97
1671383628215,6.4258,2.7255,4.1769,20.3000,-7.3500,22.7500,1.0003,0.0000,0.0000,0,0,0.93
1671383628333,6.2366,2.7734,2.8860,21.2800,-22.3300,16.6600,1.0003,0.0000,0.0000,0,0,0.97
1671383628449,6.2318,1.2670,2.0693,33.3200,-29.3300,8.5400,1.0003,0.0000,0.0000,0,0,0.98
1671383628565,9.1993,3.7003,0.7113,7.8400,-17.0100,-0.6300,1.0002,0.0000,0.0000,0,0,0.65
1671383628680,8.9861,4.4643,2.5172,-1.3300,-24.3600,-12.0400,1.0002,0.0000,0.0000,0,0,0.89
1671383628796,8.9741,3.3961,1.9879,2.1700,-14.2800,5.9500,1.0002,0.0000,0.0000,0,0,0.66
1671383628912,9.3118,3.7195,1.5376,0.2100,1.7500,-5.8800,1.0002,0.0000,0.0000,0,0,0.26
1671383629028,9.3070,4.1625,1.9112,0.3500,-2.8700,3.0100,1.0002,0.0000,0.0000,0,0,0.40
1671383629145,9.1394,3.8177,1.7196,2.1000,6.2300,-3.5000,1.0002,0.0000,0.0000,0,0,0.23
1671383629262,9.1346,4.0596,2.2609,-3.6400,5.3200,1.1900,1.0002,0.0000,0.0000,0,0,0.25
1671383629379,9.1035,3.8680,2.3064,-1.0500,-0.2100,3.6400,1.0002,0.0000,0.0000,0,0,0.37
1671383629495,9.1083,3.7769,2.2968,-2.5900,-2.5200,2.5200,1.0002,0.0000,0.0000,1,0,0.40
1671383629609,9.2807,3.8847,2.0956,-2.8700,-0.7700,1.1900,1.0003,0.0000,0.0000,0,0,0.33
1671383629725,9.2184,3.7290,1.7699,-1.1200,1.8200,-3.2200,1.0002,0.0000,0.0000,0,0,0.27
1671383629840,9.6376,4.1338,2.2274,2.5900,6.4400,0.5600,1.0002,0.0000,0.0000,0,0,0.26
1671383629957,9.4076,3.8799,1.6669,1.6800,7.0000,-5.3900,1.0002,0.0000,0.0000,0,0,0.20
1671383630074,8.4640,3.4177,1.7364,-10.0800,17.8500,-6.0900,1.0002,0.0000,0.0000,0,0,0.06
1671383630188,7.3479,3.6476,2.2848,0.0700,15.1900,11.9700,1.0002,0.0000,0.0000,0,0,0.20
1671383630304,6.6510,1.8993,1.7747,-8.7500,4.5500,-11.8300,1.0002,0.0000,0.0000,0,0,0.24
1671383630419,5.8774,3.1471,2.6609,-10.3600,-2.8700,-12.3200,1.0002,0.0000,0.0000,0,0,0.62
1671383630536,8.4903,4.1170,3.4919,-24.5700,32.8300,-7.4200,1.0002,0.0000,0.0000,0,0,0.02
1671383630651,8.7179,5.3074,5.3337,-11.6200,21.1400,2.1000,1.0002,0.0000,0.0000,0,0,0.27
1671383630768,8.9023,3.9254,4.8499,-8.8900,5.1100,9.7300,1.0002,0.0000,0.0000,0,0,0.47
1671383630883,9.2017,4.6344,5.0535,-2.2400,-0.9800,6.4400,1.0002,0.0000,0.0000,0,0,0.73
1671383631006,9.5058,3.9638,4.5410,-7.0700,1.1200,7.2100,1.0002,0.0000,0.0000,0,0,0.50
1671383631125,10.1309,4.0260,5.9971,-14.4200,14.1400,0.6300,1.0002,0.0000,0.0000,0,0,0.27
1671383631239,9.5633,4.4164,5.5493,-9.5200,0.0700,-1.2600,1.0002,0.0000,0.0000,0,0,0.66
1671383631355,8.5957,3.7314,5.4391,9.8700,4.1300,-8.3300,1.0002,0.0000,0.0000,0,0,0.81
1671383631472,7.7407,3.3458,4.4499,0.4200,-9.4500,0.4200,1.0002,0.0000,0.0000,0,0,0.86
1671383631588,8.4353,3.6021,4.3949,0.1400,-2.2400,-1.1900,1.0002,0.0000,0.0000,0,0,0.72
1671383631704,7.8628,3.6740,4.0859,-1.6100,-6.9300,-0.0700,1.0002,0.0000,0.0000,0,0,0.79
1671383631819,8.2916,3.8272,4.5745,-2.4500,2.5900,7.2100,1.0002,0.0000,0.0000,0,1,0.62
1671383631935,8.7131,3.4895,4.5745,-4.1300,6.0200,4.6200,1.0002,0.0000,0.0000,0,0,0.47
1671383632050,8.8448,3.4369,4.6918,-2.5200,5.6000,0.3500,1.0002,0.0000,0.0000,0,0,0.51
1671383632166,8.8592,3.7267,4.8379,-8.5400,1.5400,-0.7700,1.0002,0.0000,0.0000,0,0,0.57
1671383632280,8.2317,4.0284,5.2834,-1.5400,5.1800,-4.4800,1.0002,0.0000,0.0000,0,0,0.70
1671383632395,9.2735,3.5614,5.5253,-4.2700,5.3200,0.7700,1.0003,0.0000,0.0000,0,0,0.57
1671383632518,10.2291,4.6296,6.5408,-0.7000,0.0700,1.1200,1.0003,0.0000,0.0000,0,0,0.80
1671383632640,9.1226,4.3613,6.0211,16.8700,-9.0300,-7.2100,1.0003,0.0000,0.0000,0,0,0.96
1671383632756,8.6700,3.6811,4.8811,12.1800,-14.6300,2.8700,1.0003,0.0000,0.0000,0,0,0.94
1671383632872,8.8185,4.3757,4.9792,14.3500,-13.5800,8.8900,1.0003,0.0000,0.0000,0,0,0.95
1671383632987,8.1047,3.3339,4.1578,16.6600,-22.4700,13.7900,1.0003,0.0000,0.0000,0,0,0.97
1671383633102,6.4258,2.6728,2.5196,16.7300,-29.4700,11.9700,1.0003,0.0000,0.0000,0,0,0.98
1671383633218,5.3936,1.6813,1.5472,-0.2800,-21.7000,7.7000,1.0002,0.0000,0.0000,0,0,0.85
1671383633334,7.8078,2.7112,1.6358,10.2200,-23.1700,6.1600,1.0002,0.0000,0.0000,0,0,0.87
1671383633450,10.6315,3.9973,1.5903,-1.1200,2.5200,18.2700,1.0002,0.0000,0.0000,0,0,0.15
1671383633568,9.4412,2.3112,2.6585,6.5800,-10.5700,-10.4300,1.0002,0.0000,0.0000,0,0,0.64
1671383633683,9.2280,3.7195,1.2143,7.3500,-12.6000,-3.2900,1.0002,0.0000,0.0000,0,0,0.62
1671383633798,9.4627,3.5829,1.5831,3.0100,4.5500,-5.7400,1.0002,0.0000,0.0000,0,0,0.23
1671383633914,9.1657,3.8512,1.5711,1.9600,-8.8900,-4.0600,1.0002,0.0000,0.0000,0,0,0.53
1671383634033,9.1849,3.7961,1.3771,1.9600,3.6400,-2.2400,1.0002,0.0000,0.0000,0,0,0.24
1671383634151,9.5298,3.8248,1.3604,-0.0700,-3.0800,-1.2600,1.0002,0.0000,0.0000,1,0,0.31
1671383634266,9.2879,3.9973,1.6071,1.1200,-3.0800,-3.0100,1.0002,0.0000,0.0000,0,0,0.39
1671383634382,9.2496,3.9350,1.2813,2.7300,-7.9100,-1.3300,1.0002,0.0000,0.0000,0,0,0.47
1671383634498,8.9909,3.6524,0.9987,2.5900,-3.2900,-1.1200,1.0002,0.0000,0.0000,0,0,0.34
1671383634615,8.7610,3.6452,0.7760,-11.8300,-1.2600,3.2200,1.0002,0.0000,0.0000,0,0,0.16
1671383634730,9.2687,3.4057,0.9173,-20.6500,6.6500,1.7500,1.0002,0.0000,0.0000,0,0,0.05
1671383634844,11.0099,5.0750,1.8418,2.3800,6.8600,-0.2800,1.0002,0.0000,0.0000,0,0,0.18
1671383634959,9.2999,3.1997,0.3904,-4.9700,2.5200,-3.5700,1.0002,0.0000,0.0000,0,0,0.11
1671383635078,7.2593,2.8692,1.3771,-22.8200,13.3700,14.9100,1.0002,0.0000,0.0000,0,0,0.05
1671383635192,6.0307,2.2896,1.7220,-13.0900,20.8600,13.5800,1.0002,0.0000,0.0000,0,0,0.06
1671383635309,6.5168,1.7196,3.9542,-4.2700,25.9000,-26.6000,1.0002,0.0000,0.0000,0,0,0.16
1671383635424,8.2484,5.2547,4.3278,4.9000,32.3400,-8.4000,1.0002,0.0000,0.0000,0,0,0.20
1671383635544,9.1346,3.8775,3.9087,4.9000,29.4000,-9.1700,1.0002,0.0000,0.0000,0,0,0.12
1671383635661,8.5095,4.0620,3.8656,-3.9900,16.4500,9.7300,1.0002,0.0000,0.0000,0,0,0.23
1671383635777,9.5370,3.4728,5.2044,-11.9000,10.1500,7.8400,1.0002,0.0000,0.0000,0,0,0.29
1671383635891,8.8065,4.1793,5.4990,-11.6200,1.3300,-13.1600,1.0002,0.0000,0.0000,0,0,0.67
1671383636007,8.8017,4.0500,5.2307,-6.3700,19.8800,0.2100,1.0002,0.0000,0.0000,0,0,0.27
1671383636122,9.5250,4.3949,6.3708,-9.4500,2.5900,3.5000,1.0002,0.0000,0.0000,0,0,0.69
1671383636238,9.2831,3.9398,6.6103,-7.4200,-4.1300,1.6800,1.0002,0.0000,0.0000,0,0,0.83
1671383636353,8.4281,3.3842,5.6834,0.9800,-1.0500,3.7800,1.0003,0.0000,0.0000,0,0,0.81
1671383636469,7.5108,2.9028,4.0620,-5.9500,1.3300,1.6100,1.0003,0.0000,0.0000,0,1,0.57
1671383636579,7.2018,2.9267,4.4691,-11.1300,9.2400,3.5700,1.0003,0.0000,0.0000,0,0,0.40
1671383636688,7.8533,3.1974,5.6475,-8.1200,9.1000,8.0500,1.0002,0.0000,0.0000,0,0,0.53
1671383636801,8.4784,3.2955,5.8917,-1.8200,2.8700,1.8200,1.0002,0.0000,0.0000,0,0,0.73
1671383636916,9.7693,3.6907,6.8857,6.4400,2.1000,6.1600,1.0002,0.0000,0.0000,0,0,0.83
1671383637034,11.3739,3.3626,8.5502,-17.2900,10.8500,-7.9100,1.0003,0.0000,0.0000,0,0,0.48
1671383637151,8.4856,4.4116,7.6736,7.5600,-7.0700,-12.1100,1.0003,0.0000,0.0000,0,0,0.98
1671383637267,8.2053,3.2548,5.9109,18.9700,-7.1400,-2.0300,1.0003,0.0000,0.0000,0,0,0.96
1671383637383,8.5143,3.8296,5.9780,8.4000,-27.0200,10.0800,1.0002,0.0000,0.0000,0,0,0.99
1671383637498,7.7670,3.1806,5.0487,-40.0400,-18.4100,21.1400,1.0002,0.0000,0.0000,0,0,0.65
1671383637614,7.1707,2.8309,5.0224,24.3600,-32.2700,5.9500,1.0002,0.0000,0.0000,0,0,1.00
1671383637729,6.0019,1.9759,2.0693,23.7300,-42.0700,4.2700,1.0002,0.0000,0.0000,0,0,0.99
1671383637845,5.6810,1.7029,1.0610,13.3700,-37.0300,-8.0500,1.0002,0.0000,0.0000,0,0,0.97
1671383637961,9.0987,3.5470,1.2550,8.6800,-9.6600,-0.0700,1.0002,0.0000,0.0000,0,0,0.57
1671383638076,10.2818,3.7338,2.3040,6.7200,0.1400,8.6800,1.0002,0.0000,0.0000,0,0,0.35
1671383638192,9.3166,2.8141,2.0693,7.3500,-9.6600,-10.0800,1.0003,0.0000,0.0000,0,0,0.60
1671383638309,9.0771,3.7650,1.3723,-0.7700,-10.5700,-1.1900,1.0002,0.0000,0.0000,0,0,0.50
1671383638425,9.3238,3.7626,2.0046,-3.9900,5.3900,-8.3300,1.0002,0.0000,0.0000,0,0,0.21
1671383638540,9.2855,4.1865,2.2393,4.5500,-6.8600,-3.8500,1.0002,0.0000,0.0000,0,0,0.60
1671383638658,9.0675,3.6907,1.6190,6.3000,-1.8200,-1.3300,1.0002,0.0000,0.0000,0,0,0.42
1671383638772,9.2879,3.8584,1.8681,1.5400,-6.9300,2.1000,1.0002,0.0000,0.0000,0,0,0.49
1671383638888,9.1466,4.1003,1.7508,3.6400,-6.9300,-0.2800,1.0002,0.0000,0.0000,1,0,0.53
1671383639004,9.1753,3.7003,1.0658,-2.3100,-7.1400,3.5700,1.0002,0.0000,0.0000,0,0,0.35
1671383639119,9.2879,4.1314,1.5855,1.2600,7.0000,1.4700,1.0002,0.0000,0.0000,0,0,0.20
1671383639234,9.0436,3.5758,0.9269,-6.0900,5.6000,6.1600,1.0002,0.0000,0.0000,0,0,0.11
1671383639350,9.4507,2.8453,1.1496,-31.4300,12.2500,9.0300,1.0002,0.0000,0.0000,0,0,0.01
1671383639469,10.3273,4.4212,2.4190,-13.0900,18.4100,-5.8100,1.0002,0.0000,0.0000,0,0,0.05
1671383639585,8.8424,3.4704,1.8609,-8.3300,15.0500,-4.2000,1.0002,0.0000,0.0000,0,0,0.08
1671383639701,7.8509,3.2165,2.5555,-9.8000,24.7800,0.4200,1.0002,0.0000,0.0000,0,0,0.06
1671383639816,5.4247,1.6095,1.9448,-16.6600,14.5600,-1.6800,1.0002,0.0000,0.0000,0,0,0.11
1671383639932,5.0655,1.5496,3.7530,-23.3100,19.2500,-10.9200,1.0002,0.0000,0.0000,0,0,0.14
1671383640050,9.0149,4.5386,4.7517,-11.2700,31.7100,24.2900,1.0002,0.0000,0.0000,0,0,0.06
1671383640166,10.5046,2.9531,6.1121,5.9500,25.9000,7.9100,1.0002,0.0000,0.0000,0,0,0.20
1671383640282,8.5957,2.1316,5.4654,-1.2600,7.9800,1.1200,1.0002,0.0000,0.0000,0,0,0.51
1671383640397,8.8831,2.7782,6.3612,-3.9900,8.3300,5.0400,1.0002,0.0000,0.0000,0,0,0.58
1671383640514,8.5694,2.3783,5.1972,-1.6100,-4.3400,2.4500,1.0002,0.0000,0.0000,0,0,0.74
1671383640628,8.8759,2.6465,6.1145,-11.2700,3.6400,1.3300,1.0002,0.0000,0.0000,0,0,0.56
1671383640743,9.4675,2.8070,7.5132,0.7700,2.4500,-0.2800,1.0002,0.0000,0.0000,0,0,0.82
1671383640858,9.0172,2.9411,7.1898,9.9400,0.0000,-4.4100,1.0002,0.0000,0.0000,0,0,0.91
1671383640974,8.6053,2.6297,5.4726,11.1300,-4.3400,-1.2600,1.0002,0.0000,0.0000,0,0,0.87
1671383641089,7.8389,2.2561,4.9194,-0.0700,-2.3800,-0.2800,1.0002,0.0000,0.0000,0,0,0.74
1671383641205,7.7287,2.5244,4.9074,-3.4300,1.5400,2.8700,1.0002,0.0000,0.0000,0,1,0.65
1671383641321,8.1407,2.4884,5.8295,-2.0300,1.3300,2.0300,1.0002,0.0000,0.0000,0,0,0.73
1671383641437,8.5454,2.4884,5.8127,3.0800,-1.0500,1.9600,1.0003,0.0000,0.0000,0,0,0.79
1671383641559,8.6484,2.5627,5.6403,1.8900,-0.0700,-0.2100,1.0003,0.0000,0.0000,0,0,0.75
1671383641680,8.2461,2.3399,5.1349,-1.7500,8.9600,-4.2700,1.0003,0.0000,0.0000,0,0,0.49
1671383641795,9.7046,2.4238,6.2702,-14.0000,6.3000,2.3800,1.0003,0.0000,0.0000,0,0,0.40
1671383641911,10.6842,3.6045,8.3634,4.6900,-0.7700,-12.4600,1.0003,0.0000,0.0000,0,0,0.91
1671383642026,9.3118,3.4345,7.1898,15.5400,-10.2900,-20.0200,1.0003,0.0000,0.0000,0,0,0.97
1671383642141,8.1526,3.3890,5.8199,20.0900,-14.0700,-20.0200,1.0002,0.0000,0.0000,0,0,0.98
1671383642257,7.7455,3.7171,5.9804,28.8400,-22.7500,0.3500,1.0002,0.0000,0.0000,0,0,1.00
1671383642373,7.9131,3.8009,4.8308,35.2100,-30.0300,11.6900,1.0002,0.0000,0.0000,0,0,1.00
1671383642488,7.2761,3.5279,3.2141,28.9100,-36.4000,10.9200,1.0002,0.0000,0.0000,0,0,0.99
1671383642605,6.5240,2.2274,1.8729,13.3000,-17.7800,12.5300,1.0002,0.0000,0.0000,0,0,0.88
1671383642720,6.0474,0.8239,1.8298,-3.8500,-9.7300,-3.9200,1.0002,0.0000,0.0000,0,0,0.57
1671383642836,8.2532,4.2392,0.9796,2.0300,-10.7100,-6.7900,1.0002,0.0000,0.0000,0,0,0.60
1671383642951,9.9824,4.4116,2.1411,-8.7500,22.9600,17.8500,1.0002,0.0000,0.0000,0,0,0.03
1671383643067,9.0005,3.2548,3.3937,-0.9800,-10.5700,-5.5300,1.0002,0.0000,0.0000,0,0,0.71
1671383643182,9.1202,4.0069,1.6502,-6.5100,0.9100,3.5000,1.0002,0.0000,0.0000,0,0,0.23
1671383643297,9.2735,3.6620,3.2860,6.6500,2.5200,-1.6100,1.0002,0.0000,0.0000,0,0,0.51
1671383643413,9.2089,3.7746,2.1483,3.5700,-6.0200,-1.2600,1.0002,0.0000,0.0000,0,0,0.54
1671383643529,9.1777,3.6572,2.6249,1.6100,-3.1500,0.1400,1.0002,0.0000,0.0000,1,0,0.50
1671383643646,9.2568,3.7865,2.3639,3.0100,-5.2500,-0.0700,1.0002,0.0000,0.0000,0,0,0.53
1671383643761,9.0436,3.6261,2.4142,1.1200,-5.9500,0.6300,1.0002,0.0000,0.0000,0,0,0.54
1671383643875,9.2400,3.8512,2.1028,-1.5400,-9.7300,0.2100,1.0002,0.0000,0.0000,0,0,0.55
1671383643990,9.1370,3.9039,1.7436,2.2400,-10.9900,-0.4900,1.0002,0.0000,0.0000,0,0,0.59
1671383644107,8.9047,3.8081,1.6597,10.9900,-10.5000,0.9800,1.0002,0.0000,0.0000,0,0,0.69
1671383644222,9.5010,3.8177,0.7209,3.7100,0.9800,9.6600,1.0002,0.0000,0.0000,0,0,0.20
1671383644340,10.2459,3.2932,0.5293,-4.7600,31.6400,-1.9600,1.0002,0.0000,0.0000,0,0,0.01
1671383644455,9.1849,4.0476,2.6082,3.6400,11.6200,-5.8100,1.0002,0.0000,0.0000,0,0,0.25
1671383644574,8.5814,3.8392,1.9639,-10.2200,0.9100,2.3800,1.0002,0.0000,0.0000,0,0,0.26
1671383644692,8.5143,3.6572,3.0513,-0.7700,14.8400,7.5600,1.0002,0.0000,0.0000,0,0,0.20
1671383644807,7.3647,2.7016,2.2705,-3.2200,3.2900,8.7500,1.0002,0.0000,0.0000,0,0,0.33
1671383644923,6.1121,1.9663,1.6885,-2.1700,17.6400,-0.3500,1.0002,0.0000,0.0000,0,0,0.13
1671383645040,6.7923,2.3064,3.6548,5.1800,20.1600,-6.1600,1.0002,0.0000,0.0000,0,0,0.29
1671383645155,9.0795,3.4177,3.8177,-5.6000,27.5800,-1.1200,1.0002,0.0000,0.0000,0,0,0.07
1671383645271,9.3813,4.4811,5.1732,-2.4500,17.5000,-0.4200,1.0002,0.0000,0.0000,0,0,0.33
1671383645388,9.6160,3.7674,5.1086,3.2900,10.0100,-1.5400,1.0002,0.0000,0.0000,0,0,0.50
1671383645503,9.2783,3.5494,4.3829,-3.0100,6.1600,7.2100,1.0002,0.0000,0.0000,0,0,0.41
1671383645618,10.2842,3.7722,5.7528,-7.3500,10.9900,8.6100,1.0002,0.0000,0.0000,0,0,0.35
1671383645734,10.5764,3.5877,5.5660,-9.5900,5.2500,-0.9100,1.0002,0.0000,0.0000,0,0,0.40
1671383645849,9.2136,3.6285,5.7241,-8.1900,-0.0700,-3.0800,1.0002,0.0000,0.0000,0,1,0.68
1671383645965,8.6628,3.3075,5.1253,-0.9100,3.6400,-1.6100,1.0002,0.0000,0.0000,0,0,0.64
1671383646081,8.0616,2.9794,4.7134,-3.0100,-1.7500,-3.0100,1.0002,0.0000,0.0000,0,0,0.71
1671383646195,7.0414,2.5651,4.9242,-11.1300,11.1300,-7.9100,1.0002,0.0000,0.0000,0,0,0.43
1671383646302,8.4017,2.6441,5.2451,-17.9200,1.5400,28.4200,1.0002,0.0000,0.0000,0,0,0.40
1671383646416,11.1344,3.5470,6.2750,3.8500,-8.5400,10.0100,1.0002,0.0000,0.0000,0,0,0.83
1671383646530,11.6063,3.3075,7.5659,-5.3200,2.7300,-5.1100,1.0002,0.0000,0.0000,0,0,0.66
1671383646645,10.5620,4.2703,6.8306,12.1100,-14.3500,-11.6900,1.0002,0.0000,0.0000,0,0,0.97
1671383646760,8.9358,3.2572,6.1672,30.5200,-11.2700,-16.6600,1.0002,0.0000,0.0000,0,0,0.98
1671383646877,8.1622,3.3770,4.1003,23.7300,-26.2500,-0.7700,1.0002,0.0000,0.0000,0,0,0.99
1671383646992,7.1635,2.7662,3.3482,11.7600,-12.3200,1.6800,1.0002,0.0000,0.0000,0,0,0.89
1671383647108,6.7132,2.9986,2.5723,13.0200,-12.1800,14.9800,1.0003,0.0000,0.0000,0,0,0.87
1671383647224,5.8558,1.1185,2.2968,13.3000,-30.0300,-1.1900,1.0002,0.0000,0.0000,0,0,0.97
1671383647338,6.7372,2.6202,1.0370,14.5600,-33.3200,-16.8700,1.0002,0.0000,0.0000,0,0,0.97
1671383647454,10.1716,4.3470,1.2430,-20.1600,17.5700,26.4600,1.0002,0.0000,0.0000,0,0,0.02
1671383647571,9.1394,3.1662,3.0441,-2.5200,-13.9300,-4.9000,1.0002,0.0000,0.0000,0,0,0.71
1671383647687,9.3094,3.5782,1.3795,-6.5800,-6.8600,0.8400,1.0002,0.0000,0.0000,0,0,0.32
1671383647802,9.3286,3.7793,2.9938,0.7000,-2.1700,3.5700,1.0002,0.0000,0.0000,0,0,0.50
1671383647920,9.3885,3.6764,1.6142,2.1000,-11.6900,-1.7500,1.0002,0.0000,0.0000,0,0,0.56
1671383648035,9.0460,3.5542,1.7029,3.6400,-8.6800,2.7300,1.0002,0.0000,0.0000,1,0,0.53
1671383648151,9.3837,3.5422,1.5113,-2.8000,0.2800,3.6400,1.0002,0.0000,0.0000,0,0,0.23
1671383648268,9.3981,3.4488,1.7076,2.0300,2.7300,4.5500,1.0002,0.0000,0.0000,0,0,0.24
1671383648384,9.3837,3.1351,1.7340,-5.9500,7.8400,3.3600,1.0002,0.0000,0.0000,0,0,0.11
1671383648500,9.6711,3.5590,2.2489,-4.4800,5.3900,0.9800,1.0002,0.0000,0.0000,0,0,0.19
1671383648616,9.6495,3.3315,1.5735,-3.1500,-5.6000,0.4200,1.0002,0.0000,0.0000,0,0,0.31
1671383648733,9.7405,3.5806,1.6933,-4.2000,5.8800,-7.3500,1.0002,0.0000,0.0000,0,0,0.15
1671383648849,9.2639,3.4129,1.7532,-9.1000,8.9600,-5.4600,1.0002,0.0000,0.0000,0,0,0.11
1671383648965,8.5215,3.4273,2.0837,-13.3700,20.8600,-6.1600,1.0002,0.0000,0.0000,0,0,0.05
1671383649080,6.9096,2.8309,2.7639,2.8000,20.0200,-4.5500,1.0002,0.0000,0.0000,0,0,0.20
1671383649196,5.1421,1.2765,1.7747,-18.4100,16.0300,-13.9300,1.0002,0.0000,0.0000,0,0,0.09
1671383649313,6.8234,4.1985,4.2703,-13.4400,35.5600,2.5200,1.0002,0.0000,0.0000,0,0,0.07
1671383649429,9.9298,3.9494,5.1852,-10.9900,42.8400,14.3500,1.0002,0.0000,0.0000,0,0,0.02
1671383649544,9.0125,3.5662,5.1876,-5.8100,9.7300,-3.1500,1.0002,0.0000,0.0000,0,0,0.44
1671383649659,8.2676,3.2381,5.6259,-6.6500,10.3600,-1.6800,1.0002,0.0000,0.0000,0,0,0.51
1671383649775,8.6197,3.5877,5.4822,3.1500,-7.0000,14.1400,1.0002,0.0000,0.0000,0,0,0.87
1671383649889,8.9574,3.4728,5.2666,-9.5900,-8.5400,6.2300,1.0002,0.0000,0.0000,0,0,0.76
1671383650004,9.5250,3.3387,6.3229,-11.1300,10.5700,4.5500,1.0002,0.0000,0.0000,0,0,0.42
1671383650120,9.7717,3.7171,7.0030,-6.9300,0.1400,-0.2100,1.0002,0.0000,0.0000,0,0,0.77
1671383650238,8.6101,3.1255,5.8319,3.9900,1.4700,0.0000,1.0002,0.0000,0.0000,0,0,0.79
1671383650353,7.7096,2.3663,4.9170,-1.6100,5.5300,-1.6800,1.0002,0.0000,0.0000,0,1,0.59
1671383650469,7.2162,2.6010,5.3074,-1.4000,5.8100,2.1700,1.0002,0.0000,0.0000,0,0,0.67
1671383650588,7.4629,2.7399,5.5085,-1.1200,3.9900,3.1500,1.0002,0.0000,0.0000,0,0,0.72
1671383650706,8.6412,2.4908,5.5924,-5.3900,-1.8900,9.7300,1.0002,0.0000,0.0000,0,0,0.68
1671383650823,10.5333,3.3890,7.2162,-1.6100,4.0600,3.1500,1.0003,0.0000,0.0000,0,0,0.70
1671383650938,11.0410,3.4871,7.7862,0.2100,-4.7600,-10.4300,1.0003,0.0000,0.0000,0,0,0.88
1671383651055,9.3837,3.6069,7.2593,10.2200,-3.6400,-13.3700,1.0003,0.0000,0.0000,0,0,0.94
1671383651171,8.5071,3.2309,5.7959,13.5100,-5.3200,-11.6900,1.0003,0.0000,0.0000,0,0,0.93
1671383651286,8.1407,3.6931,5.6211,13.9300,-18.1300,-2.7300,1.0003,0.0000,0.0000,0,0,0.98
1671383651402,8.3562,3.2812,5.4678,14.0700,-23.2400,4.3400,1.0003,0.0000,0.0000,0,0,0.98
1671383651519,6.8569,3.4345,3.7027,19.9500,-43.1200,4.0600,1.0003,0.0000,0.0000,0,0,1.00
1671383651635,6.0881,2.3711,2.4118,24.4300,-27.3000,1.7500,1.0003,0.0000,0.0000,0,0,0.98
1671383651751,5.9396,2.4142,2.0837,29.8200,-30.8700,10.0800,1.0003,0.0000,0.0000,0,0,0.99
1671383651867,8.1047,2.7878,-0.1892,16.5900,-15.6800,5.9500,1.0002,0.0000,0.0000,0,0,0.64
1671383651983,10.2722,3.2860,2.0453,-10.2200,14.0700,22.4000,1.0002,0.0000,0.0000,0,0,0.04
1671383652098,9.8004,3.7075,1.9472,3.2900,-20.0900,-7.9100,1.0002,0.0000,0.0000,0,0,0.76
1671383652214,9.1945,3.2884,0.9532,-0.0700,-9.8700,-1.4700,1.0002,0.0000,0.0000,0,0,0.40
1671383652329,9.2831,3.5135,1.5592,-4.3400,-1.1200,-2.1000,1.0002,0.0000,0.0000,0,0,0.26
1671383652444,9.4843,3.5327,1.6574,-4.2000,-0.3500,0.1400,1.0002,0.0000,0.0000,1,0,0.24
1671383652560,9.3549,3.7793,1.5759,-3.4300,-0.2800,-2.9400,1.0002,0.0000,0.0000,0,0,0.26
1671383652677,9.1849,3.6213,1.6837,-3.9200,2.0300,2.8000,1.0002,0.0000,0.0000,0,0,0.22
1671383652793,9.2807,3.5566,1.6454,-8.1200,4.4100,1.3300,1.0002,0.0000,0.0000,0,0,0.15
1671383652908,9.5489,3.6356,1.6238,-7.1400,-0.4900,3.5000,1.0002,0.0000,0.0000,0,0,0.21
1671383653025,9.7765,3.4392,1.8130,-5.1800,-8.1900,-0.5600,1.0002,0.0000,0.0000,0,0,0.37
1671383653140,9.7573,3.7506,1.5975,0.4200,-8.6100,1.6100,1.0002,0.0000,0.0000,0,0,0.43
1671383653256,9.2232,3.0872,0.6970,-5.3900,7.2800,-5.3900,1.0002,0.0000,0.0000,0,0,0.09
1671383653371,8.6149,3.1734,1.1879,-15.8900,25.7600,-5.6000,1.0002,0.0000,0.0000,0,0,0.02
1671383653488,7.0150,2.3160,1.6669,-20.3700,25.6900,-8.1900,1.0002,0.0000,0.0000,0,0,0.02
1671383653609,5.2235,2.0334,2.8381,-33.8100,38.5700,-14.5600,1.0002,0.0000,0.0000,0,0,0.01
1671383653726,6.9503,3.7985,4.5721,-21.4200,32.8300,5.9500,1.0002,0.0000,0.0000,0,0,0.06
1671383653841,9.1394,3.8584,5.1661,-0.7700,31.9200,10.2200,1.0002,0.0000,0.0000,0,0,0.11
1671383653956,9.0891,3.2261,5.8582,-3.1500,9.8000,5.7400,1.0002,0.0000,0.0000,0,0,0.51
1671383654072,8.8879,3.7338,5.7145,2.7300,-0.4200,1.0500,1.0002,0.0000,0.0000,0,0,0.81
1671383654191,8.8783,3.2740,5.5684,3.2200,-6.7200,3.5000,1.0002,0.0000,0.0000,0,0,0.86
1671383654308,9.2591,3.5734,5.0343,-8.2600,0.3500,-2.0300,1.0002,0.0000,0.0000,0,0,0.58
1671383654425,9.6711,3.2453,5.8726,-13.3700,7.9800,7.0700,1.0002,0.0000,0.0000,0,0,0.37
1671383654540,9.9681,3.8225,7.0581,-5.8100,5.2500,-2.0300,1.0002,0.0000,0.0000,0,0,0.69
1671383654657,8.7298,3.4800,5.7816,2.7300,-3.1500,0.9800,1.0003,0.0000,0.0000,0,1,0.84
1671383654772,7.4389,2.6202,4.2775,5.6000,-1.1200,-2.8000,1.0002,0.0000,0.0000,0,0,0.76
1671383654889,7.1515,2.6704,4.8715,0.4200,0.7000,6.6500,1.0002,0.0000,0.0000,0,0,0.74
1671383655003,7.9155,2.9099,5.3624,1.3300,-0.2100,12.3200,1.0002,0.0000,0.0000,0,0,0.77
1671383655119,8.9909,2.6178,5.0727,5.7400,2.3800,8.6100,1.0002,0.0000,0.0000,0,0,0.65
1671383655234,9.7573,3.0441,6.1552,-5.3900,-1.9600,7.7700,1.0002,0.0000,0.0000,0,0,0.70
1671383655348,10.8614,3.5015,7.4509,2.9400,1.1200,2.1700,1.0002,0.0000,0.0000,0,0,0.80
1671383655464,11.2925,3.3171,6.7468,13.3000,-10.1500,-4.6900,1.0002,0.0000,0.0000,0,0,0.92
1671383655580,9.8483,3.0632,5.5948,11.1300,-9.3800,-15.6100,1.0002,0.0000,0.0000,0,0,0.90
1671383655695,8.6245,2.5986,5.0703,3.7100,-30.3100,-13.5800,1.0002,0.0000,0.0000,0,0,0.98
1671383655811,8.5526,4.0188,4.5697,13.7900,-26.3200,5.4600,1.0002,0.0000,0.0000,0,0,0.98
1671383655926,8.1958,3.3219,3.0704,19.4600,-31.9900,-0.9800,1.0003,0.0000,0.0000,0,0,0.98
1671383656041,6.8258,2.3232,1.8681,17.0100,-13.7900,2.2400,1.0002,0.0000,0.0000,0,0,0.86
1671383656156,6.4785,2.0334,1.4250,12.2500,-12.9500,-5.0400,1.0003,0.0000,0.0000,0,0,0.80
1671383656273,6.9336,3.1087,0.3688,13.7900,-30.3800,-1.0500,1.0002,0.0000,0.0000,0,0,0.93
1671383656388,8.8831,3.7937,1.0873,-15.5400,-6.5100,19.8800,1.0002,0.0000,0.0000,0,0,0.20
1671383656504,9.6304,3.4392,1.8561,-1.1200,6.3000,1.0500,1.0002,0.0000,0.0000,0,0,0.17
1671383656622,9.5250,3.7434,1.6957,-6.5800,-3.0100,1.7500,1.0002,0.0000,0.0000,1,0,0.27
1671383656738,9.4028,3.3051,1.8873,-3.3600,-0.7700,-0.7000,1.0002,0.0000,0.0000,0,0,0.27
1671383656854,9.4723,3.6428,2.0549,-1.7500,-3.8500,-0.4200,1.0002,0.0000,0.0000,0,0,0.38
1671383656971,9.2304,3.5039,2.5315,1.5400,-2.6600,-0.9800,1.0002,0.0000,0.0000,0,0,0.46
1671383657086,9.1897,3.6428,1.7436,12.7400,-8.7500,2.5200,1.0002,0.0000,0.0000,0,0,0.65
1671383657202,9.5705,3.1231,0.7999,7.6300,1.7500,2.9400,1.0002,0.0000,0.0000,0,0,0.21
1671383657318,9.8795,3.5806,1.3939,-0.9800,8.6100,1.0500,1.0002,0.0000,0.0000,0,0,0.11
1671383657433,9.5801,3.4369,1.2023,1.1200,12.7400,-4.4100,1.0002,0.0000,0.0000,0,0,0.09
1671383657549,9.1130,3.5231,1.4586,-3.2900,20.7900,-3.4300,1.0002,0.0000,0.0000,0,0,0.05
1671383657665,8.0449,2.9147,1.0778,-12.6000,13.1600,3.2200,1.0002,0.0000,0.0000,0,0,0.06
1671383657780,6.3229,1.8178,2.3040,-19.6700,14.2100,0.0700,1.0002,0.0000,0.0000,0,0,0.09
1671383657898,7.0653,3.2620,3.8416,-19.7400,25.9700,-6.1600,1.0002,0.0000,0.0000,0,0,0.08
1671383658014,8.0449,3.0034,3.8153,0.9100,10.2900,1.1900,1.0002,0.0000,0.0000,0,0,0.38
1671383658129,9.3885,3.4824,3.6332,-5.5300,23.1700,0.9100,1.0002,0.0000,0.0000,0,0,0.08
1671383658244,9.5322,3.2500,4.8068,-10.9900,12.6700,4.0600,1.0002,0.0000,0.0000,0,0,0.22
1671383658361,8.9837,3.4057,4.7757,-9.8000,8.5400,-6.2300,1.0002,0.0000,0.0000,0,0,0.37
1671383658476,9.3741,3.3674,5.0703,-6.5100,5.6700,1.1900,1.0002,0.0000,0.0000,0,0,0.46
1671383658592,8.2556,3.3003,5.0870,-6.0200,-1.3300,-9.1700,1.0002,0.0000,0.0000,0,0,0.72
1671383658707,9.8603,3.4488,5.5660,-13.5800,9.5900,4.4100,1.0002,0.0000,0.0000,0,0,0.31
1671383658822,10.5070,4.1769,6.5288,-12.8100,-5.8100,4.8300,1.0002,0.0000,0.0000,0,0,0.74
1671383658938,8.9430,3.5207,5.7409,8.6800,-6.7900,-2.5900,1.0002,0.0000,0.0000,0,0,0.91
1671383659054,7.5204,2.6106,4.2871,3.4300,-2.3800,-2.8700,1.0002,0.0000,0.0000,0,1,0.76
1671383659170,6.9264,2.6489,4.5218,-5.6000,10.0800,3.1500,1.0002,0.0000,0.0000,0,0,0.46
1671383659286,8.1119,2.6872,4.7517,0.1400,8.5400,4.0600,1.0002,0.0000,0.0000,0,0,0.49
1671383659401,8.8017,2.6513,5.4894,-3.3600,0.2100,2.4500,1.0002,0.0000,0.0000,0,0,0.66
1671383659517,10.1453,3.8488,6.6150,0.7700,3.9200,7.4200,1.0002,0.0000,0.0000,0,0,0.71
1671383659637,11.2518,3.3937,7.1755,-0.6300,2.8700,-6.8600,1.0002,0.0000,0.0000,0,0,0.70
1671383659755,10.1142,3.7099,7.1156,3.9200,-7.2800,-1.9600,1.0002,0.0000,0.0000,0,0,0.92
1671383659871,9.4603,3.4704,5.8965,11.5500,-14.7700,-4.6900,1.0002,0.0000,0.0000,0,0,0.95
1671383659987,8.6891,3.5279,6.0450,13.3000,-19.5300,-0.9100,1.0003,0.0000,0.0000,0,0,0.98
1671383660103,8.4233,3.6380,4.4715,21.4200,-27.3000,13.9300,1.0003,0.0000,0.0000,0,0,0.99
1671383660218,6.6677,2.4046,2.0597,19.3900,-24.7800,-4.4100,1.0003,0.0000,0.0000,0,0,0.96
1671383660334,5.9301,1.8705,1.9424,10.0100,-26.9500,1.4000,1.0003,0.0000,0.0000,0,0,0.95
1671383660451,6.5264,2.3064,1.5400,7.4200,-35.2100,-1.6800,1.0002,0.0000,0.0000,0,0,0.96
1671383660566,8.7969,3.5422,1.1712,12.5300,-7.2100,-0.5600,1.0002,0.0000,0.0000,0,0,0.58
1671383660682,9.6088,3.0177,2.0310,0.9100,5.1100,10.6400,1.0002,0.0000,0.0000,0,0,0.18
1671383660798,9.4100,3.8512,2.0286,-6.5100,-15.1200,-2.1000,1.0002,0.0000,0.0000,0,0,0.59
1671383660914,9.3669,3.5111,1.4322,4.7600,-4.1300,1.5400,1.0002,0.0000,0.0000,0,0,0.39
1671383661030,9.5561,3.2213,1.5663,0.7000,1.9600,-0.3500,1.0002,0.0000,0.0000,1,0,0.22
1671383661145,9.5849,3.4608,1.4538,-1.1200,1.6800,-3.4300,1.0002,0.0000,0.0000,0,0,0.21
1671383661254,9.4412,3.4273,1.7076,-4.2700,-2.6600,-1.7500,1.0002,0.0000,0.0000,0,0,0.28
1671383661362,9.3406,3.5662,1.8130,-3.0100,0.2100,-3.8500,1.0002,0.0000,0.0000,0,0,0.27
1671383661475,9.2352,3.6404,1.7124,-4.4800,-3.7800,-2.7300,1.0002,0.0000,0.0000,0,0,0.33
1671383661590,9.0628,3.5327,1.7244,-4.7600,-4.0600,-2.5900,1.0002,0.0000,0.0000,0,0,0.34
1671383661706,9.1466,3.7746,1.3292,-11.5500,-1.6800,-4.0600,1.0002,0.0000,0.0000,0,0,0.20
1671383661820,10.1501,4.1554,1.8969,-5.6700,0.5600,4.4100,1.0002,0.0000,0.0000,0,0,0.21
1671383661936,9.5010,3.6835,1.1137,3.8500,1.3300,0.6300,1.0002,0.0000,0.0000,0,0,0.24
1671383662052,8.5119,3.3051,1.0610,-2.8700,10.3600,4.2700,1.0002,0.0000,0.0000,0,0,0.11
1671383662167,7.3671,2.5459,1.3388,-9.3800,17.6400,-1.9600,1.0002,0.0000,0.0000,0,0,0.06
1671383662284,6.4522,3.1183,3.6404,-19.9500,27.0900,-10.0800,1.0002,0.0000,0.0000,0,0,0.08
1671383662399,6.7420,2.9914,3.5183,1.1200,8.3300,-1.6800,1.0002,0.0000,0.0000,0,0,0.51
1671383662515,8.5646,3.8296,2.8884,-0.2800,24.5000,-0.8400,1.0002,0.0000,0.0000,0,0,0.10
1671383662633,9.4436,3.5327,3.4895,-4.8300,12.1800,8.3300,1.0002,0.0000,0.0000,0,0,0.18
1671383662750,8.6269,3.5135,4.1146,-10.6400,15.6800,-0.0700,1.0002,0.0000,0.0000,0,0,0.19
1671383662865,9.2711,3.9135,4.9218,-11.8300,8.6100,11.4800,1.0002,0.0000,0.0000,0,0,0.33
1671383662981,9.0891,3.6117,5.2666,0.9100,5.5300,1.2600,1.0002,0.0000,0.0000,0,0,0.62
1671383663096,10.0136,3.0920,4.9337,-12.3200,16.8700,4.6900,1.0002,0.0000,0.0000,0,0,0.13
1671383663211,10.5908,3.9039,6.5576,-7.7000,3.2900,3.8500,1.0002,0.0000,0.0000,0,0,0.60
1671383663327,9.7262,3.7075,5.9037,-2.3100,2.7300,0.3500,1.0002,0.0000,0.0000,0,1,0.67
1671383663443,8.2940,3.1758,5.1349,1.9600,0.2100,-0.7000,1.0002,0.0000,0.0000,0,0,0.75
1671383663557,7.2018,2.5603,4.5338,-0.1400,7.7700,0.2800,1.0002,0.0000,0.0000,0,0,0.56
1671383663674,7.4054,2.3998,4.8308,0.3500,5.1100,15.6100,1.0003,0.0000,0.0000,0,0,0.60
1671383663789,8.3826,2.5196,4.9601,3.0100,2.0300,5.6000,1.0003,0.0000,0.0000,0,0,0.66
1671383663904,9.9992,2.7160,5.7097,-6.5800,-2.7300,2.7300,1.0003,0.0000,0.0000,0,0,0.62
1671383664021,11.7164,3.2189,6.8186,-9.3100,-2.8000,-0.5600,1.0003,0.0000,0.0000,0,0,0.62
1671383664137,10.6986,3.9590,7.3024,3.2900,-3.5700,-11.6200,1.0003,0.0000,0.0000,0,0,0.89
1671383664250,9.2615,3.0177,5.7768,13.5100,-3.7100,-17.0800,1.0003,0.0000,0.0000,0,0,0.90
1671383664365,8.3993,3.3794,4.8954,8.9600,-15.7500,-4.6900,1.0003,0.0000,0.0000,0,0,0.95
1671383664480,8.6604,3.2548,4.9481,11.8300,-14.1400,1.6800,1.0003,0.0000,0.0000,0,0,0.94
1671383664597,8.3514,3.0776,4.2272,13.9300,-33.1800,2.1000,1.0003,0.0000,0.0000,0,0,0.99
1671383664712,7.1994,3.0537,2.7926,10.2900,-18.5500,1.6100,1.0003,0.0000,0.0000,0,0,0.92
1671383664829,6.5097,2.3783,2.3639,6.3000,-27.3000,8.3300,1.0003,0.0000,0.0000,0,0,0.94
1671383664944,6.6031,2.1124,0.8311,0.4900,-23.4500,-2.1700,1.0003,0.0000,0.0000,0,0,0.80
1671383665061,8.7346,3.6955,1.8825,-1.5400,-6.7200,6.8600,1.0003,0.0000,0.0000,0,0,0.47
1671383665178,9.7190,2.9459,2.8716,4.5500,-16.0300,7.2800,1.0002,0.0000,0.0000,0,0,0.73
1671383665293,9.3549,3.2860,0.8933,1.1900,-6.5800,3.0800,1.0002,0.0000,0.0000,1,0,0.32
1671383665408,9.3909,3.2429,2.2178,-0.4200,-8.1200,4.5500,1.0002,0.0000,0.0000,0,0,0.48
1671383665525,9.7142,3.1686,1.4179,1.1900,-6.7900,3.5000,1.0002,0.0000,0.0000,0,0,0.35
1671383665642,9.6998,2.7878,1.5424,2.1000,1.3300,-0.2800,1.0002,0.0000,0.0000,0,0,0.21
1671383665763,9.6807,3.3219,1.5616,-0.1400,-1.1900,-1.3300,1.0002,0.0000,0.0000,0,0,0.26
1671383665879,9.4531,3.1662,1.3819,2.5900,-1.3300,-4.6200,1.0002,0.0000,0.0000,0,0,0.29
1671383665995,9.2999,2.9842,0.8718,-5.6000,2.5900,-2.5900,1.0002,0.0000,0.0000,0,0,0.12
1671383666112,10.2052,3.7458,1.5544,-7.5600,5.8100,-1.0500,1.0002,0.0000,0.0000,0,0,0.11
1671383666227,10.5860,3.5422,1.1161,3.8500,-20.5100,-2.8000,1.0002,0.0000,0.0000,0,0,0.61
1671383666343,7.8652,2.3519,0.1461,-3.5000,-3.0800,-13.4400,1.0002,0.0000,0.0000,0,0,0.22
1671383666457,6.7827,2.4788,0.8478,-23.1700,36.0500,-5.8800,1.0002,0.0000,0.0000,0,0,0.01
1671383666571,6.2390,2.6321,3.1207,-29.2600,34.3000,-9.4500,1.0002,0.0000,0.0000,0,0,0.02
1671383666686,6.8090,3.0201,3.2692,-13.0900,19.8100,6.3700,1.0002,0.0000,0.0000,0,0,0.13
1671383666803,9.1921,3.9566,4.0763,-8.4000,40.0400,12.4600,1.0002,0.0000,0.0000,0,0,0.02
1671383666919,9.4531,3.2069,4.4907,5.1800,11.9000,6.0900,1.0002,0.0000,0.0000,0,0,0.37
1671383667035,8.6867,3.0177,4.5505,0.6300,20.9300,6.9300,1.0002,0.0000,0.0000,0,0,0.21
1671383667152,9.8747,3.1686,5.2882,-2.3800,5.9500,10.4300,1.0002,0.0000,0.0000,0,0,0.45
1671383667275,8.9502,2.8357,4.7565,0.6300,0.4900,-6.8600,1.0002,0.0000,0.0000,0,0,0.64
1671383667393,9.4005,3.2381,5.4654,-12.8800,8.6100,3.2900,1.0002,0.0000,0.0000,0,0,0.35
1671383667512,10.0016,3.0608,6.1360,-14.4900,7.6300,0.9800,1.0002,0.0000,0.0000,0,0,0.37
1671383667628,9.8795,3.7099,6.4402,-5.1800,3.0100,5.8100,1.0002,0.0000,0.0000,0,1,0.66
1671383667744,8.4664,2.5339,5.1445,5.9500,-1.4000,1.6100,1.0002,0.0000,0.0000,0,0,0.77
1671383667860,7.2042,2.1388,4.3709,-0.8400,2.8000,4.1300,1.0002,0.0000,0.0000,0,0,0.61
1671383667976,7.8796,2.0046,4.8595,-4.6900,5.4600,9.2400,1.0002,0.0000,0.0000,0,0,0.48
1671383668092,8.7155,1.8945,5.2595,-4.4100,2.3800,7.1400,1.0002,0.0000,0.0000,0,0,0.53
1671383668208,10.7273,2.8501,6.8186,-6.4400,9.6600,-6.1600,1.0002,0.0000,0.0000,0,0,0.45
1671383668324,10.7584,3.2165,7.3671,-3.7800,-0.4200,-9.1700,1.0003,0.0000,0.0000,0,0,0.77
1671383668440,9.4795,3.1782,7.3216,11.8300,3.7800,-14.4200,1.0003,0.0000,0.0000,0,0,0.89
1671383668555,8.7873,3.1447,6.2869,15.5400,-2.3800,-10.2900,1.0003,0.0000,0.0000,0,0,0.93
1671383668672,8.7897,3.0177,5.4894,15.4000,-16.1000,-4.2700,1.0002,0.0000,0.0000,0,0,0.96
1671383668788,8.5550,3.4943,5.7864,14.0000,-27.2300,5.6000,1.0003,0.0000,0.0000,0,0,0.99
1671383668904,7.4796,2.8094,3.8656,11.9700,-33.1800,0.9800,1.0003,0.0000,0.0000,0,0,0.99
1671383669019,6.6198,2.6776,2.7471,9.7300,-24.0100,5.1800,1.0002,0.0000,0.0000,0,0,0.95
1671383669133,6.7324,1.8370,2.3136,9.6600,-35.3500,1.4000,1.0002,0.0000,0.0000,0,0,0.97
1671383669248,7.0294,2.5028,1.7244,1.3300,-27.1600,-11.1300,1.0002,0.0000,0.0000,0,0,0.90
1671383669363,8.6125,3.9949,1.9136,9.1000,-29.8900,9.4500,1.0002,0.0000,0.0000,0,0,0.93
1671383669478,9.5418,2.9507,1.4729,6.0900,0.0700,7.9100,1.0003,0.0000,0.0000,0,0,0.27
1671383669595,9.3430,3.6572,1.3388,0.8400,-8.9600,1.4000,1.0002,0.0000,0.0000,0,0,0.44
1671383669711,9.6519,3.4560,1.3676,3.2200,3.9900,3.4300,1.0002,0.0000,0.0000,0,0,0.19
1671383669827,9.5873,3.5422,1.7292,2.5200,0.3500,-0.5600,1.0002,0.0000,0.0000,1,0,0.29
1671383669942,9.3478,3.3698,1.3963,0.3500,-4.2000,0.0700,1.0002,0.0000,0.0000,0,0,0.33
1671383670058,9.3502,3.5806,1.4418,-0.9800,1.4700,-1.0500,1.0002,0.0000,0.0000,0,0,0.23
1671383670175,9.3023,3.4201,1.4442,-4.5500,-1.5400,-0.4900,1.0002,0.0000,0.0000,0,0,0.24
1671383670292,9.5082,3.3003,1.2215,-9.1700,6.3700,-3.0100,1.0002,0.0000,0.0000,0,0,0.09
1671383670410,9.6998,3.7195,1.7053,-7.7000,11.2000,-1.0500,1.0002,0.0000,0.0000,0,0,0.08
1671383670527,9.8747,3.4105,1.4705,-9.3100,7.9100,-1.6800,1.0002,0.0000,0.0000,0,0,0.08
1671383670641,9.0316,3.3794,1.7196,-15.2600,14.9800,-6.2300,1.0002,0.0000,0.0000,0,0,0.05
1671383670756,8.1838,3.3267,2.5555,-1.5400,10.6400,6.0200,1.0002,0.0000,0.0000,0,0,0.22
1671383670870,6.6677,2.2130,1.3556,-3.7800,21.7000,-8.8900,1.0002,0.0000,0.0000,0,0,0.07
1671383670986,6.2103,2.7974,4.0931,-19.5300,47.8100,-9.3800,1.0002,0.0000,0.0000,0,0,0.02
1671383671102,7.0222,2.8644,3.6500,-13.9300,23.6600,-0.1400,1.0002,0.0000,0.0000,0,0,0.10
1671383671217,8.5814,3.4345,6.0594,-11.7600,36.8200,8.9600,1.0002,0.0000,0.0000,0,0,0.07
1671383671333,8.9909,3.8416,5.5181,-7.0700,-0.8400,6.9300,1.0002,0.0000,0.0000,0,0,0.69
1671383671449,7.8461,3.1159,6.8114,24.4300,2.3800,5.6700,1.0002,0.0000,0.0000,0,0,0.95
1671383671565,8.7777,2.8501,5.0439,6.3700,-6.3700,13.3700,1.0002,0.0000,0.0000,0,0,0.82
1671383671681,9.3573,3.4704,4.7948,-5.7400,4.5500,0.6300,1.0002,0.0000,0.0000,0,0,0.47
1671383671798,9.4963,3.3554,6.0067,-17.9200,4.4100,-6.7200,1.0002,0.0000,0.0000,0,0,0.46
1671383671913,9.6112,3.7889,7.1539,-15.2600,2.8000,7.7000,1.0002,0.0000,0.0000,0,1,0.65
1671383672028,9.1346,3.4512,6.1313,-3.5000,1.6100,3.3600,1.0002,0.0000,0.0000,0,0,0.72
1671383672145,7.6353,2.4908,5.0870,3.3600,-7.6300,-0.7700,1.0002,0.0000,0.0000,0,0,0.87
1671383672260,7.1180,2.3280,4.6128,2.9400,5.6000,4.6900,1.0002,0.0000,0.0000,0,0,0.64
1671383672376,8.0113,2.5196,5.2403,-3.3600,4.4800,11.9000,1.0002,0.0000,0.0000,0,0,0.58
1671383672492,9.6759,2.7423,6.0498,0.9800,1.9600,1.6800,1.0002,0.0000,0.0000,0,0,0.68
1671383672609,10.3106,3.1566,6.8498,-3.4300,-0.9100,-6.0900,1.0002,0.0000,0.0000,0,0,0.76
1671383672723,9.7166,3.2237,6.8689,-0.1400,9.3100,-5.8800,1.0002,0.0000,0.0000,0,0,0.65
1671383672838,8.8783,3.3770,6.8450,10.4300,3.6400,-6.7200,1.0002,0.0000,0.0000,0,0,0.88
1671383672955,8.8520,2.8189,6.3612,11.7600,-4.4800,-2.8700,1.0002,0.0000,0.0000,0,0,0.92
1671383673072,8.7730,3.6548,6.3660,15.8900,-22.7500,2.5900,1.0002,0.0000,0.0000,0,0,0.99
1671383673189,8.2532,3.4297,5.3577,17.1500,-27.3700,1.1900,1.0002,0.0000,0.0000,0,0,0.99
1671383673304,7.4629,3.4057,3.9470,18.8300,-29.1900,1.1900,1.0002,0.0000,0.0000,0,0,0.99
1671383673419,6.3324,2.3304,3.1878,19.3900,-28.0700,2.8000,1.0002,0.0000,0.0000,0,0,0.98
1671383673533,5.8223,2.3232,1.8921,13.5800,-35.6300,-0.6300,1.0002,0.0000,0.0000,0,0,0.98
1671383673650,8.0042,3.3602,0.8909,4.9700,-18.8300,-5.8100,1.0002,0.0000,0.0000,0,0,0.75
1671383673767,9.2879,3.8871,2.0980,2.8700,-7.9100,5.9500,1.0002,0.0000,0.0000,0,0,0.55
1671383673882,9.1490,3.5135,1.4466,2.9400,-8.6800,-2.3100,1.0002,0.0000,0.0000,0,0,0.49
1671383673998,9.3669,3.9757,1.4250,-6.0900,-4.9000,-3.2900,1.0002,0.0000,0.0000,0,0,0.31
1671383674115,8.7490,4.3062,1.8058,-1.3300,-1.8900,-2.5900,1.0002,0.0000,0.0000,0,0,0.42
1671383674227,9.1442,3.9733,1.4777,-0.2800,7.2100,1.2600,1.0002,0.0000,0.0000,1,0,0.18
1671383674336,9.1107,3.8751,1.9807,-4.2700,-2.3100,4.9000,1.0002,0.0000,0.0000,0,0,0.34
1671383674445,9.3645,3.7746,1.6645,-5.1100,-3.5700,6.3000,1.0002,0.0000,0.0000,0,0,0.29
1671383674557,9.3909,3.8129,2.0238,-0.8400,-0.9800,1.4000,1.0002,0.0000,0.0000,0,0,0.34
1671383674668,9.1993,3.6548,1.7005,-4.2700,-1.2600,-0.0700,1.0002,0.0000,0.0000,0,0,0.28
1671383674781,9.3909,3.7482,1.9304,-3.3600,4.6200,3.1500,1.0002,0.0000,0.0000,0,0,0.20
1671383674894,9.9633,3.8584,1.7244,-1.7500,0.8400,2.8000,1.0002,0.0000,0.0000,0,0,0.23
1671383675005,9.5010,3.7123,1.7005,-2.3800,6.1600,-5.3900,1.0002,0.0000,0.0000,0,0,0.17
1671383675116,8.8233,3.5829,1.7076,-9.5200,15.7500,-7.5600,1.0002,0.0000,0.0000,0,0,0.07
1671383675225,8.1766,3.7793,1.7747,-12.8800,22.8200,-2.6600,1.0002,0.0000,0.0000,0,0,0.04
1671383675337,7.2354,3.2285,2.1292,-13.9300,37.3800,6.3000,1.0002,0.0000,0.0000,0,0,0.01
1671383675445,7.1467,2.3304,4.0428,-23.0300,29.4000,-2.6600,1.0002,0.0000,0.0000,0,0,0.04
1671383675555,6.3636,2.7040,4.5697,-20.9300,14.1400,-1.4700,1.0002,0.0000,0.0000,0,0,0.26
1671383675662,7.2282,3.3650,3.9039,3.5700,29.8200,-0.7700,1.0003,0.0000,0.0000,0,0,0.16
1671383675770,8.3442,3.5255,5.4080,-0.4200,34.0900,1.4700,1.0003,0.0000,0.0000,0,0,0.13
1671383675878,8.6101,3.7003,5.7049,-11.9700,11.6200,4.3400,1.0003,0.0000,0.0000,0,0,0.41
1671383675987,7.8964,3.3578,6.1193,-10.7100,1.6100,0.0700,1.0003,0.0000,0.0000,0,0,0.73
1671383676102,8.0473,3.4680,6.4234,-12.2500,-0.4900,5.6700,1.0003,0.0000,0.0000,0,0,0.77
1671383676212,8.4329,3.1974,6.1792,-5.8100,-6.6500,4.5500,1.0003,0.0000,0.0000,0,0,0.85
1671383676320,8.5143,3.2764,6.3133,-3.4300,-2.9400,-0.7700,1.0003,0.0000,0.0000,0,0,0.84
1671383676428,9.0484,2.9602,6.6582,-7.6300,1.5400,2.0300,1.0003,0.0000,0.0000,0,0,0.71
1671383676537,8.7298,3.5327,7.0414,-5.5300,2.5900,-1.1200,1.0003,0.0000,0.0000,0,1,0.80
1671383676651,8.4903,3.1135,6.8498,-2.3800,4.4100,1.2600,1.0003,0.0000,0.0000,0,0,0.78
1671383676762,7.6497,2.4381,5.5780,1.3300,-1.8900,1.8900,1.0004,0.0000,0.0000,0,0,0.82
1671383676871,7.0725,2.2393,5.1661,-6.8600,-0.7700,2.0300,1.0004,0.0000,0.0000,0,0,0.72
1671383676980,7.5443,2.5890,5.6810,-4.6900,-1.6100,10.0800,1.0004,0.0000,0.0000,0,0,0.77
1671383677087,9.1705,2.7782,6.7635,2.8000,2.8000,4.2700,1.0004,0.0000,0.0000,0,0,0.78
1671383677195,10.1333,3.1207,7.4605,5.1800,1.2600,0.0000,1.0004,0.0000,0.0000,0,0,0.84
1671383677302,9.9585,3.3937,7.7575,6.5800,4.1300,-2.4500,1.0004,0.0000,0.0000,0,0,0.86
1671383677411,8.9717,2.9507,6.6629,7.9800,-3.2200,-8.3300,1.0004,0.0000,0.0000,0,0,0.91
1671383677517,8.3347,3.0177,6.4426,10.9200,-12.0400,-4.2000,1.0004,0.0000,0.0000,0,0,0.96
1671383677624,8.3706,3.1902,6.0450,9.0300,-19.6700,-1.0500,1.0004,0.0000,0.0000,0,0,0.98
1671383677732,8.1790,3.3818,5.3529,11.9700,-24.8500,-0.7000,1.0004,0.0000,0.0000,0,0,0.98
1671383677841,7.0414,3.0728,4.1649,18.6900,-27.5800,-4.2700,1.0004,0.0000,0.0000,0,0,0.99
1671383677949,6.1935,2.4932,3.3027,19.1100,-20.0900,-0.1400,1.0004,0.0000,0.0000,0,0,0.97
1671383678057,6.4163,2.6249,2.8908,21.1400,-20.0900,0.7000,1.0003,0.0000,0.0000,0,0,0.97
1671383678165,7.1180,2.6561,2.6249,21.9100,-27.5800,4.9700,1.0004,0.0000,0.0000,0,0,0.97
1671383678272,8.3682,3.1638,1.7100,8.5400,-24.9900,8.8200,1.0003,0.0000,0.0000,0,0,0.87
1671383678387,9.6328,3.4392,2.6513,-3.9200,3.9200,16.1000,1.0003,0.0000,0.0000,0,0,0.22
1671383678503,9.2975,3.2213,2.2034,-2.1000,-21.2800,3.2900,1.0003,0.0000,0.0000,0,0,0.74
1671383678619,9.5897,3.0992,1.8226,5.1100,-2.8700,2.5900,1.0003,0.0000,0.0000,0,0,0.36
1671383678735,9.7238,3.3722,2.2178,0.9100,-6.2300,-3.3600,1.0004,0.0000,0.0000,0,0,0.45
1671383678850,9.1969,3.4464,1.9543,2.5900,-1.8200,-7.2100,1.0004,0.0000,0.0000,1,0,0.40
1671383678965,9.0196,3.8344,1.8274,1.2600,-2.7300,-1.9600,1.0004,0.0000,0.0000,0,0,0.42
1671383679081,9.2400,3.4871,1.8897,3.3600,3.2200,-0.9100,1.0004,0.0000,0.0000,0,0,0.29
1671383679197,9.5561,3.6811,1.7244,-3.1500,2.6600,0.6300,1.0004,0.0000,0.0000,0,0,0.21
1671383679313,9.3023,3.5806,1.7436,-4.7600,3.6400,-2.0300,1.0004,0.0000,0.0000,0,0,0.19
1671383679430,9.3645,3.6117,1.9448,-6.6500,8.7500,-1.7500,1.0004,0.0000,0.0000,0,0,0.13
1671383679548,9.2591,3.5997,2.0358,-8.4000,14.2100,-4.5500,1.0003,0.0000,0.0000,0,0,0.08
1671383679665,8.6556,3.2596,3.0656,-6.6500,21.2100,-4.4800,1.0003,0.0000,0.0000,0,0,0.09
1671383679781,8.7346,3.5303,3.0225,-16.2400,-0.8400,9.1000,1.0003,0.0000,0.0000,0,0,0.29
1671383679897,8.1670,3.5853,2.7423,-11.9700,29.6100,-2.1700,1.0003,0.0000,0.0000,0,0,0.04
1671383680013,6.4713,2.0932,3.0824,-4.6200,13.4400,8.2600,1.0003,0.0000,0.0000,0,0,0.24
1671383680129,6.4570,2.3567,3.1926,-15.3300,13.3700,1.5400,1.0003,0.0000,0.0000,0,0,0.18
1671383680246,7.4413,3.1039,4.0308,-14.9800,25.9000,7.8400,1.0003,0.0000,0.0000,0,0,0.08
1671383680361,8.1359,3.0225,5.3241,-5.3900,30.8700,8.8200,1.0003,0.0000,0.0000,0,0,0.12
1671383680476,8.6245,2.6130,6.2917,-8.0500,20.5100,10.8500,1.0003,0.0000,0.0000,0,0,0.26
1671383680595,8.8496,2.4094,6.3708,-7.6300,6.4400,9.6600,1.0003,0.0000,0.0000,0,0,0.55
1671383680708,8.5718,2.5603,6.4594,-0.6300,-0.2800,3.3600,1.0003,0.0000,0.0000,0,0,0.80
1671383680824,9.0915,2.4333,6.7995,3.3600,3.0800,-2.1000,1.0003,0.0000,0.0000,0,0,0.78
1671383680939,9.6112,2.1364,6.6342,-4.8300,4.2700,-1.4000,1.0003,0.0000,0.0000,0,0,0.61
1671383681056,9.1921,2.7327,7.2018,-12.4600,5.6700,-4.9000,1.0003,0.0000,0.0000,0,1,0.63
1671383681171,8.3658,2.7878,7.2258,-2.4500,6.3000,-5.4600,1.0003,0.0000,0.0000,0,0,0.78
1671383681287,7.4605,1.8514,5.9349,0.0000,4.9000,-3.9900,1.0003,0.0000,0.0000,0,0,0.72
1671383681402,7.1467,2.0166,5.8510,1.4000,1.8900,-0.4900,1.0003,0.0000,0.0000,0,0,0.80
1671383681519,7.8796,2.1890,6.0450,1.8900,-2.1000,1.7500,1.0003,0.0000,0.0000,0,0,0.84
1671383681634,8.5143,2.4597,6.6701,0.1400,-4.5500,1.1200,1.0003,0.0000,0.0000,0,0,0.87
1671383681749,9.9154,2.7950,7.9060,-2.8700,4.4800,0.4200,1.0003,0.0000,0.0000,0,0,0.77
1671383681865,9.7669,3.1159,8.3874,2.8000,3.3600,-0.9100,1.0003,0.0000,0.0000,0,0,0.88
1671383681981,8.9310,2.5962,7.0366,11.1300,-9.1000,-5.3900,1.0003,0.0000,0.0000,0,0,0.95
1671383682097,8.6340,2.5172,6.6246,9.8700,-23.5200,-4.0600,1.0003,0.0000,0.0000,0,0,0.98
1671383682220,8.2676,3.1495,6.0091,14.6300,-29.6800,0.1400,1.0003,0.0000,0.0000,0,0,0.99
1671383682340,7.1803,2.6633,3.9302,10.7800,-37.1000,-3.9200,1.0003,0.0000,0.0000,0,0,0.99
1671383682455,6.4210,2.5675,3.5183,15.9600,-29.7500,-5.3900,1.0003,0.0000,0.0000,0,0,0.99
1671383682570,6.1384,2.8980,3.7769,24.2900,-38.6400,-1.3300,1.0002,0.0000,0.0000,0,0,1.00
1671383682685,6.6582,2.3208,0.9173,22.6800,-53.1300,-9.5200,1.0002,0.0000,0.0000,0,0,1.00
1671383682800,8.8688,3.6093,0.2179,17.1500,18.1300,8.8200,1.0002,0.0000,0.0000,0,0,0.09
1671383682915,9.3885,3.2500,2.1675,9.1700,-16.1000,11.8300,1.0002,0.0000,0.0000,0,0,0.74
1671383683032,9.8196,3.2572,0.7904,-0.3500,-6.9300,10.3600,1.0002,0.0000,0.0000,0,0,0.25
1671383683150,10.1477,2.9602,1.2670,-3.3600,10.2200,-6.1600,1.0002,0.0000,0.0000,0,0,0.07
1671383683266,9.5873,3.5111,1.7795,1.6800,13.0200,-12.8100,1.0002,0.0000,0.0000,0,0,0.12
1671383683381,8.9095,3.7147,1.8753,-0.7700,13.6500,-8.4700,1.0002,0.0000,0.0000,0,0,0.14
1671383683497,8.4377,4.2392,2.7088,-10.3600,-3.0800,-0.1400,1.0002,0.0000,0.0000,0,0,0.46
1671383683613,9.4819,4.0404,2.6106,2.1700,7.2100,9.1000,1.0002,0.0000,0.0000,1,0,0.27
1671383683728,9.3142,3.3411,2.7782,4.9000,-1.1200,-5.8100,1.0002,0.0000,0.0000,0,0,0.49
1671383683844,8.8544,4.1458,2.2920,2.1000,-0.4200,-1.4000,1.0002,0.0000,0.0000,0,0,0.46
1671383683962,9.2568,3.6428,2.3184,1.5400,-1.7500,3.1500,1.0002,0.0000,0.0000,0,0,0.41
1671383684078,9.1035,3.8967,2.2417,0.6300,0.0700,1.0500,1.0002,0.0000,0.0000,0,0,0.39
1671383684195,9.1274,3.8009,2.2872,0.1400,3.2900,-1.4700,1.0001,0.0000,0.0000,0,0,0.32
1671383684310,9.0005,3.7602,2.1244,-2.6600,4.9700,2.3800,1.0001,0.0000,0.0000,0,0,0.24
1671383684426,8.6772,3.5374,1.7987,-3.2200,16.3800,0.9100,1.0001,0.0000,0.0000,0,0,0.09
1671383684543,7.3815,2.8620,1.7484,-9.5900,23.1000,1.2600,1.0002,0.0000,0.0000,0,0,0.05
1671383684660,5.6738,1.9687,2.0932,-10.8500,6.5800,0.0000,1.0002,0.0000,0.0000,0,0,0.26
1671383684775,6.7252,2.5124,3.7626,0.2800,31.1500,1.4000,1.0002,0.0000,0.0000,0,0,0.11
1671383684894,9.1586,3.6021,5.5588,-17.3600,36.6800,17.2900,1.0002,0.0000,0.0000,0,0,0.04
1671383685010,9.0867,3.5039,5.2020,-13.1600,8.4700,5.8800,1.0002,0.0000,0.0000,0,0,0.35
1671383685126,9.1059,2.8477,5.1780,-5.6000,10.0100,7.3500,1.0002,0.0000,0.0000,0,0,0.36
1671383685241,9.1226,3.0417,5.7600,-0.3500,-4.3400,6.5100,1.0002,0.0000,0.0000,0,0,0.79
1671383685358,9.2017,3.2093,5.4056,3.7100,0.2100,-0.0700,1.0002,0.0000,0.0000,0,0,0.74
1671383685555,9.9848,2.8165,5.6954,-0.1400,0.9800,1.4700,1.0002,0.0000,0.0000,0,0,0.63
1671383685671,10.0447,3.3770,6.0546,-7.9800,1.4700,1.2600,1.0002,0.0000,0.0000,0,0,0.60
1671383685788,8.2652,2.4908,5.3696,-4.0600,0.0700,-5.6700,1.0002,0.0000,0.0000,0,1,0.69
1671383685905,7.7503,2.2537,4.8978,-5.4600,6.5100,-0.8400,1.0002,0.0000,0.0000,0,0,0.50
1671383686019,8.2556,2.7567,5.3936,-1.4700,2.6600,1.1900,1.0002,0.0000,0.0000,0,0,0.68
1671383686135,9.3334,2.7160,5.7385,-2.6600,2.8700,-2.9400,1.0002,0.0000,0.0000,0,0,0.62
1671383686251,9.8196,3.5207,7.3910,-7.6300,-2.7300,-0.6300,1.0002,0.0000,0.0000,0,0,0.83
1671383686366,9.7022,3.3554,6.5025,9.2400,3.0100,-5.7400,1.0002,0.0000,0.0000,0,0,0.82
1671383686482,8.7610,3.3027,6.4234,15.7500,-8.1200,-14.2100,1.0002,0.0000,0.0000,0,0,0.96
1671383686598,8.4951,3.0608,4.8834,13.7200,-7.8400,-5.9500,1.0002,0.0000,0.0000,0,0,0.91
1671383686713,8.6628,3.5758,5.3672,1.1200,-16.7300,0.3500,1.0002,0.0000,0.0000,0,0,0.94
1671383686828,8.5742,4.1578,5.0032,13.0900,-37.3100,12.9500,1.0002,0.0000,0.0000,0,0,0.99
1671383686944,7.3671,2.8046,3.7674,14.8400,-29.6100,2.7300,1.0002,0.0000,0.0000,0,0,0.98
1671383687058,6.3229,2.8237,2.9698,24.8500,-11.2700,19.9500,1.0002,0.0000,0.0000,0,0,0.93
1671383687176,7.0869,1.0634,1.5208,5.9500,-22.8900,6.6500,1.0002,0.0000,0.0000,0,0,0.81
1671383687295,8.5550,2.9698,0.9269,-5.1100,-13.8600,-4.5500,1.0002,0.0000,0.0000,0,0,0.47
1671383687410,9.8986,2.5435,2.2777,-5.8100,5.4600,15.8200,1.0002,0.0000,0.0000,0,0,0.12
1671383687525,9.4843,3.3267,2.7160,-5.6000,-19.0400,-6.2300,1.0002,0.0000,0.0000,0,0,0.73
1671383687640,9.2999,3.0800,1.6789,3.0100,-8.3300,-1.4000,1.0002,0.0000,0.0000,0,0,0.47
1671383687756,9.4819,2.9483,1.8753,0.9800,-1.1200,4.2700,1.0002,0.0000,0.0000,0,0,0.29
1671383687872,9.5058,2.7351,2.0286,-5.6700,-3.8500,3.7100,1.0002,0.0000,0.0000,1,0,0.27
1671383687988,9.6184,2.8908,2.1004,-3.0800,-2.5200,3.3600,1.0002,0.0000,0.0000,0,0,0.28
1671383688104,9.5777,2.8812,2.0406,-2.8000,1.6100,-3.8500,1.0002,0.0000,0.0000,0,0,0.22
1671383688219,9.6543,2.8812,1.8011,-1.3300,2.8000,-2.3100,1.0002,0.0000,0.0000,0,0,0.19
1671383688337,9.9034,2.9770,1.9543,-0.2800,2.0300,1.4000,1.0002,0.0000,0.0000,0,0,0.21
1671383688457,9.8986,2.9674,1.5304,-2.4500,9.8000,-5.7400,1.0002,0.0000,0.0000,0,0,0.09
1671383688572,9.7190,2.8405,2.0693,-7.9100,14.5600,-11.8300,1.0002,0.0000,0.0000,0,0,0.07
1671383688687,8.3107,3.5662,2.6704,-6.3700,4.3400,-7.8400,1.0001,0.0000,0.0000,0,0,0.33
1671383688808,6.9240,2.3375,1.7579,-0.9100,23.6600,0.2100,1.0001,0.0000,0.0000,0,0,0.07
1671383688932,6.0953,2.6537,3.8632,-10.5700,27.8600,-9.9400,1.0002,0.0000,0.0000,0,0,0.13
1671383689048,6.7396,2.5938,3.5686,5.6000,1.4000,-2.7300,1.0002,0.0000,0.0000,0,0,0.70
1671383689163,8.4688,3.6788,4.0691,-11.2700,28.2800,5.5300,1.0002,0.0000,0.0000,0,0,0.07
1671383689278,9.9465,3.3506,4.9002,-4.4100,19.9500,7.9100,1.0002,0.0000,0.0000,0,0,0.15
1671383689394,8.7538,3.2908,5.1996,-2.7300,12.0400,-3.9900,1.0002,0.0000,0.0000,0,0,0.44
1671383689510,8.3514,3.4009,4.7110,-2.3800,10.7800,3.2200,1.0002,0.0000,0.0000,0,0,0.44
1671383689624,9.0484,3.5159,5.3720,-10.7800,9.0300,4.5500,1.0002,0.0000,0.0000,0,0,0.39
1671383689739,9.9226,3.3698,6.3109,-15.5400,-0.1400,0.0000,1.0002,0.0000,0.0000,0,0,0.58
1671383689854,10.3609,3.9566,7.2306,-15.9600,-1.8200,6.9300,1.0002,0.0000,0.0000,0,1,0.70
1671383689971,9.2711,3.4536,6.4378,-4.7600,1.2600,-0.9100,1.0002,0.0000,0.0000,0,0,0.74
1671383690086,6.9982,2.2322,4.6032,2.7300,5.5300,-7.0700,1.0002,0.0000,0.0000,0,0,0.66
1671383690202,6.7444,2.5196,4.7086,-1.2600,1.7500,3.5000,1.0002,0.0000,0.0000,0,0,0.72
1671383690318,8.2053,2.8141,5.3098,2.0300,-4.4800,8.2600,1.0002,0.0000,0.0000,0,0,0.82
1671383690438,9.0628,3.3099,5.9636,-4.3400,0.7700,-5.6700,1.0002,0.0000,0.0000,0,0,0.73
1671383690556,11.0434,3.7362,7.6042,-4.2700,6.9300,4.3400,1.0002,0.0000,0.0000,0,0,0.64
1671383690672,10.4543,3.8584,7.3767,3.7800,-2.3100,-8.7500,1.0003,0.0000,0.0000,0,0,0.89
1671383690788,8.5478,3.3554,6.5049,11.6200,-9.8700,-8.8200,1.0003,0.0000,0.0000,0,0,0.96
1671383690904,8.5071,3.2932,5.0391,17.7800,-8.7500,6.2300,1.0002,0.0000,0.0000,0,0,0.93
1671383691018,9.0029,3.5255,5.3169,11.3400,-14.9800,4.5500,1.0003,0.0000,0.0000,0,0,0.95
1671383691133,8.4856,3.5063,4.7637,10.6400,-34.1600,11.3400,1.0003,0.0000,0.0000,0,0,0.99
1671383691248,7.0485,2.7806,3.0417,17.6400,-33.3900,0.0000,1.0002,0.0000,0.0000,0,0,0.99
1671383691365,6.6055,1.8034,2.2154,6.3700,-28.6300,-3.5700,1.0002,0.0000,0.0000,0,0,0.94
1671383691480,6.4091,2.1747,1.9208,0.7700,-29.8900,-12.6000,1.0002,0.0000,0.0000,0,0,0.94
1671383691597,8.1215,3.7123,1.5496,7.8400,-11.6200,5.3200,1.0002,0.0000,0.0000,0,0,0.71
