Ax,Ay,Az,Gx,Gy,Gz,mov
9.1154,1.6861,4.4428,0.21,2.17,-0.63,falling
9.0436,1.6693,4.3541,1.47,2.59,-0.28,falling
9.0125,1.6837,4.3062,0.56,-2.17,0.98,falling
9.0292,1.7364,4.3398,-3.36,-0.35,0.98,falling
9.0891,1.6358,4.4547,3.78,-3.01,0.77,falling
9.0963,1.631,4.1817,0.98,1.33,-0.42,falling
9.0939,1.7555,4.3518,0.07,1.89,0.49,falling
9.0053,1.6238,4.7829,-0.35,-0.84,0.63,falling
9.1083,1.655,4.3805,0.63,-0.07,0.42,falling
9.058,1.6574,4.3326,0.28,0.35,0.21,falling
9.0628,1.6214,4.3733,-0.63,-2.52,1.12,falling
9.1466,1.6142,4.3398,0.07,-1.05,-0.07,falling
9.1226,1.6526,4.3158,0.21,-0.14,-0.49,falling
9.1274,1.619,4.2967,0.21,-1.89,0.7,falling
9.1322,1.5903,4.2991,0.14,-3.57,1.4,falling
9.1921,1.631,4.232,0.49,-1.05,1.19,falling
9.1107,1.6071,4.1458,0.14,-1.19,-0.14,falling
9.2112,1.6023,4.1338,-0.35,-2.8,0.98,falling
9.1969,1.5711,4.0931,0.63,-4.48,1.19,falling
9.2496,1.5999,4.0141,0.28,-2.24,1.19,falling
9.2831,1.5807,4.0164,-0.07,-1.61,0.42,falling
9.1753,1.5544,4.1913,-0.84,-0.77,0.84,falling
9.4316,1.8322,4.1314,-5.81,1.05,-0.07,rising
9.2687,1.5089,3.7123,15.68,2.38,1.82,rising
9.2472,1.516,4.1266,-2.45,12.18,-10.01,rising
9.8675,1.5304,4.5697,0.14,-8.33,3.5,rising
8.4185,1.9687,3.6835,0.84,11.69,1.96,rising
7.5347,1.3005,3.4871,-7.7,2.31,3.99,rising
7.7455,1.2406,3.8296,-7.63,-5.74,-7.07,rising
8.1598,1.4035,3.9949,-4.76,4.55,-4.9,rising
8.4856,1.6358,4.1673,-1.12,2.17,-0.98,rising
9.8172,1.9064,4.5434,-1.12,-5.88,-0.77,rising
9.7645,1.8226,4.6344,-1.33,1.4,-2.38,rising
9.6998,1.8825,4.5625,-2.38,-3.99,0.56,rising
9.2496,1.825,4.426,0.28,-7.98,-0.14,rising
9.6711,1.7603,4.3062,1.33,-6.23,0.49,rising
9.2496,1.8657,4.22,0.28,-3.71,2.17,rising
9.6519,1.8154,4.1937,-0.21,-3.99,2.45,rising
9.616,1.734,4.0739,0.56,-4.06,1.61,rising
9.8819,1.7939,4.0572,-1.12,-3.43,2.1,rising
9.8747,1.7268,4.0117,0.0,-2.38,-0.35,rising
10.0519,1.8034,4.0787,-0.98,-5.46,-0.14,rising
9.9202,1.7891,3.8536,-0.77,-2.45,-1.68,rising
10.0567,1.7172,3.8656,-1.61,5.32,2.45,rising
10.7153,1.9783,4.3398,-0.98,2.87,0.77,rising
11.4985,2.1507,4.6799,-2.38,1.96,0.77,rising
10.4591,1.8801,4.5673,0.0,3.64,-2.31,rising
9.6639,1.6933,4.0093,0.0,4.55,-1.68,rising
9.2879,1.5927,3.9111,2.24,-4.27,1.05,rising
9.2544,1.5639,3.8775,4.9,-1.05,2.45,rising
9.343,1.8657,3.8704,2.24,-0.7,2.8,rising
9.1154,1.6047,3.8129,3.36,7.98,-3.99,rising
8.6173,1.5496,3.6404,0.42,4.97,1.26,rising
7.5683,1.516,3.2405,3.78,-11.76,2.52,rising
7.8509,1.3221,3.1806,7.21,-5.18,5.04,rising
7.6808,1.358,3.0417,10.15,-3.99,4.83,rising
9.5681,1.8873,3.6644,3.85,-2.87,2.8,rising
9.2879,1.6023,3.5518,-1.33,2.8,-3.29,rising
9.3549,1.5687,3.3123,-0.84,-7.63,3.22,rising
9.3262,1.6286,3.5039,0.56,1.19,2.87,falling
9.034,1.4466,3.4991,-2.17,0.98,4.27,falling
7.9706,1.4131,3.195,-6.23,3.29,-1.75,falling
8.0018,1.3221,3.2309,-6.65,7.07,-9.59,falling
7.7766,1.2478,2.9219,-5.95,3.92,-2.8,falling
9.0101,1.5807,3.8129,-5.46,-0.91,1.19,falling
9.3214,1.552,3.8751,-1.26,-2.17,-1.33,falling
9.343,1.5759,3.9087,-1.33,-1.96,-0.49,falling
9.446,1.6669,3.9709,-1.12,-2.03,-0.7,falling
9.6663,1.6262,3.8009,-0.98,-7.42,0.77,falling
9.6783,1.7124,3.9398,0.14,-4.34,0.21,falling
9.9705,1.6741,3.7937,0.49,-2.38,-3.64,falling
10.1214,1.6813,3.8225,0.7,-5.88,1.96,falling
10.0447,1.7005,3.4392,0.56,-7.35,3.15,falling
9.9082,1.6837,3.4943,2.1,-1.05,0.49,falling
9.6064,1.5256,3.3075,-0.07,-1.68,0.49,falling
9.9034,1.5855,3.4009,-1.47,1.96,0.42,falling
10.1549,1.6502,3.4848,-2.8,2.03,-1.26,falling
10.483,1.7508,3.7626,-0.49,2.94,-1.05,falling
11.9511,2.1747,4.2847,-2.59,1.96,2.03,falling
11.4985,2.1244,4.4811,0.35,10.01,-4.06,falling
10.2124,1.8394,3.6979,0.56,3.08,-3.78,falling
9.5561,1.6765,3.4871,-2.73,2.8,1.19,falling
9.3813,1.6047,3.3482,3.43,-0.7,-1.75,falling
9.4316,1.7603,3.662,8.96,11.13,2.03,falling
9.3765,1.9136,3.8488,7.42,-2.94,5.18,falling
8.9334,1.4969,3.5398,10.92,-4.13,2.8,falling
8.9143,1.7364,3.4608,2.87,-3.43,5.74,falling
8.6125,1.4993,3.0608,1.68,-7.07,1.19,falling
4.7158,0.7975,1.7412,3.5,-4.62,-4.41,falling
9.7286,1.9064,3.7793,5.74,8.54,12.95,falling
9.2591,1.6214,3.5542,-0.07,-5.53,-4.13,falling
9.5442,1.4394,3.0105,2.17,-0.42,1.61,falling
9.6184,1.8873,3.2333,-0.14,-6.37,3.99,rising
9.6807,1.7076,3.3458,-3.22,3.22,2.66,rising
9.3909,1.5017,3.1854,-8.61,-0.84,0.7,rising
8.7466,1.358,3.1159,-7.56,-2.03,-0.07,rising
8.8017,1.255,3.1902,-3.22,-0.7,-1.19,rising
8.6604,1.1616,3.3123,-4.62,7.63,-2.52,rising
8.9238,1.4658,3.2021,-1.12,2.73,-2.87,rising
9.4939,1.6023,3.6308,-2.73,-0.35,-5.18,rising
9.1418,1.6358,3.4033,-0.7,6.72,-3.99,rising
9.113,1.4681,3.4632,0.28,-6.86,0.98,rising
9.5753,1.7388,3.6261,-1.61,-8.33,2.73,rising
9.8914,1.6142,3.6141,-0.98,-1.68,-1.61,rising
9.9633,1.734,3.8129,-1.68,4.83,-1.75,rising
9.7789,1.7412,3.6213,-3.5,1.4,-1.12,rising
9.6807,1.5831,3.7554,-1.4,-1.05,-0.63,rising
9.5609,1.5783,3.7674,-0.7,1.05,-0.21,rising
9.5034,1.6957,3.5327,1.4,3.01,-0.63,rising
9.7046,1.7124,3.6955,0.07,-4.41,0.84,rising
9.6807,1.6789,3.6452,-0.77,1.61,-1.4,rising
9.5657,1.7292,3.4752,-0.84,-2.24,-1.05,rising
9.5968,1.7388,3.6476,-0.77,1.68,0.63,rising
9.4244,1.8011,3.6476,-0.35,-3.29,1.54,rising
9.7214,1.8537,3.7147,-0.56,2.17,0.28,rising
9.4819,1.7148,3.4871,-1.4,-0.7,0.7,rising
10.0782,1.8514,3.5542,3.64,0.42,0.84,rising
10.1429,1.8466,3.7698,0.7,0.56,0.28,rising
10.4088,1.9783,4.062,-1.05,-2.17,0.98,rising
10.9069,1.9088,4.153,0.84,2.31,-1.12,rising
10.9812,2.0453,4.0715,-0.84,-1.33,-0.84,rising
10.562,2.0717,4.0452,-0.63,-3.08,2.03,rising
9.7525,1.7723,3.6356,-0.49,1.26,2.17,rising
9.4867,1.5999,3.4512,-0.07,-3.15,2.1,rising
9.9154,1.722,3.5686,2.24,-6.16,5.04,rising
9.6232,1.7436,3.4081,5.18,-0.14,3.36,rising
8.9885,1.5304,3.0081,6.79,-3.78,0.7,rising
8.4951,1.4945,2.7758,9.1,-3.22,-0.7,rising
6.5288,1.0921,2.0813,4.55,2.17,-1.05,rising
7.7958,1.2143,2.577,4.48,4.62,3.43,rising
9.9777,1.7579,3.2932,0.77,-8.61,2.52,rising
9.4795,1.5472,3.0513,0.42,6.16,2.66,rising
9.6519,1.734,2.8285,1.12,-9.24,3.36,rising
9.6711,1.5903,2.9938,-0.35,0.35,-0.14,falling
9.6447,1.5663,2.9962,0.07,-3.22,0.91,falling
9.5897,1.5735,3.1231,-1.26,3.85,0.84,falling
8.5694,1.461,2.7519,-4.34,10.5,-2.59,falling
8.2413,1.4562,2.4525,-3.64,1.54,-5.53,falling
8.8041,1.4418,3.0297,-2.59,-6.02,-3.22,falling
8.8161,1.5807,2.9147,-1.82,7.56,2.03,falling
9.3094,1.7053,3.2453,-1.05,-1.96,-3.78,falling
9.6304,1.722,3.4536,-2.59,6.3,-5.53,falling
9.9633,1.8897,3.4632,-2.24,-1.33,1.12,falling
9.8028,1.8466,3.5231,-2.38,-2.38,1.33,falling
9.7142,1.8394,3.5063,-1.75,6.51,-1.61,falling
9.5825,1.8418,3.5806,-0.63,3.5,-3.64,falling
9.6136,1.8418,3.8009,1.05,3.01,-1.61,falling
9.5034,2.0741,3.5829,0.63,-2.45,-0.42,falling
9.5873,1.9352,3.7075,-0.56,-5.6,0.35,falling
9.822,1.9328,3.5015,-1.12,-0.49,-1.54,falling
9.5944,1.94,3.5183,0.0,-0.77,-0.07,falling
9.9489,2.0118,3.5374,0.56,-3.36,0.91,falling
10.0567,1.9615,3.5662,-0.14,-0.91,2.17,falling
9.6711,1.8777,3.5159,0.07,-0.98,0.98,falling
9.5537,1.7412,3.5949,-1.47,-0.63,-0.42,falling
10.3345,2.0214,3.6524,1.82,-2.52,0.28,falling
10.9716,2.0837,3.7674,-2.8,5.88,-1.33,falling
11.1464,2.328,3.9518,-0.42,2.03,-0.98,falling
10.5956,2.11,3.856,-1.26,-1.68,0.7,falling
9.8651,1.9112,3.3937,2.1,-3.85,3.64,falling
9.8747,1.8585,3.5686,1.61,-3.64,3.85,falling
10.1285,1.9112,3.3674,1.12,-7.0,4.48,falling
9.3717,1.5807,2.9674,2.52,-4.69,4.97,falling
8.8759,1.5639,2.9315,3.01,-7.21,2.1,falling
8.3323,1.3939,2.3998,2.45,-5.53,0.98,falling
5.9181,0.97,1.734,3.15,2.17,-2.45,falling
9.9657,1.7124,2.9602,3.08,9.17,7.63,falling
9.501,1.6262,2.989,0.49,5.6,0.0,falling
9.5418,1.6861,2.8549,0.42,0.63,0.07,falling
9.5897,1.6047,3.159,1.12,-7.63,1.54,rising
9.6208,1.6693,3.0034,-1.61,0.35,-0.07,rising
9.4603,1.5807,2.989,-2.1,3.15,0.28,rising
8.9023,1.5113,2.9435,-3.99,5.74,-1.89,rising
8.9262,1.5184,2.8189,-5.11,4.34,-5.53,rising
8.2676,1.4442,3.0656,-1.33,6.16,-3.71,rising
8.1359,1.4705,2.8285,-1.82,0.28,-1.19,rising
9.0364,1.7819,3.1974,-3.5,-1.19,-1.19,rising
9.2208,1.7867,3.4967,-4.9,5.88,-2.03,rising
9.4579,1.8585,4.1865,-12.67,16.52,-3.43,rising
9.4364,1.6717,4.3901,-5.6,15.89,-4.06,rising
9.3765,1.9088,4.6511,-8.96,1.05,1.96,rising
9.331,1.6741,4.3925,-3.08,-5.74,-1.12,rising
9.6519,1.7699,4.5529,-0.98,3.85,1.82,rising
9.4196,1.7579,4.2847,0.35,0.7,0.28,rising
9.3358,1.6334,4.2176,-0.28,1.33,-0.91,rising
9.343,1.6837,4.3949,-0.98,-4.13,-0.56,rising
9.446,1.9759,4.4955,-3.43,2.45,-6.51,rising
9.2903,1.7651,4.6439,-13.51,-1.82,-2.66,rising
9.1418,2.122,4.3877,-7.42,-7.98,1.75,rising
9.1993,2.1268,4.8691,-12.39,-4.69,0.49,rising
10.0687,0.2563,4.3015,-23.24,9.52,20.37,rising
9.719,0.7544,5.293,4.55,7.07,21.49,rising
10.9644,0.8383,4.8787,51.73,10.85,-3.92,rising
9.6184,0.9891,4.8427,24.01,-13.37,-14.84,rising
10.2052,1.1424,5.1277,-4.2,-8.61,-5.04,rising
9.8268,1.5496,4.6392,0.14,-7.07,3.01,rising
9.628,1.4131,4.4188,1.12,-8.05,0.91,rising
9.7046,0.7688,4.5002,27.09,-1.19,4.13,rising
9.1945,1.4466,3.9087,11.34,-4.06,5.74,rising
8.4592,1.3029,3.9733,22.54,2.59,5.53,rising
8.1215,1.2813,3.5063,29.4,18.83,6.65,rising
5.7648,1.1376,1.6238,11.97,6.51,-1.75,rising
9.446,1.7915,4.3853,-7.56,-1.68,9.45,rising
9.058,1.2622,4.9745,-7.07,0.63,2.38,rising
8.8664,1.4753,3.9494,-1.19,-0.42,2.8,rising
9.7717,1.7915,3.4584,-21.0,-31.08,-1.47,falling
9.5154,1.3316,4.3901,-13.93,-9.1,-1.89,falling
9.4795,1.3436,3.8656,0.42,5.11,-0.49,falling
9.2951,1.4514,3.7889,5.95,11.69,0.49,falling
9.2544,1.3771,3.5614,-9.87,-8.89,1.4,falling
9.2472,1.4753,3.4081,-2.38,-10.5,2.73,falling
8.6987,1.2406,3.0728,-10.57,-8.82,-2.59,falling
7.997,1.1209,2.7399,-5.25,-3.01,-3.92,falling
8.1239,1.267,2.862,-3.01,6.44,-3.5,falling
9.2975,1.2358,3.377,-1.89,6.93,-1.68,falling
9.5489,1.3939,3.8105,-4.41,3.01,-5.11,falling
9.5442,1.4681,3.8991,-3.92,4.62,-2.66,falling
9.8004,1.5544,4.0428,-4.55,6.37,-1.19,falling
9.7286,1.5137,4.0931,-3.01,1.26,-2.03,falling
9.707,1.6023,4.0643,-0.28,4.13,-0.35,falling
9.5705,1.6478,4.1027,0.77,3.43,-3.15,falling
9.8747,1.6334,4.4643,-2.17,-1.05,-2.8,falling
9.7501,1.6238,4.3949,0.49,3.92,-2.03,falling
9.9992,1.8154,4.5745,0.0,-0.7,1.05,falling
10.0136,1.7244,4.3781,1.47,2.52,2.03,falling
9.2999,1.7292,4.2416,0.7,-5.53,3.22,falling
9.9369,1.8705,4.1889,-0.98,-9.87,3.5,falling
13.4361,2.1603,5.7361,-5.04,-16.1,1.82,falling
11.2734,1.6047,4.4428,2.17,5.25,1.4,falling
10.0279,1.5951,3.9206,2.17,-5.04,-1.82,falling
9.9848,1.5496,3.9015,-0.42,-5.88,4.27,falling
9.786,1.4466,3.5255,2.8,-0.21,3.36,falling
9.2663,1.425,3.2884,3.57,-5.95,2.45,falling
8.5335,1.1903,3.0872,1.61,-5.32,3.29,falling
5.7504,0.7904,2.1459,4.2,-6.79,-1.12,falling
6.5408,0.4383,2.11,8.26,15.12,-2.17,falling
9.9968,1.722,3.5303,1.4,1.61,3.64,falling
9.525,1.3676,3.3602,-1.26,-9.17,-1.26,falling
9.525,1.4011,3.3842,1.82,-7.21,4.06,falling
9.7238,1.3316,3.1303,0.21,-1.82,1.75,rising
9.6328,1.4083,3.1399,-0.84,0.0,-0.07,rising
9.6423,1.3268,3.1902,-1.4,2.94,0.35,rising
8.8592,1.2239,3.0345,0.49,-0.56,5.18,rising
8.349,1.2047,2.9028,-4.13,4.97,-1.82,rising
7.5204,1.0131,2.5052,-6.86,-3.71,-11.55,rising
7.8006,1.0514,2.8333,-3.29,6.93,-0.98,rising
8.6053,1.4322,3.001,-1.54,1.68,-1.19,rising
10.0639,1.5352,3.8584,-3.36,4.9,-4.41,rising
10.3752,1.6717,3.9518,-3.71,4.76,-4.13,rising
9.992,1.655,3.9111,-2.31,-1.19,-1.82,rising
10.0782,1.6957,3.8488,-0.98,-2.24,2.59,rising
9.992,1.7076,3.9111,-1.05,-3.15,0.14,rising
9.913,1.5544,3.7338,0.77,0.91,-1.4,rising
9.3621,1.5592,3.5949,0.0,2.59,-2.59,rising
9.7405,1.6023,3.8584,-0.77,5.25,-3.29,rising
10.1453,1.631,3.9111,1.19,-10.78,3.99,rising
10.792,1.8897,4.1434,2.03,-7.98,2.73,rising
9.8675,1.655,3.4824,-1.33,4.41,0.63,rising
8.9214,1.425,3.4273,-4.69,3.15,-3.36,rising
9.4747,1.4394,3.5829,-0.84,-0.7,0.21,rising
10.2435,1.6933,3.9206,-0.91,-1.61,3.36,rising
11.247,1.655,4.4308,-0.98,2.73,-2.1,rising
11.3739,2.0406,4.3039,-1.96,8.68,-1.33,rising
10.689,1.7651,4.6559,-1.89,7.63,-3.99,rising
9.8531,1.449,3.9183,-0.77,6.79,-0.49,rising
9.4316,1.5352,4.2655,-0.63,-6.58,6.02,rising
10.186,1.6502,4.0955,4.13,-4.48,2.94,rising
9.9274,1.6095,3.935,4.76,-8.26,5.46,rising
9.2232,1.4226,3.4057,7.77,-12.6,2.94,rising
4.7709,0.6347,1.5304,5.46,-11.62,0.56,rising
5.3768,0.7257,2.2417,1.54,-0.14,0.42,rising
11.1776,2.0334,3.8488,2.59,27.58,7.7,rising
9.0077,1.1712,3.2692,1.12,-6.37,3.99,rising
9.6615,1.7508,3.4895,1.19,-7.56,5.18,rising
9.5873,1.1831,3.1686,-1.68,-5.46,-0.35,falling
9.2472,1.2454,3.2261,-3.92,-2.31,1.61,falling
9.0939,1.2358,2.9147,-1.19,2.45,0.98,falling
8.5095,1.0682,2.8046,-2.94,-7.35,-2.52,falling
7.6473,0.9963,2.68,-3.01,9.1,-8.68,falling
7.8149,1.0754,2.6561,-3.43,5.81,-6.16,falling
9.3741,1.4658,3.547,-1.96,6.02,-7.28,falling
9.5298,1.528,3.6285,-3.43,4.13,-4.27,falling
9.7884,1.619,3.7338,-2.38,-4.55,0.77,falling
9.8292,1.6813,3.8105,-0.21,-13.09,1.19,falling
10.2651,1.5831,3.7865,-0.98,3.43,-0.28,falling
9.9824,1.5903,3.5303,-0.91,-1.68,0.14,falling
10.0471,1.6717,3.5518,0.0,-3.15,0.0,falling
10.083,1.6334,3.4416,0.21,2.52,-2.31,falling
9.6208,1.6047,3.5015,-1.47,2.73,-1.61,falling
10.1812,1.5639,3.6476,0.28,0.21,-0.77,falling
10.9117,1.7124,3.8704,-0.21,-2.59,0.63,falling
9.5561,1.3915,3.8392,-0.91,-7.21,0.84,falling
9.41,1.4394,3.3722,-3.01,3.08,-1.61,falling
9.6735,1.6214,3.4081,-0.63,2.1,0.63,falling
11.1129,1.7915,3.8201,0.56,-3.99,2.17,falling
11.3644,1.9112,3.8512,-1.19,4.62,-0.77,falling
10.9428,1.7795,3.729,1.12,5.39,-3.43,falling
9.834,1.6909,3.7769,0.91,6.86,-2.24,falling
9.786,1.5232,3.6835,-1.47,-6.51,0.77,falling
9.4076,1.516,3.5853,4.55,2.59,1.19,falling
9.5346,1.631,3.5806,3.71,-6.51,4.76,falling
9.1178,1.4394,3.2453,4.2,-6.58,3.22,falling
8.761,1.3723,3.0417,3.22,-4.76,2.94,falling
7.6329,1.1712,2.3327,2.24,-9.1,1.61,falling
6.3324,0.6993,1.8202,1.54,-4.69,3.78,falling
10.507,1.7699,3.1854,2.8,2.94,7.84,falling
9.628,1.2071,2.9794,0.07,1.68,-0.42,falling
9.6998,1.2502,2.9578,1.47,-1.4,2.45,rising
9.731,1.3676,3.0704,-0.21,-3.5,0.14,rising
9.4268,1.1568,2.8908,-1.05,2.17,-0.7,rising
8.3442,1.2071,2.5004,0.35,1.82,0.77,rising
7.9539,1.0251,2.5148,-2.73,4.34,0.49,rising
6.9575,0.7975,2.213,-3.71,1.96,-5.18,rising
9.0987,1.2334,3.0057,-3.36,5.46,-2.45,rising
9.9489,1.2813,3.48,-4.69,6.16,-6.02,rising
10.1621,1.4969,3.365,-2.73,3.5,-3.36,rising
10.1956,1.6382,3.7865,-2.1,-0.28,-4.83,rising
9.7501,1.5831,3.4919,-0.35,1.33,-1.61,rising
10.0998,1.619,3.7865,-1.12,-4.48,0.07,rising
10.1166,1.4921,3.571,1.33,2.73,-0.21,rising
10.2243,1.6286,3.7219,0.28,-0.77,0.63,rising
10.3968,1.6334,3.6764,0.35,-0.77,1.33,rising
11.2853,1.7699,3.9278,-1.33,-8.26,2.17,rising
10.1118,1.6597,3.4177,0.56,1.68,-1.4,rising
8.9478,1.2382,3.171,-2.24,7.07,-1.75,rising
9.3621,1.4825,3.3363,-2.1,-2.66,0.07,rising
9.7022,1.4945,3.3219,-0.42,-1.89,2.52,rising
10.3728,1.528,3.6524,-0.28,1.54,2.1,rising
12.981,1.9807,4.6847,-2.66,-1.4,-0.14,rising
11.841,1.8633,4.1601,0.42,4.27,-2.24,rising
10.1285,1.746,3.5446,-3.71,6.93,-3.64,rising
9.6831,1.528,3.6021,-1.47,7.7,0.56,rising
9.3166,1.4729,3.5207,0.0,-3.78,3.29,rising
9.8819,1.4993,3.6668,1.82,-6.65,3.01,rising
8.967,1.437,3.2285,1.96,-7.14,3.78,rising
8.7873,1.1951,2.9243,5.53,-6.51,3.15,rising
8.5694,1.1736,2.5842,6.02,-5.18,3.85,rising
5.5948,0.6059,2.0094,5.46,-6.93,1.82,rising
8.6748,1.049,2.6776,4.9,14.49,6.65,rising
9.9585,1.5999,3.6117,0.42,0.14,-1.75,rising
9.1777,1.0778,3.2357,-1.54,5.18,-2.73,rising
9.7381,1.3364,3.2117,0.56,-8.33,3.85,rising
9.6591,1.3484,3.25,0.7,1.96,-2.1,rising
9.5849,1.2933,3.195,-0.21,0.91,0.28,rising
9.5849,1.3149,3.1063,0.0,1.61,-0.14,rising
9.4747,1.3077,3.1758,0.0,-1.61,2.03,falling
9.149,1.1496,3.1614,-1.47,-0.35,4.2,falling
8.5311,1.061,2.6273,-0.98,0.42,3.85,falling
7.3264,1.0323,2.3998,-5.6,2.17,-10.36,falling
7.7191,0.9915,2.6848,-2.66,5.74,-3.22,falling
9.2615,1.3891,3.1686,-4.06,0.21,0.56,falling
9.9465,1.346,3.353,-1.12,1.33,2.17,falling
10.0279,1.3891,3.6428,-1.89,3.01,-3.57,falling
9.8172,1.4083,3.3698,-1.89,-0.56,-4.2,falling
10.0136,1.4418,3.6835,-4.06,-7.84,-3.57,falling
10.0735,1.528,3.5997,-1.47,2.1,-3.15,falling
10.0375,1.267,3.6261,-1.54,2.31,0.63,falling
9.8172,1.4155,3.3794,2.24,-2.73,3.08,falling
10.8279,1.7579,3.6093,0.49,-5.04,0.42,falling
12.114,1.6741,3.8608,-1.89,-8.96,0.84,falling
10.3465,1.516,3.6907,-2.66,3.57,-1.05,falling
8.7251,1.0778,2.9746,-2.03,4.27,-2.59,falling
9.1801,1.2694,3.1734,-2.73,5.6,-0.77,falling
9.022,1.3292,2.9986,0.21,7.98,0.14,falling
10.8494,1.4394,4.0596,-4.34,-2.17,-2.73,falling
12.7152,1.9639,4.4068,0.42,8.33,3.57,falling
12.0014,1.8801,4.7421,-0.35,-4.34,-0.77,falling
10.3848,1.5711,3.5782,0.56,10.43,-4.69,falling
9.1274,1.3819,3.5686,-0.84,6.72,-4.27,falling
9.3238,1.4753,3.6835,-2.59,1.26,-1.61,falling
9.5537,1.5113,3.6644,3.71,-3.15,1.61,falling
9.4531,1.4035,3.571,1.47,-11.97,5.6,falling
8.7945,1.2095,3.3554,3.22,-5.6,0.7,falling
8.3778,1.176,3.0369,9.17,-5.6,5.11,falling
6.1097,0.7951,2.1004,9.94,-2.94,-0.84,falling
8.3993,1.0346,3.0513,3.71,9.66,5.04,falling
9.501,1.4681,3.5758,1.82,-4.13,-1.47,falling
9.4196,1.3292,3.3171,1.54,9.24,0.0,falling
9.5226,1.461,3.5949,-0.91,-9.45,2.03,falling
9.501,1.4921,3.4416,0.28,-1.26,-0.7,rising
9.422,1.3149,3.3387,-0.14,-0.14,1.26,rising
9.046,1.3532,3.2884,-2.17,2.1,3.85,rising
8.6412,1.3939,2.8692,-7.07,2.94,-1.4,rising
7.4988,1.2071,2.6776,-6.72,-8.12,-7.28,rising
6.9527,1.0131,2.395,-3.01,13.65,-1.89,rising
9.3094,1.3795,3.4369,-5.39,3.43,-0.35,rising
9.9417,1.4131,3.9398,-3.5,5.67,-4.69,rising
10.3034,1.6837,3.9566,0.7,1.05,-0.63,rising
9.7884,1.4849,3.8344,-1.19,-5.88,-2.31,rising
9.7142,1.5448,3.7171,-0.84,-5.04,0.35,rising
9.9944,1.5807,3.844,-0.14,0.63,-1.68,rising
10.3656,1.643,3.8919,1.05,-0.49,1.61,rising
11.0339,1.7915,4.1027,0.42,-4.9,1.68,rising
10.2195,1.5639,3.844,0.7,-0.35,-0.49,rising
9.9848,1.5807,3.7314,-1.05,-4.34,1.26,rising
9.7166,1.5544,3.5087,0.14,0.7,-0.42,rising
9.41,1.4586,3.5422,0.07,1.12,-0.28,rising
8.9358,1.3963,3.2596,-0.28,4.62,0.0,rising
8.8975,1.5065,3.2165,-3.64,-0.56,0.84,rising
10.7273,1.6693,4.0955,-1.12,-2.17,-0.35,rising
12.1164,2.0022,4.2128,0.77,-0.07,4.2,rising
11.7452,1.7963,4.8739,-0.63,-1.54,-1.89,rising
10.2219,1.5903,4.0572,-1.82,3.64,-0.49,rising
9.3334,1.425,3.3147,-0.56,4.13,-0.14,rising
9.1418,1.243,3.741,2.1,4.55,-2.8,rising
9.1609,1.4155,3.3578,7.98,0.63,0.07,rising
9.2065,1.5663,3.7578,7.07,-8.4,2.59,rising
8.9622,1.4202,3.092,5.67,-8.61,2.1,rising
8.6987,1.1664,3.0489,2.73,-5.74,3.71,rising
6.7923,0.982,2.3304,1.68,-7.28,2.17,rising
7.4677,0.8454,2.4765,3.01,0.77,5.18,rising
9.7693,1.5089,3.3698,1.47,-6.51,2.03,rising
9.6064,1.2502,3.1087,-0.56,9.66,-1.47,rising
9.513,1.2909,3.1854,-0.49,-8.4,1.61,rising
9.5968,1.4993,3.1902,1.61,0.21,0.7,rising
9.6112,1.2933,3.1758,0.14,-0.56,0.56,falling
9.501,1.2454,3.0896,-1.26,-1.33,1.96,falling
8.9071,1.231,2.9483,-2.38,2.45,1.47,falling
8.1,1.1257,2.2346,0.28,-1.4,-2.38,falling
7.0318,0.7951,2.3854,-7.07,-6.37,-10.36,falling
7.9467,0.9412,2.704,-6.23,14.42,0.42,falling
9.786,1.4753,3.4369,-6.23,6.72,-3.57,falling
10.1285,1.3029,3.7674,-3.36,0.77,-4.06,falling
10.0327,1.4394,3.5925,-0.14,-1.82,-0.56,falling
10.0256,1.54,3.8368,-0.35,-0.21,-0.7,falling
10.2387,1.6023,3.9566,-1.12,3.78,-3.43,falling
10.1118,1.4179,3.9638,-0.56,-1.12,0.35,falling
10.0758,1.6885,3.8895,1.19,-0.28,-0.07,falling
10.2914,1.8178,3.5159,0.21,1.61,2.24,falling
10.174,1.6789,3.638,0.49,-5.11,2.59,falling
9.9777,1.54,3.923,0.07,-3.5,1.19,falling
9.3885,1.3915,3.4321,0.0,2.38,-2.31,falling
9.6687,1.619,3.535,-3.08,-0.21,-2.87,falling
9.1562,1.4705,3.4919,-0.28,6.79,-0.98,falling
9.6112,1.4586,3.8201,-1.12,2.66,-1.26,falling
9.8819,1.6933,3.8225,-0.14,1.68,-0.28,falling
9.695,1.4873,3.6907,-1.33,-3.85,3.43,falling
10.9333,1.655,4.2991,-0.84,-5.95,3.29,falling
10.0687,1.6047,3.9111,1.89,-9.52,0.0,falling
11.4171,1.6358,3.7243,-1.61,-8.47,1.61,falling
10.8758,1.5903,3.7123,3.15,-2.59,0.35,falling
10.1812,1.5376,3.1495,0.84,-6.3,1.4,falling
10.0184,1.3101,3.3195,2.59,3.99,-2.66,falling
10.0495,1.2789,3.2692,2.8,-0.98,0.56,falling
10.0208,1.3244,3.3171,2.52,-7.07,3.71,falling
9.5178,1.3891,2.8141,3.71,-2.38,0.63,falling
7.118,0.9939,2.2034,1.75,-4.9,0.49,falling
5.4271,0.5341,1.7412,4.55,4.34,-1.89,falling
10.1788,1.3053,2.9914,5.95,2.52,8.68,falling
9.5202,1.3532,3.0034,1.89,2.45,-1.75,falling
9.6136,1.1855,2.9914,2.52,1.54,-0.14,falling
9.7022,1.437,2.9746,3.01,-5.32,1.05,falling
9.8124,1.1448,2.716,1.75,-3.92,1.82,falling
9.7118,1.2478,2.8046,1.47,-2.59,1.68,rising
9.7142,1.2215,2.8453,0.07,-1.19,0.63,rising
9.5058,1.1137,2.7902,0.84,1.4,1.4,rising
8.9382,1.1113,2.6704,-1.96,5.25,-0.7,rising
7.7239,0.7928,2.201,-4.06,-5.46,0.21,rising
6.6773,0.7161,2.0142,-4.69,0.77,-9.1,rising
8.4832,1.1568,2.2968,-2.87,0.77,6.58,rising
9.434,1.0514,3.0944,-5.88,4.13,-3.99,rising
10.2148,1.2885,3.3746,-4.97,11.13,-7.63,rising
10.0232,1.3029,3.5255,-3.92,0.7,-6.65,rising
10.0782,1.4346,3.5063,-2.66,-3.15,-1.82,rising
10.4471,1.461,3.7219,-1.89,0.7,-1.89,rising
10.289,1.4418,3.5063,-1.19,1.12,-0.49,rising
10.5333,1.6717,3.5207,-2.24,-2.73,1.89,rising
10.3321,1.5568,3.9015,-0.07,-3.71,2.45,rising
10.7273,1.516,3.7506,-0.49,-5.95,3.43,rising
9.5106,1.4274,3.1614,-1.47,-3.08,-0.91,rising
9.5418,1.3723,3.0656,-2.45,-0.28,-3.57,rising
9.4747,1.3795,3.0345,0.21,5.18,-1.68,rising
10.0184,1.4226,3.262,-1.33,-3.57,2.38,rising
10.6123,1.5663,3.6644,0.21,4.55,2.87,rising
12.7367,1.6047,3.8727,-2.38,-1.47,1.68,rising
11.6278,1.7412,4.0141,-2.52,2.52,-3.43,rising
9.913,1.5496,3.3985,0.0,16.1,-7.7,rising
9.319,0.982,3.3961,-1.4,4.76,-3.99,rising
9.7741,1.5041,3.4297,1.4,-0.7,1.75,rising
10.1788,1.6621,3.9039,7.0,-4.97,4.97,rising
9.3023,1.4538,3.48,7.28,-5.6,6.58,rising
8.5311,1.4394,2.8501,8.19,-12.88,7.0,rising
6.5671,0.7664,2.2896,8.33,-4.13,5.04,rising
7.4533,0.9508,2.2657,4.06,9.17,2.31,rising
10.0974,1.5855,3.2668,1.12,-6.16,5.11,rising
9.3813,1.2071,3.0776,-0.42,1.68,-0.28,rising
9.6352,1.3963,2.9746,1.4,-1.96,2.1,rising
9.7381,1.2167,2.7902,0.42,-2.1,1.33,rising
9.6902,1.2574,2.9602,0.91,-1.89,0.91,falling
9.6328,1.2742,2.9028,0.49,-1.4,-0.14,falling
9.6208,1.2071,3.0441,-0.28,-0.07,1.19,falling
8.373,0.9365,2.5507,1.47,-0.84,5.74,falling
8.4137,0.8143,2.8932,-2.59,-2.45,5.95,falling
7.7,0.8478,2.201,-5.25,11.83,-13.16,falling
8.7155,0.9724,2.7447,-4.27,4.76,-1.75,falling
9.2544,1.2406,3.2644,-2.03,9.17,-4.62,falling
10.0591,1.5376,3.5925,-1.96,0.91,-3.92,falling
10.0591,1.425,3.6452,-0.49,-0.21,-2.1,falling
9.7142,1.2957,3.5566,-1.96,-2.52,-1.47,falling
9.8986,1.425,3.5877,-0.42,-6.23,-0.35,falling
10.2603,1.5304,3.6285,-0.14,-2.03,-1.12,falling
10.3824,1.6813,3.7003,-0.7,-1.47,0.35,falling
10.2531,1.5639,3.5542,0.07,0.0,-0.49,falling
10.1908,1.5256,3.6955,-1.68,2.73,-3.57,falling
10.2794,1.4562,3.456,-2.87,-2.52,2.03,falling
10.1597,1.4131,3.5303,-0.98,-4.06,0.98,falling
9.7262,1.4418,3.2381,-0.14,2.59,-1.75,falling
9.4819,1.3412,3.2357,-0.49,0.42,-0.63,falling
9.537,1.3652,3.2692,0.63,0.63,0.07,falling
9.7286,1.4562,3.2716,-0.07,-1.33,0.14,falling
9.5944,1.4729,3.286,-0.28,0.84,-0.28,falling
9.5873,1.3843,3.1303,-0.91,0.63,-0.91,falling
9.8914,1.5687,3.2165,-0.91,-1.47,-0.49,falling
9.628,1.4969,3.3051,0.0,1.12,1.12,falling
9.6136,1.4346,3.3411,0.07,-1.26,1.12,falling
10.0447,1.425,3.4081,-0.77,-3.29,1.47,falling
11.6087,1.6981,3.9542,-1.61,-5.95,3.01,falling
12.0972,1.8178,4.2607,-1.61,4.97,-3.29,falling
9.7837,1.5017,3.6285,-6.02,6.65,-3.78,falling
9.4292,1.2861,3.5135,-4.34,13.16,-7.0,falling
9.7477,1.6238,3.6931,0.42,1.54,2.94,falling
10.2938,1.4849,3.8632,2.38,-8.68,6.02,falling
10.4255,1.655,3.8416,2.66,-8.89,4.41,falling
9.5322,1.2215,3.2333,7.98,-1.89,5.39,falling
5.7624,0.7688,1.9016,9.87,-2.52,1.19,falling
5.4702,0.7496,1.9543,3.57,2.8,-4.55,falling
10.2028,1.8585,3.3626,3.71,15.12,5.39,falling
9.6687,1.6142,3.9135,-3.5,-2.1,-5.04,falling
9.3573,1.5975,2.898,2.45,0.63,2.45,falling
9.6376,1.3723,3.4632,0.7,-10.92,3.43,rising
9.537,1.552,3.3482,0.0,-0.77,1.33,rising
9.6711,1.4634,3.2596,0.14,-0.49,1.12,rising
9.5633,1.346,3.3482,0.35,-0.63,1.68,rising
9.5777,1.4442,3.2405,0.42,-2.66,1.12,rising
9.6519,1.3197,3.2381,0.63,-3.92,0.84,rising
9.5681,1.3292,3.1135,0.28,0.56,-0.07,rising
9.5082,1.3244,3.1135,0.28,-0.84,-0.84,rising
9.6112,1.3556,3.1518,0.28,-5.46,0.63,rising
9.7381,1.4155,3.1758,-1.05,2.73,0.07,rising
9.6064,1.3412,3.2021,-0.84,5.81,-0.7,rising
9.6184,1.3891,3.3099,-1.68,3.36,-1.89,rising
9.5082,1.4442,3.4345,-4.2,10.64,-4.41,rising
9.3981,1.4107,3.3674,-4.2,4.41,-0.77,rising
9.3957,1.3604,3.5734,-7.0,-0.28,0.91,rising
9.4148,1.3244,3.5542,1.96,-6.09,3.92,rising
9.4196,1.1257,3.7051,1.54,0.7,3.99,rising
9.4843,1.2047,3.4345,1.82,2.8,1.19,rising
9.3286,1.176,3.4824,-1.19,-0.63,-1.47,rising
9.3023,1.2526,3.4057,0.84,-7.28,4.83,rising
8.0113,0.9412,3.0752,-3.57,1.75,-2.8,rising
7.0054,0.855,2.3663,-1.82,2.38,-9.03,rising
7.7982,1.0394,2.8429,-0.07,-0.28,0.35,rising
9.9202,1.4993,3.6955,-2.03,-4.34,1.12,rising
10.0926,1.4514,3.6931,-3.01,5.39,-1.61,rising
9.6591,1.3867,3.4369,-3.43,-4.34,-0.28,rising
9.834,1.4849,3.4488,-2.03,-5.11,-0.07,rising
10.368,1.4274,3.6261,0.42,-5.81,-0.07,rising
10.301,1.5184,3.5327,0.42,-0.14,-0.14,rising
10.4016,1.4945,3.6308,-0.28,-0.77,0.7,rising
10.1549,1.4658,3.8153,-0.28,8.47,-2.66,rising
10.2124,1.6071,3.9781,0.84,3.64,0.98,rising
11.0195,1.6238,3.9925,-1.89,-9.94,1.82,rising
9.4292,1.267,3.5039,-0.63,-2.45,-0.49,rising
9.2855,1.2023,3.3506,-0.49,11.41,-2.52,rising
9.0029,1.2885,3.2333,-1.4,-2.38,-0.35,rising
9.1514,1.5256,3.4464,-0.56,-6.65,1.54,rising
9.7837,1.4514,3.5303,-2.03,7.63,-3.78,rising
10.3585,1.4586,3.7985,-1.89,-2.45,0.49,rising
12.0278,1.6142,4.438,-1.89,-5.25,4.48,rising
12.126,1.8466,4.6032,1.75,-7.56,2.17,rising
10.6842,1.4658,3.7817,-3.36,6.37,-3.15,rising
9.5202,1.152,3.1854,0.07,0.7,3.29,rising
10.0423,1.3197,3.6452,-3.57,-8.61,7.84,rising
10.1309,1.2837,3.2572,11.55,10.85,0.56,rising
9.0699,1.5616,3.2812,5.18,-11.13,6.09,rising
8.2508,0.7592,2.4142,0.0,-1.33,2.24,rising
5.3289,0.8646,1.5663,4.97,0.7,-2.87,rising
7.5635,0.7616,2.5507,3.85,12.95,3.85,rising
10.1764,1.4921,3.5327,0.0,-7.7,-3.29,rising
9.5082,1.2406,3.0537,-0.98,8.33,-1.75,rising
9.4915,1.4849,3.0201,0.98,-8.12,4.97,rising
9.5298,1.3867,3.0608,-5.18,0.63,1.68,falling
9.5561,0.9628,3.2548,-4.06,-9.73,3.29,falling
9.513,0.8407,3.0776,-3.36,1.47,-0.42,falling
10.5237,1.6214,3.0848,3.64,-11.62,0.56,falling
9.2831,1.1376,2.9435,-1.26,25.48,-2.73,falling
7.1012,0.7257,2.5459,-8.4,1.75,-10.36,falling
12.526,2.8405,4.5649,9.73,18.76,14.35,falling
6.5432,0.5053,2.9243,-0.07,-7.77,-0.35,falling
9.2639,1.3125,3.8727,-3.01,7.0,-0.07,falling
8.8424,1.1281,4.9074,-12.88,44.8,0.0,falling
9.0412,0.5461,5.9468,-4.69,76.02,9.94,falling
8.1359,0.8526,4.3853,-2.24,30.1,-3.71,falling
6.5408,0.2491,2.9052,-12.11,-99.68,-5.81,falling
9.3573,1.8274,6.3995,21.42,-88.27,-35.42,falling
10.7991,0.855,3.7889,-39.48,28.07,11.9,falling
7.4533,0.3449,3.5566,82.32,60.55,49.0,falling
9.4388,-10.665,10.5046,-76.65,143.9899,99.54,falling
5.9756,-5.2523,-0.5173,-189.3499,288.4699,-19.25,falling
0.8526,-0.8886,10.5716,42.28,316.3999,-122.57,falling
-10.7177,-0.8742,14.0444,23.94,151.06,-212.7999,falling
-12.3224,1.2191,8.8735,-73.99,-41.16,21.49,falling
-11.9511,0.7353,5.9253,-182.9799,-103.74,224.6299,falling
-8.634,-12.1236,13.642,-209.4399,-234.3599,250.3899,falling
0.0192,-16.6574,5.748,-34.44,-350.0699,14.07,falling
3.0441,-8.8927,0.7281,-23.38,-221.8999,-198.6599,falling
4.929,0.9508,3.3937,78.47,27.23,-180.4599,falling
6.0642,13.2612,6.3612,68.95,-28.56,-30.66,falling
8.6317,1.4107,3.638,-36.61,-13.44,-11.55,falling
6.2797,3.1063,3.9877,-0.28,-33.25,-25.76,falling
7.894,5.1493,5.9253,112.7,7.21,-0.63,falling
8.3658,3.6764,4.2416,25.34,-20.72,-37.03,falling
8.7275,2.4381,6.3612,-67.62,-18.97,10.36,falling
9.1418,-0.1581,5.0894,22.05,4.13,-2.8,falling
7.4389,1.8897,4.5338,7.35,6.16,11.76,falling
8.9071,4.0955,2.9052,97.72,-8.33,17.64,falling
9.9872,3.535,3.1758,39.06,-10.36,17.57,falling
7.9323,2.1723,7.0605,-80.99,-26.74,11.76,falling
8.9214,0.5628,3.2405,29.26,8.61,-1.68,falling
9.0651,1.6717,2.4765,-22.96,7.21,-2.8,falling
9.8962,2.395,1.1712,-39.55,-3.71,-9.66,falling
8.5502,1.9974,5.5373,-27.58,-45.64,-5.32,falling
9.8244,1.3628,3.2333,-40.46,20.44,-4.48,falling
9.6447,1.3292,2.2178,-4.2,35.84,23.31,falling
9.9393,-0.8191,4.2895,75.81,22.4,23.87,falling
9.4244,3.1087,2.9794,49.07,3.92,11.34,falling
9.1562,1.8873,6.2606,-74.69,-25.97,-10.78,falling
7.7215,0.4862,3.6788,-4.13,-2.45,-6.44,falling
9.1298,1.3556,4.3637,4.97,-2.94,-0.7,falling
9.4651,1.631,3.9829,-5.67,-8.19,-3.92,falling
9.5849,1.4873,3.8344,3.57,-22.54,2.66,falling
9.4196,1.6214,3.4416,7.77,-6.51,4.34,falling
9.4891,1.6166,3.1974,2.94,-9.87,1.82,falling
9.4795,1.6214,3.2141,1.61,-3.99,0.14,falling
9.628,1.6238,3.068,1.54,-1.61,-0.28,falling
9.604,1.6669,3.0441,7.14,1.68,1.75,falling
9.5561,1.4777,3.1471,-1.68,4.27,-0.63,falling
9.64,1.5879,3.1902,-0.14,2.66,0.28,falling
9.6208,1.6957,3.1327,1.61,0.77,-0.07,falling
9.5322,1.6214,3.2285,1.19,0.28,-1.26,falling
9.5849,1.6358,3.2429,0.42,-0.63,-0.14,falling
9.5513,1.6095,3.2644,-0.35,0.0,0.56,falling
9.5465,1.5927,3.2524,-1.19,0.07,-0.7,falling
9.5082,1.528,3.2716,-0.42,0.07,0.0,falling
9.4579,1.5184,3.2213,1.82,0.77,-1.05,falling
9.5274,1.6142,3.2381,-0.98,0.49,0.98,falling
9.5442,1.5663,3.3123,-0.42,-1.19,0.56,falling
9.5394,1.5424,3.2309,-0.49,-1.82,1.26,falling
9.5777,1.5711,3.2357,0.14,-2.45,0.7,falling
9.5849,1.5376,3.1686,0.0,-0.49,0.49,falling
9.6352,1.5041,3.2261,-0.07,-1.47,1.05,falling
9.5489,1.5759,3.1686,-0.28,0.35,-0.07,falling
9.7046,1.5544,3.1279,-0.35,0.42,-0.91,falling
9.5657,1.516,3.2045,-0.49,0.42,0.07,falling
9.5489,1.5544,3.2261,-0.49,1.12,-0.35,falling
9.5968,1.5639,3.195,0.7,0.91,-1.12,falling
9.5753,1.5472,3.2524,0.42,4.83,-1.26,falling
9.4939,1.5855,3.4081,1.12,2.52,-1.54,falling
9.4915,1.631,3.3123,0.42,0.98,-0.7,falling
9.5897,1.6885,3.3722,-2.03,-1.54,0.07,falling
9.4771,1.6933,3.4033,-0.56,7.0,-2.1,falling
9.4412,1.6454,3.3842,-1.54,-0.07,1.19,falling
9.513,1.5879,3.3842,-0.42,-1.75,0.77,falling
9.4795,1.6621,3.3554,0.35,-4.48,0.84,falling
9.4891,1.6526,3.377,0.56,-1.89,-0.07,falling
9.5825,1.71,3.3075,0.14,-0.49,0.91,falling
9.6112,1.6981,3.3219,0.28,-3.99,2.24,falling
9.5465,1.5663,3.2572,-0.14,-1.68,0.63,falling
9.4723,1.5831,3.1878,-0.49,-1.47,-0.07,falling
9.5513,1.6286,3.2453,-0.84,-0.07,0.42,falling
9.6136,1.6118,3.1734,-0.35,0.35,0.7,falling
9.5465,1.5759,3.2021,-0.14,1.05,-0.28,falling
9.6232,1.6095,3.2309,-0.28,-0.07,0.14,falling
9.513,1.552,3.1159,0.56,-6.02,2.38,falling
9.6807,1.6023,3.1447,0.63,-5.32,2.24,falling
9.786,1.5759,3.1135,1.05,2.87,-0.28,falling
9.6423,1.6047,3.1327,-0.07,0.07,-0.14,falling
9.6352,1.5184,3.0153,-0.49,1.33,1.47,falling
8.864,1.3484,2.7495,2.73,-1.26,2.17,rising
7.7359,1.3819,2.419,-4.62,4.2,-3.36,rising
7.3096,1.2454,2.4597,-5.46,-4.76,-10.78,rising
8.3778,1.437,2.7423,-1.33,10.22,-2.17,rising
9.0149,1.6981,3.0345,-4.27,-1.61,-0.77,rising
9.9489,1.7915,3.6045,-4.41,-4.06,-1.82,rising
9.4963,1.6382,3.3482,-1.4,4.34,-1.96,rising
9.7741,1.7843,3.3578,-2.59,-1.05,-1.96,rising
10.0735,2.0477,3.6045,-0.28,2.52,0.21,rising
10.5213,2.0094,3.6979,3.43,3.57,-0.35,rising
10.2674,2.007,3.5877,-0.14,-0.21,1.54,rising
10.8902,2.1507,3.9542,-0.49,2.03,1.4,rising
11.6542,2.316,4.0548,-1.54,-2.24,0.07,rising
9.5298,1.7579,3.2237,-1.89,-3.29,-0.07,rising
9.3957,1.8753,3.3434,-3.01,7.84,-0.98,rising
9.2232,1.9687,3.535,3.29,2.03,-0.14,rising
9.8483,1.8873,3.844,1.05,-5.95,2.45,rising
11.8649,2.4836,4.3877,1.47,0.77,1.61,rising
12.0996,2.1388,4.2512,-1.19,-3.43,3.36,rising
10.6794,1.7196,3.7889,-8.19,-4.41,0.14,rising
9.707,1.5472,3.7626,-2.17,7.77,3.78,rising
9.4723,1.5855,3.547,6.16,13.65,-1.33,rising
9.5513,1.6334,3.8967,0.91,1.12,1.05,rising
8.6939,1.7819,3.4273,8.12,-1.47,-1.89,rising
8.088,1.5831,3.0129,1.54,2.87,0.49,rising
6.1432,1.0514,2.4525,2.03,-12.18,-2.45,rising
6.3731,1.0825,2.5723,2.38,-2.66,-0.21,rising
10.0232,1.9591,3.5853,2.1,-3.5,5.95,rising
9.5921,1.8322,3.2692,-0.28,2.94,1.19,rising
9.5058,1.7316,3.3434,0.56,-3.08,2.38,rising
9.5394,1.6693,3.2453,1.47,-6.72,2.45,rising
9.5561,1.7196,3.3339,1.4,-2.87,3.29,rising
9.5202,1.5616,3.1518,0.7,-2.66,2.45,rising
9.5465,1.5208,3.4392,-0.91,-3.08,1.61,rising
9.5681,1.4921,3.0465,-0.7,-0.28,1.82,falling
9.1897,1.3963,2.9722,1.47,1.89,3.43,falling
7.3719,1.2742,2.316,-1.89,-3.64,-3.08,falling
6.8617,1.4035,2.4357,-4.06,-2.87,-4.83,falling
7.8437,1.1352,2.4836,-1.75,9.24,1.96,falling
8.9262,1.1975,2.9914,-2.8,-2.59,0.7,falling
9.8483,1.5639,3.1327,-2.45,-2.03,0.84,falling
10.004,1.7795,3.3291,-2.87,4.06,-3.71,falling
9.6112,1.5927,3.183,-1.61,1.12,-3.5,falling
10.0495,1.6502,3.456,-2.03,-6.58,0.07,falling
10.0615,1.746,3.2932,1.68,2.31,-0.35,falling
11.0746,1.9543,3.6261,0.49,-6.72,4.41,falling
12.7463,2.0885,4.2727,-0.14,-5.25,3.15,falling
10.9572,1.928,3.1351,2.73,1.26,1.05,falling
8.4616,1.2694,2.4908,-2.59,3.99,-7.28,falling
9.1059,2.0214,2.6417,-3.5,0.07,-1.19,falling
9.7118,1.837,3.2668,0.0,1.54,4.69,falling
10.3776,1.6597,3.4369,-1.19,0.91,0.7,falling
12.9714,2.3447,3.5686,-0.49,-5.53,0.56,falling
11.4338,2.1914,3.6907,-2.66,6.72,-3.85,falling
10.2459,1.7939,3.0752,-3.71,-1.61,-0.91,falling
9.5418,1.5496,3.377,-0.7,10.71,-2.66,falling
9.2735,1.7053,3.2836,4.97,12.32,-2.38,falling
9.9465,1.6238,3.5135,13.09,-7.21,0.0,falling
9.0891,1.6406,3.2285,2.73,-0.98,2.87,falling
8.4113,1.6238,2.6273,6.23,-8.05,5.6,falling
6.3109,1.0442,2.2633,4.55,-7.28,-2.45,falling
7.7335,1.2718,2.3639,0.35,7.84,7.98,falling
9.6543,1.7508,3.159,0.21,-18.06,7.84,falling
9.7741,1.54,2.9123,2.87,-1.47,2.66,falling
9.6711,1.643,2.7447,0.35,3.15,3.01,falling
9.707,1.3723,2.8429,-0.7,-1.12,0.07,falling
9.6902,1.4346,2.8453,-0.21,-3.43,1.05,falling
9.7597,1.4849,2.7543,-0.28,1.47,0.49,falling
9.7597,1.3652,2.7686,-0.35,0.91,0.77,falling
9.6256,1.425,2.8956,-0.56,1.89,-0.7,falling
9.5801,1.3963,2.9195,-1.47,0.91,-1.75,falling
9.5058,1.437,2.9962,0.14,0.56,1.19,falling
9.4172,1.3005,2.8022,-0.77,0.28,0.49,falling
9.81,1.4059,2.8477,-2.38,-3.78,-1.19,falling
10.095,1.4562,2.9363,-1.4,6.02,-2.87,rising
9.3645,1.5352,2.7926,-1.96,2.17,-2.87,rising
8.3874,1.176,2.6202,-0.21,-3.57,-0.21,rising
6.4689,1.0706,1.8969,-2.8,-1.96,-3.85,rising
7.0964,1.0945,2.2058,-3.36,9.66,-6.72,rising
9.9681,1.6358,3.3171,-2.52,5.04,0.14,rising
9.6471,1.8226,3.25,-4.27,-0.91,-6.65,rising
10.0184,1.7675,3.5087,-5.53,-0.84,-7.14,rising
10.0136,1.8585,3.2668,-0.63,-3.15,-0.91,rising
10.5525,1.9591,3.5542,2.03,-11.76,2.94,rising
10.8135,1.9903,3.3243,0.42,0.35,1.19,rising
10.7512,1.9112,3.0608,1.47,-1.54,0.84,rising
10.883,1.9543,3.3171,2.03,-1.82,3.36,rising
10.9165,1.9424,3.1758,0.91,-5.04,2.94,rising
9.6376,1.6358,2.9219,0.07,1.19,-0.84,rising
9.5442,1.4753,2.6657,-1.26,1.4,-2.87,rising
9.8196,1.71,2.9435,0.35,1.89,0.28,rising
9.6304,1.6478,3.1303,0.63,-1.68,0.91,rising
12.696,2.201,3.389,-2.17,-1.19,3.36,rising
11.8458,2.3112,3.8368,-3.22,6.3,-3.22,rising
10.5405,1.4969,3.4369,-5.46,-3.85,-3.57,rising
9.3861,1.6071,3.1758,-2.38,17.08,-1.82,rising
9.4627,1.6669,3.1111,6.3,3.92,3.36,rising
10.0902,1.8418,3.2932,10.92,-0.77,4.9,rising
9.3526,1.6262,3.262,4.76,-1.96,0.35,rising
8.9095,1.5687,2.7662,0.98,-7.98,1.47,rising
5.7552,0.8694,1.8849,0.56,-8.33,-4.76,rising
6.3851,1.0203,2.1938,-0.35,-0.49,1.4,rising
10.0998,1.825,3.1399,-0.56,2.66,3.43,rising
9.4867,1.528,3.0249,-0.91,7.28,-0.98,rising
9.4986,1.6765,3.0441,1.82,0.49,2.94,rising
9.5897,1.5424,3.1854,0.7,-4.76,1.54,rising
9.6376,1.6286,3.0081,-0.14,-1.26,1.19,rising
9.5705,1.5496,3.0824,0.63,3.22,0.21,rising
9.5873,1.5208,3.0632,-0.7,0.42,-0.21,rising
9.6328,1.6095,3.1159,-0.42,-1.82,1.75,rising
9.3406,1.5448,3.0177,-1.54,0.91,-0.49,rising
9.5585,1.6023,3.1686,-2.38,5.39,-2.17,rising
9.6926,1.6693,3.3291,-1.75,2.38,-2.24,rising
9.3837,1.6334,2.9842,-0.42,1.68,1.61,rising
8.955,1.5017,3.068,1.4,3.57,-0.42,falling
8.0976,1.4394,2.9076,-1.19,-0.91,-3.22,falling
7.039,1.3221,2.577,-1.4,3.78,-2.38,falling
7.8221,1.3628,2.9147,-1.19,7.49,4.34,falling
9.6447,1.8082,3.5638,-2.31,-1.75,-2.8,falling
9.7765,1.8058,3.5853,-2.52,-0.91,-4.69,falling
9.8914,1.8537,3.7027,-4.55,-3.71,-2.17,falling
10.0303,1.7915,3.5614,-3.99,-4.9,0.0,falling
10.2866,1.9256,3.6931,0.42,0.63,-1.82,falling
10.2124,1.9735,3.5422,-0.07,2.24,-0.56,falling
10.4686,2.0645,3.5327,1.19,2.03,-1.47,falling
10.2579,2.0885,3.7386,0.28,0.56,-1.61,falling
10.9357,2.1292,4.0859,-0.63,-5.74,3.15,falling
9.4148,1.8106,3.5638,-0.7,4.97,-0.77,falling
9.2448,1.6645,3.4416,-1.05,-3.36,-0.14,falling
9.3334,1.7699,3.0992,1.4,2.17,0.42,falling
9.513,1.8993,3.3818,0.63,-2.94,1.82,falling
9.501,1.8298,3.4249,-1.33,2.31,0.28,falling
9.5633,1.7579,3.3842,-0.42,-1.68,0.0,falling
10.4543,1.9088,3.7961,-0.42,1.68,5.11,falling
12.4661,2.2226,4.5721,-0.77,-3.22,-0.28,falling
11.6853,2.1292,3.947,-7.98,7.07,-3.92,falling
10.0591,2.0142,3.7889,-3.85,11.48,-7.28,falling
9.6926,1.7963,3.6165,-1.89,-3.43,5.04,falling
9.731,1.722,3.7147,8.75,-0.42,3.57,falling
9.4292,1.5831,3.3937,11.27,-8.47,3.22,falling
9.6902,1.5568,3.3411,4.2,-5.53,3.57,falling
6.9288,1.2574,2.2609,1.26,-2.87,-1.68,falling
5.5732,0.8598,2.1627,5.04,-11.97,-1.05,falling
9.6376,1.6118,2.9339,3.92,12.53,8.68,falling
9.537,1.6861,3.2979,-2.24,-5.18,-1.68,falling
9.5513,1.528,3.1734,-3.5,6.58,-4.41,falling
9.4986,1.6597,3.3291,0.07,1.33,-3.5,falling
9.4747,1.7795,3.1183,0.84,-2.87,1.89,falling
9.6855,1.5592,3.2381,1.19,-5.95,4.76,falling
9.616,1.6047,3.0201,0.21,-2.52,2.59,falling
9.5801,1.54,3.0513,1.54,-1.26,4.27,falling
9.1801,1.2718,2.9171,1.96,-2.24,7.56,falling
8.8975,1.4921,2.5818,-1.47,-4.06,4.83,falling
7.8509,1.2742,2.419,-3.22,1.05,-3.15,falling
7.2282,1.0275,1.8466,-3.85,9.73,-7.42,falling
9.1753,1.5017,3.1902,-0.35,-0.42,3.36,rising
9.9609,1.552,3.3937,-3.29,3.71,-6.44,rising
10.1166,1.6406,3.5446,-6.72,8.19,-4.76,rising
9.7262,1.6286,3.2405,-3.36,-1.96,-3.57,rising
10.1836,1.8082,3.6213,-1.96,-0.84,-0.35,rising
10.1764,1.7436,3.4871,-1.61,4.06,-3.08,rising
10.1764,1.7651,3.832,-1.05,-3.08,0.98,rising
10.2842,1.9328,3.5087,-0.35,2.8,1.82,rising
10.3944,1.8537,3.6668,-1.19,-1.68,0.91,rising
10.9812,1.9495,3.6811,0.07,-3.78,1.33,rising
9.331,1.6717,3.5638,0.35,0.28,-1.05,rising
9.2735,1.6214,3.1063,-1.4,-2.1,-2.38,rising
9.4196,1.7484,3.2836,-0.35,-0.07,0.7,rising
9.5154,1.5089,3.171,-1.33,-3.64,0.7,rising
9.5418,1.7196,3.0369,0.07,1.96,-0.28,rising
9.6735,1.7579,3.3315,0.21,-0.14,0.28,rising
10.1501,1.8657,3.4153,0.28,0.98,1.82,rising
11.5608,2.213,4.3302,-0.84,-7.42,1.26,rising
11.4745,2.0501,3.8584,-5.95,11.69,-1.61,rising
10.4878,1.7316,4.0787,-8.75,7.84,-6.23,rising
9.4412,1.6645,3.5973,-5.18,5.67,2.73,rising
9.4028,1.8561,3.8248,1.96,2.38,-0.07,rising
9.5705,1.7484,3.6931,3.71,9.59,-1.12,rising
9.2256,1.7987,3.8751,1.4,-7.91,0.0,rising
9.1442,1.7244,3.5877,2.38,-4.76,3.08,rising
6.9168,1.3125,2.3806,5.39,-11.41,1.4,rising
6.2366,1.0227,2.3136,3.64,-12.25,8.33,rising
9.8914,1.6837,3.2045,3.22,1.47,11.2,rising
9.513,1.5113,3.1016,1.54,0.14,1.61,rising
9.6016,1.4825,2.8956,1.75,1.12,1.33,rising
9.6711,1.4945,3.1159,0.14,-3.43,0.49,rising
9.6088,1.4083,3.0632,-1.19,-0.98,0.77,rising
9.6376,1.4849,3.1327,-0.21,3.15,-1.54,rising
9.5873,1.4514,3.0968,-0.14,0.14,0.0,rising
9.5777,1.4921,3.1662,-0.28,-1.19,1.19,rising
9.7094,1.4729,3.1399,0.14,1.96,1.12,rising
9.5298,1.5663,3.1255,-0.21,2.45,0.28,rising
9.3214,1.4873,3.1279,-0.84,10.92,-3.78,rising
8.8209,1.3388,3.4009,-2.38,-4.55,-0.98,rising
7.4725,1.3029,2.6489,-1.4,-5.46,-2.66,falling
6.7156,1.0849,2.3016,-3.5,9.45,-8.89,falling
9.6136,1.8346,3.6572,-4.13,7.49,-0.42,falling
9.5202,1.6885,3.6548,-5.67,8.82,-8.68,falling
9.719,1.7627,3.9494,-5.25,2.66,-3.08,falling
9.6735,1.9448,3.7937,-2.24,-0.98,-0.49,falling
9.5082,1.7124,3.7099,-0.49,-5.25,0.98,falling
9.7022,1.849,3.8632,3.64,-8.26,0.35,falling
10.4447,1.9998,3.9254,2.73,-4.13,3.01,falling
10.5572,1.9687,3.8823,2.59,0.21,1.75,falling
10.8159,1.94,3.9039,0.77,-5.74,1.33,falling
10.7488,1.9519,3.4824,1.26,-5.39,4.06,falling
9.6783,1.7771,3.0752,-0.35,4.34,0.21,falling
9.3047,1.5663,3.1375,0.0,1.05,-2.94,falling
9.4292,1.6885,2.8668,-0.49,-3.99,-0.07,falling
9.5298,1.7076,3.3937,-1.19,-2.45,1.96,falling
10.0112,1.7053,3.4033,-1.89,4.9,0.07,falling
11.4937,2.0477,4.0164,-5.81,0.14,3.29,falling
11.647,2.2058,4.4428,-4.41,3.85,-6.3,falling
10.7177,1.928,3.9901,-6.37,-8.54,-1.47,falling
9.3406,1.849,3.4416,1.4,26.11,-11.34,falling
9.0867,1.6741,3.571,-0.21,10.92,-4.48,falling
9.7334,2.1052,3.8464,-0.7,-6.23,5.18,falling
9.8387,2.0046,4.0835,2.8,-15.96,7.49,falling
9.8004,1.6885,3.765,2.45,-8.26,6.09,falling
9.24,1.7795,3.0345,8.75,-0.98,5.53,falling
5.2858,0.8023,1.2765,15.82,-16.31,3.5,falling
5.7912,0.685,1.8011,7.28,-1.68,-0.21,falling
10.6028,1.6286,3.5159,5.11,6.65,10.92,falling
9.3358,1.4346,3.1159,-0.21,8.33,-6.02,falling
9.5298,1.4825,3.1087,-0.7,5.39,-3.43,falling
9.4675,1.5496,3.2644,-0.56,-2.73,-0.07,falling
9.4891,1.7053,3.262,-0.42,0.7,0.35,falling
9.5537,1.5137,3.3698,0.21,-2.52,0.42,falling
9.4963,1.5113,3.3123,0.63,-1.89,1.05,rising
9.5609,1.5616,3.2237,-1.05,-1.89,0.21,rising
9.4627,1.4562,3.183,0.0,0.0,2.24,rising
9.0053,1.4394,2.862,1.05,1.54,3.5,rising
8.4592,1.1712,2.8932,-1.61,-5.11,-0.56,rising
7.5467,1.1281,2.4693,-3.01,-4.34,-1.89,rising
7.4294,1.1616,2.4501,-2.87,2.38,0.0,rising
9.6304,1.6286,3.1231,-4.06,-0.84,-0.21,rising
9.3478,1.5328,3.1542,-2.87,6.44,-4.06,rising
10.3153,1.6095,3.5183,-6.02,-0.21,-0.63,rising
9.6328,1.6071,3.2788,-4.76,-0.7,-2.73,rising
9.8723,1.6142,3.3602,-3.57,-5.67,-0.98,rising
10.277,1.7723,3.3147,-2.38,-0.98,-1.82,rising
10.3944,1.6837,3.3746,1.54,-0.98,-0.63,rising
10.6578,1.7723,3.4608,1.68,0.28,0.14,rising
10.3321,1.8178,3.5039,1.47,-2.03,-0.49,rising
10.9165,1.9064,3.5853,1.82,-0.91,1.47,rising
9.6639,1.449,3.1423,-1.61,4.06,1.12,rising
9.5082,1.7484,3.0944,-2.03,-0.7,-1.54,rising
9.1394,1.4993,2.9459,-0.63,1.19,1.75,rising
9.7046,1.6502,3.0273,-1.61,1.89,0.14,rising
10.2938,1.8897,3.1566,1.05,1.19,0.42,rising
11.7619,2.0573,3.9039,-0.91,-1.26,5.53,rising
11.3428,2.134,3.856,-2.03,6.93,-4.2,rising
11.3141,1.9543,3.7746,-2.66,-3.01,-1.82,rising
9.3765,1.8202,3.6668,-1.26,13.37,-7.14,rising
9.0939,1.4586,3.2596,-2.94,2.66,0.77,rising
9.7573,1.722,3.5566,1.47,-2.8,3.71,rising
9.7549,1.6238,3.4871,6.93,-9.45,2.8,rising
9.4076,1.3388,3.3937,17.43,-3.29,4.13,rising
9.0125,1.5999,2.9866,6.65,-0.42,5.18,rising
6.9815,1.2454,2.134,6.79,-1.96,-4.27,rising
6.2462,0.685,2.0166,4.48,-1.12,1.61,rising
10.1597,1.9495,2.9962,7.49,-10.5,11.69,rising
9.8651,1.6334,2.9578,1.05,5.39,-1.75,rising
9.6088,1.4514,2.862,1.82,4.69,3.85,rising
9.5873,1.5807,3.0201,-1.12,-3.5,0.07,rising
9.7573,1.4825,2.9842,-0.98,1.19,-0.84,rising
9.5609,1.5041,3.159,-0.56,5.74,-1.54,rising
9.5202,1.5903,3.0297,-0.28,-1.68,0.0,falling
9.6998,1.5759,3.1542,-2.8,-0.49,-0.56,falling
9.7238,1.5304,2.9698,-0.98,-4.69,-2.73,falling
9.5849,1.552,3.1423,0.98,6.37,-1.96,falling
9.5489,1.6166,3.068,0.49,-0.28,1.89,falling
9.5418,1.6047,3.195,-0.28,-2.1,0.35,falling
9.604,1.552,3.0129,0.98,2.1,0.98,falling
9.2304,1.54,2.9123,0.84,-4.9,5.11,falling
9.2999,1.4011,3.0321,-0.91,-2.1,3.64,falling
8.464,1.2885,2.6561,-4.9,2.73,-0.56,falling
7.3767,1.0083,2.3902,-6.16,3.71,-8.4,falling
7.7718,1.2215,2.6968,-2.73,2.38,-4.2,falling
9.1538,1.6789,3.2165,-2.87,1.82,-4.97,falling
10.1261,1.9136,3.5806,-5.95,7.14,-5.67,falling
9.695,1.7029,3.3698,-5.04,-0.63,1.61,falling
9.8986,1.7053,3.7482,-1.4,-4.41,0.84,falling
9.834,1.837,3.4512,-0.56,1.47,-4.13,falling
10.107,1.9448,3.3722,2.03,-3.43,-3.92,falling
10.1118,1.904,3.5782,1.05,-0.63,0.7,falling
10.4016,1.8873,3.4943,1.96,-2.59,1.54,falling
10.38,1.837,3.6356,0.56,-1.54,3.71,falling
10.5549,1.9615,3.4752,-0.28,-3.64,4.62,falling
9.9753,1.8322,3.3698,-0.35,-1.4,0.98,falling
9.3214,1.6142,3.1351,-2.45,1.33,-1.47,falling
9.0771,1.5999,2.989,-0.14,4.13,-1.54,falling
9.2903,1.643,3.2596,-0.07,-2.31,-1.26,falling
9.6256,1.6669,3.4129,-1.05,3.85,0.42,falling
10.3153,1.94,3.5422,-0.63,2.66,-1.89,falling
11.9703,2.3783,4.0907,-1.68,1.82,6.02,falling
11.5655,2.1603,4.6751,-2.1,-0.84,-2.87,falling
10.768,1.9855,3.7578,-0.91,0.7,1.12,falling
8.9717,1.6478,3.5111,0.21,14.07,-5.95,falling
8.9238,1.6645,3.4536,-1.47,3.71,-0.91,falling
9.3621,1.8609,3.444,0.91,-3.01,2.17,falling
9.4076,1.8346,3.6811,3.29,-6.37,0.14,falling
9.1609,1.813,3.2764,9.17,1.33,0.21,falling
9.0843,1.8801,3.1471,9.52,-1.89,5.32,falling
7.3982,1.3963,2.7399,9.31,-1.47,-0.42,falling
6.833,1.2981,2.6321,4.69,4.34,0.77,falling
9.5058,2.0142,3.2285,3.5,4.48,5.81,falling
9.5082,1.8011,3.6356,-1.61,-1.75,-1.19,falling
9.4124,1.7388,3.2692,2.45,1.82,2.38,falling
9.4052,1.7555,3.4273,1.05,-3.57,3.92,falling
9.5465,1.7076,3.4105,0.28,-3.5,0.14,falling
9.5465,1.643,3.2788,-1.19,-1.33,0.7,falling
9.5082,1.6909,3.3363,-0.7,0.98,0.56,rising
9.4963,1.6861,3.2548,0.28,-0.7,-0.35,rising
9.513,1.7053,3.2932,-0.07,-1.19,-0.42,rising
9.5585,1.7436,3.3506,-0.21,-0.07,0.98,rising
9.5274,1.6286,3.286,0.14,-0.63,0.49,rising
9.5513,1.7196,3.286,0.35,-0.07,0.28,rising
9.5561,1.6717,3.2812,-1.12,0.49,0.49,rising
9.5394,1.6334,3.2548,-0.14,1.89,-1.26,rising
9.5058,1.7508,3.2716,-0.21,0.63,0.28,rising
9.4915,1.6933,3.377,-0.42,1.4,-0.28,rising
9.4627,1.7005,3.3027,0.28,-1.54,0.49,rising
9.5633,1.7508,3.3746,-0.14,-0.77,-0.91,rising
9.4771,1.6813,3.3626,-0.28,1.33,-0.42,rising
9.5202,1.7651,3.3698,-0.77,1.4,-0.49,rising
9.4699,1.7316,3.4057,-0.56,-0.21,-0.49,rising
9.4316,1.6621,3.3913,-0.21,-0.84,0.98,rising
9.4124,1.6981,3.353,0.28,-0.56,1.19,rising
9.3142,1.6574,3.2812,2.31,0.07,4.06,rising
9.0628,1.6621,3.0704,0.91,-4.48,1.61,rising
8.4808,1.5544,3.0225,-0.7,3.57,-4.2,rising
7.7311,1.37,2.2753,-4.06,-4.9,-4.27,rising
7.3695,1.2861,2.6704,-0.98,-0.91,-0.77,rising
9.525,1.8585,3.2932,-1.54,0.35,0.14,rising
9.8148,1.8825,3.4967,-2.24,3.5,-2.03,rising
9.7022,1.7484,3.365,-1.33,-3.22,-2.03,rising
9.4651,1.8202,3.48,-0.14,-1.12,-0.56,rising
9.604,1.9376,3.3075,-0.91,-1.19,-1.47,rising
10.0327,2.043,3.5111,0.35,-3.01,0.0,rising
10.6794,2.0358,3.638,0.0,1.47,0.07,rising
10.0327,1.8801,3.6979,1.54,-1.4,-0.56,rising
9.8411,1.9328,3.5422,0.91,0.98,-1.33,rising
10.2579,2.043,3.5327,0.63,-3.01,2.38,rising
10.756,2.1004,3.6308,-1.19,-5.81,1.96,rising
9.4819,1.9304,3.1303,-1.75,6.79,-2.52,rising
9.4028,1.7939,3.2524,-0.98,1.12,-2.03,rising
9.4963,1.8657,3.25,-0.35,-2.66,2.31,rising
9.5729,1.9184,3.1542,-1.19,0.07,0.98,rising
9.6064,1.8993,3.4728,-0.14,1.33,-0.56,rising
9.4603,1.8011,3.3363,0.0,1.75,0.49,rising
9.5346,1.7987,3.2644,-0.49,-0.63,0.07,rising
9.7022,1.7555,3.4967,-0.35,-0.63,2.31,rising
12.3152,2.4094,4.5146,0.21,-4.55,1.96,rising
11.9248,2.1675,3.947,-3.78,9.38,-0.56,rising
10.3585,1.7915,3.8153,-6.23,4.83,-1.82,rising
9.2376,1.7053,3.4464,-2.59,10.71,-0.91,rising
9.0628,1.6981,3.6764,-0.35,-0.28,1.47,rising
9.5753,1.6741,3.6764,2.8,-8.12,0.98,rising
9.3765,1.6813,3.4776,5.39,-2.66,1.19,rising
9.0771,1.8226,3.1782,2.38,0.91,0.7,rising
7.1276,1.2263,2.6872,5.32,-6.65,1.68,rising
6.3851,1.0394,2.328,5.67,2.17,-0.98,rising
