Time;Ax;Ay;Az;Gx;Gy;Gz;BAR;P;R;Mag;UP;DOWN
0;9.51781;3.37219;1.75315;3.01;-0.56;-1.33;994.5625;0;0;0;0;0
1;9.42919;3.47517;1.64538;-2.24;-2.8;1.89;994.5979;0;0;0;0;0
2;9.42201;3.3674;1.54239;2.03;-1.61;0.35;994.59814;0;0;0;0;0
3;9.52739;3.38177;1.55916;0.14;1.05;0.91;994.57397;0;0;0;0;0
4;9.43638;3.32189;1.55197;1.26;1.54;1.12;994.57324;0;0;0;0;0
5;9.5705;3.23807;1.56634;-4.13;2.1;1.68;994.5603;0;0;0;0;0
6;9.51302;3.23328;1.70765;1.05;2.8;0.49;994.54321;0;0;0;0;0
7;9.58726;3.26202;1.67651;-0.63;1.12;-0.77;994.53735;0;0;0;0;0
8;9.60163;3.32668;1.84177;-1.68;1.26;-0.77;994.52466;0;0;0;0;0
9;9.57289;3.35303;1.95673;-3.78;1.26;-6.93;994.50708;0;0;0;0;0
10;9.38848;3.33387;1.80345;-2.73;-0.56;-0.98;994.49829;0;0;0;0;0
11;9.29268;3.30273;1.89207;-3.43;-1.82;0.56;994.48755;0;0;0;0;0
12;9.47949;3.34824;1.85375;0.77;-0.56;0.21;994.49365;0;0;0;0;0
13;9.4723;3.34345;1.8274;1.05;-0.7;0.21;994.48096;0;0;0;0;0
14;9.40764;3.30752;1.72202;1.05;0.84;0.56;994.49829;0;0;0;0;0
15;9.56571;3.26202;1.78189;8.05;1.82;1.05;994.49829;0;0;0;0;0
16;9.4747;3.40811;1.73399;3.43;1.05;-2.38;994.49097;0;0;0;0;0
17;9.4268;3.34824;1.72681;1.4;2.1;-0.35;994.4873;0;0;0;0;0
18;9.49386;3.36261;1.81542;-3.15;1.19;0.28;994.48608;0;0;0;0;0
19;9.46272;3.365;1.85135;-1.26;0.63;-0.49;994.48877;0;0;0;0;0
20;9.42919;3.41051;1.86812;-4.83;-2.66;-0.77;994.49292;0;0;0;0;0
21;9.56331;3.37219;1.71962;5.11;0.56;-2.17;994.51074;0;0;0;1;0
22;9.54894;3.54702;1.82021;3.85;-2.8;-2.8;994.48828;0;0;0;0;0
23;9.26633;3.53744;1.75794;-4.9;-0.14;-6.02;994.48853;0;0;0;0;0
24;9.61361;3.85838;1.93278;-0.77;-1.47;-4.34;994.48022;0;0;0;0;0
25;9.77886;3.95418;2.06451;2.17;-5.53;-2.94;994.48193;0;0;0;0;0
26;9.03162;3.72426;1.39869;8.82;-9.31;0.42;994.46802;0;0;0;0;0
27;8.10235;3.28357;0.68498;8.33;0.42;3.5;994.4563;0;0;0;0;0
28;7.89877;3.33626;0.24429;0.49;17.28999;10.85;994.44775;0;0;0;0;0
29;5.76242;2.23455;1.07776;0.21;24.00999;13.44;994.46411;0;0;0;0;0
30;5.11097;1.30768;1.30289;0.56;22.11999;4.76;994.5083;0;0;0;0;0
31;6.93119;2.19623;1.67891;0.91;32.33999;4.48;994.52051;0;0;0;0;0
32;9.17772;2.32317;3.85598;-20.57999;39.89999;14.27999;994.53442;0;0;0;0;0
33;11.57273;2.62734;5.89414;-43.32998;27.15999;23.72999;994.54102;0;0;0;0;0
34;11.30689;3.09916;5.90851;-26.03999;14.13999;13.01999;994.56006;0;0;0;0;0
35;10.51414;1.9711;6.14802;-14.06999;6.44;4.55;994.55859;0;0;0;0;0
36;10.32493;2.14354;5.92528;-13.71999;8.12;2.66;994.57275;0;0;0;0;0
37;10.69616;1.72681;6.18394;-12.67;13.37;4.97;994.57642;0;0;0;0;0
38;10.32014;1.32924;6.69408;-1.75;12.80999;2.1;994.62134;0;0;0;0;0
39;9.55613;1.12805;6.10251;-2.87;5.81;4.83;994.60205;0;0;0;0;1
40;8.80409;1.14242;5.87259;5.6;1.89;-1.82;994.6001;0;0;0;0;0
41;9.77647;1.80345;6.28453;5.88;0.7;-4.62;994.63062;0;0;0;0;0
42;11.47214;2.3088;7.46528;0.98;-7.63;-6.37;994.65723;0;0;0;0;0
43;11.61585;2.66087;7.2114;6.37;-10.85;1.05;994.67529;0;0;0;0;0
44;10.40876;2.53872;6.72521;9.73;-19.52999;-10.43;994.68652;0;0;0;0;0
45;9.91299;2.3064;5.75044;11.2;-25.54999;-13.09;994.69336;0;0;0;0;0
46;8.3658;2.51717;4.3757;9.94;-38.07999;-15.60999;994.69775;0;0;0;0;0
47;6.28214;1.87291;2.41418;5.6;-39.26999;-17.49999;994.66528;0;0;0;0;0
48;6.44979;1.85854;2.0693;0.49;-32.61999;-15.53999;994.65234;0;0;0;0;0
49;6.43063;2.213;1.76273;0.77;-33.38999;-17.42999;994.65576;0;0;0;0;0
50;6.7803;2.49322;1.17835;-0.21;-29.39999;-9.59;994.61841;0;0;0;0;0
51;8.31551;3.72186;0.02874;5.39;-28.62999;-5.11;994.60742;0;0;0;0;0
52;9.27352;4.10267;-0.29938;-3.99;-17.70999;-4.34;994.59766;0;0;0;0;0
53;9.05317;3.79132;1.02986;-9.24;-5.18;1.12;994.55347;0;0;0;0;0
54;9.78605;3.97094;0.57241;-4.55;-12.53;2.52;994.55566;0;0;0;0;0
55;9.53457;4.09548;0.1461;8.75;-5.25;6.86;994.5271;0;0;0;1;0
56;9.30465;3.38416;0.03353;6.86;-3.71;2.8;994.52832;0;0;0;0;0
57;9.49386;3.44883;0.22274;11.48;-6.51;1.54;994.50073;0;0;0;0;0
58;9.46991;4.45234;0.10299;14.27999;-12.39;-13.92999;994.49341;0;0;0;0;0
59;8.72506;3.58295;-0.48858;12.88;-15.04999;-6.23;994.48682;0;0;0;0;0
60;7.43893;3.01533;-1.43941;25.12999;-4.62;-0.14;994.45996;0;0;0;0;0
61;5.82469;1.5855;-1.04423;4.55;14.97999;15.60999;994.42603;0;0;0;0;0
62;5.1948;0.8191;0.13891;-17.91999;26.94999;3.29;994.44165;0;0;0;0;0
63;7.94668;3.29315;0.49816;-25.54999;57.81998;19.59999;994.42139;0;0;0;0;0
64;10.82309;3.7027;3.74821;-25.33999;45.63998;5.25;994.43726;0;0;0;0;0
65;9.80761;3.25723;2.9339;-9.45;28.48999;7.28;994.4458;0;0;0;0;0
66;9.9561;2.80696;3.2716;-11.62;34.78999;12.95;994.43311;0;0;0;0;0
67;10.66981;3.03688;4.41881;-12.18;25.54999;13.01999;994.43335;0;0;0;0;0
68;10.6291;2.68003;5.23791;-12.6;17.35999;9.45;994.43286;0;0;0;0;0
69;11.12247;2.62494;5.90851;-2.1;14.21;7.21;994.448;0;0;0;0;0
70;10.50695;2.03816;5.03194;1.19;14.06999;1.54;994.48511;0;0;0;0;0
71;10.69616;2.13636;5.50854;7.42;7.77;3.15;994.51196;0;0;0;0;0
72;9.85311;1.93757;5.18522;-0.21;0.49;5.67;994.5105;0;0;0;0;1
73;9.39327;2.00224;4.78525;3.08;0.49;0.21;994.52905;0;0;0;0;0
74;10.93087;2.36867;5.19719;-4.97;0.63;0.91;994.55249;0;0;0;0;0
75;11.96312;2.87642;6.19831;7.49;-5.18;-4.97;994.55762;0;0;0;0;0
76;10.64586;2.51477;5.8199;4.83;-7.42;9.45;994.60156;0;0;0;0;0
77;10.79914;2.80217;5.9612;1.68;-16.44999;6.02;994.6333;0;0;0;0;0
78;10.65065;2.37825;5.27144;14.0;-31.21999;-8.61;994.70874;0;0;0;0;0
79;8.75859;2.2609;3.35542;6.02;-42.76999;-9.8;994.73804;0;0;0;0;0
80;7.62814;1.50886;1.98547;-18.68999;-31.28999;-20.57999;994.74194;0;0;0;0;0
81;8.20294;2.03337;2.05972;4.2;-27.99999;-15.60999;994.72217;0;0;0;0;0
82;6.02826;1.71723;1.42983;8.4;-38.35999;-21.41999;994.71045;0;0;0;0;0
83;6.47134;2.14594;0.46942;1.33;-40.31999;-15.46999;994.69287;0;0;0;0;0
84;7.20661;2.8357;-0.17484;4.48;-31.07999;-4.97;994.64526;0;0;0;0;0
85;9.16813;3.753;-0.98435;1.26;-17.42999;-6.09;994.61182;0;0;0;0;0
86;9.68306;3.66917;-0.35207;-4.83;-5.46;-0.56;994.59912;0;0;0;0;0
87;9.18011;3.0297;-0.22274;6.79;-3.57;-2.73;994.63086;0;0;0;1;0
88;9.60403;4.10027;-1.08973;7.77;-0.42;1.75;994.61548;0;0;0;0;0
89;9.36213;3.42727;-0.84065;5.32;1.19;-6.93;994.61011;0;0;0;0;0
90;9.31663;3.98052;-0.68498;3.71;6.72;-4.27;994.61133;0;0;0;0;0
91;9.43398;4.40205;0.02635;22.74999;-0.14;-6.09;994.6001;0;0;0;0;0
92;8.55022;4.44516;-1.80824;33.45999;-17.56999;-5.6;994.6001;0;0;0;0;0
93;6.55517;2.74948;-2.98659;9.31;2.1;16.72999;994.48169;0;0;0;0;0
94;6.0091;1.47054;-1.17116;-14.06999;45.28999;35.41999;994.48779;0;0;0;0;0
95;6.28214;1.08015;0.79275;-33.03999;56.62998;4.48;994.49585;0;0;0;0;0
96;8.04248;2.94348;2.04056;-19.73999;55.36998;9.52;994.52637;0;0;0;0;0
97;9.58726;2.82133;2.20102;-13.16;44.23998;-4.34;994.50269;0;0;0;0;0
98;10.41115;3.35063;3.58534;-11.76;38.63998;5.18;994.50903;0;0;0;0;0
99;9.73096;3.41769;4.08351;-15.18999;26.31999;3.22;994.50391;0;0;0;0;0
100;11.07936;3.35782;5.25228;-11.83;14.27999;22.46999;994.50049;0;0;0;0;0
101;11.9248;2.75906;5.28581;-5.81;12.46;6.93;994.5083;0;0;0;0;0
102;11.52004;2.52675;5.50376;-2.24;10.64;5.46;994.48242;0;0;0;0;0
103;10.7225;2.00942;5.61153;-9.8;4.41;3.5;994.50977;0;0;0;0;0
104;10.43271;2.22018;4.93135;1.75;2.59;1.4;994.52368;0;0;0;0;1
105;9.01246;2.07169;4.50024;8.68;3.99;-1.12;994.57812;0;0;0;0;0
106;8.22689;1.54;3.72186;2.24;-6.09;-0.63;994.57104;0;0;0;0;0
107;8.58136;1.91841;3.4632;5.81;-28.06999;-4.27;994.50513;0;0;0;0;0
108;9.12742;1.70525;4.01884;-1.26;-22.67999;0.14;994.45068;0;0;0;0;0
109;11.6877;2.99377;3.49912;-8.75;-24.14999;8.82;994.39795;0;0;0;0;0
110;12.2146;2.16989;3.30513;-10.29;-15.18999;11.62;994.39282;0;0;0;0;0
111;11.37395;2.31359;3.37458;2.94;-10.29;8.68;994.38892;0;0;0;0;0
112;10.61233;1.74836;3.50631;2.31;-15.74999;5.39;994.43091;0;0;0;0;0
113;11.36437;1.49449;2.85965;-2.45;-15.67999;5.11;994.43042;0;0;0;0;0
114;11.09613;1.54479;2.50998;-3.71;-11.27;-2.8;994.45337;0;0;0;0;0
115;10.46145;1.63819;2.14833;-1.61;-7.56;-15.53999;994.47803;0;0;0;0;0
116;10.44468;2.1148;2.4046;4.97;-3.29;-12.39;994.47925;0;0;0;0;0
117;8.8496;1.8753;1.9256;0.77;-15.95999;-12.53;994.48193;0;0;0;0;0
118;7.55629;1.55916;1.46815;4.2;-24.77999;-16.23999;994.50757;0;0;0;0;0
119;6.95035;1.66933;1.1065;7.56;-25.68999;-19.52999;994.50049;0;0;0;0;0
120;7.15632;2.03816;0.35925;7.42;-24.84999;-18.47999;994.49902;0;0;0;0;0
121;8.00895;2.55309;-0.31854;7.98;-10.01;-15.88999;994.51538;0;0;0;0;0
122;9.10347;3.29555;-0.03593;6.93;-0.42;-7.21;994.52954;0;0;0;1;0
123;9.4244;3.57576;-0.09341;3.08;-6.23;-8.19;994.53711;0;0;0;0;0
124;9.46991;4.08111;-0.85981;1.75;-4.27;-5.11;994.5459;0;0;0;0;0
125;8.47837;3.50391;0.30417;-7.28;3.92;-5.67;994.54468;0;0;0;0;0
126;9.38848;4.06195;-0.49337;-7.98;13.58;-12.6;994.53223;0;0;0;0;0
127;9.23999;4.15296;0.36644;-2.38;15.12;-4.41;994.5249;0;0;0;0;0
128;9.12023;4.28469;0.5269;-1.68;6.51;-0.49;994.51782;0;0;0;0;0
129;8.5598;3.80569;0.22513;-6.51;16.37999;-6.3;994.52148;0;0;0;0;0
130;7.791;3.49673;0.31135;-23.86999;36.60999;-1.33;994.50586;0;0;0;0;0
131;7.00543;3.24765;0.64666;-60.26998;74.68997;2.24;994.49414;0;0;0;0;0
132;6.67013;2.34472;2.51717;-86.72997;112.20996;3.57;994.54004;0;0;0;0;0
133;5.23791;0.83347;5.48699;-129.49995;148.74995;9.8;994.54175;0;0;0;0;0
134;1.95913;3.16622;6.99106;36.88998;178.84995;-0.14;994.55249;0;0;0;0;0
135;-0.53169;-0.27303;8.29874;-142.72995;176.11993;132.36995;994.52222;0;0;0;0;0
136;-5.8199;-3.82006;9.64235;-100.37997;196.34991;176.95993;994.4939;0;0;0;0;0
137;-10.7225;-5.08942;9.51541;-44.23998;221.61992;172.61993;994.48584;0;0;0;0;0
138;-11.92241;-4.08351;8.64602;-40.94999;182.69994;132.64995;994.48462;0;0;0;0;0
139;-10.15967;-3.31471;7.77423;-94.42997;54.80998;83.01997;994.46387;0;0;0;0;0
140;-8.11672;-2.46208;7.45091;-62.36998;-15.81999;37.09999;994.45776;0;0;0;0;0
141;-7.80776;-2.59141;6.77312;-16.86999;-58.86998;-13.64999;994.46948;0;0;0;0;0
142;-8.52627;-0.92208;5.41274;-22.32999;-78.95997;-44.58998;994.4873;0;0;0;0;0
143;-7.37906;-2.10522;9.4747;-65.51997;-89.73997;-46.26998;994.45996;0;0;0;0;0
144;-8.64363;-5.55884;10.55006;-45.84998;-114.37996;-66.35997;994.48169;0;0;0;0;0
145;-6.61744;-5.7241;10.27703;-92.53996;-146.92995;-107.44996;994.50098;0;0;0;0;0
146;-4.33738;-5.82469;8.36101;-131.87996;-139.43996;-122.00995;994.49512;0;0;0;0;0
147;-0.34728;-10.18602;6.60067;-173.73993;-90.92997;-106.60996;994.48218;0;0;0;0;0
148;0.73048;-10.80633;4.67747;-43.81998;-29.04999;-149.86995;994.47339;0;0;0;0;0
149;3.1255;-3.52068;2.94587;68.38998;-28.20999;-173.73993;994.45264;0;0;0;0;0
150;4.78285;1.00112;-0.39278;449.11981;31.28999;-87.42997;994.44336;0;0;0;0;0
151;3.10634;4.41163;-1.00351;-49.34998;19.31999;-27.29999;994.43506;0;0;0;0;0
152;6.23184;-2.24653;7.5012;-178.14993;-9.94;-61.03998;994.43774;0;0;0;0;0
153;10.06627;-0.41913;9.53697;183.74992;114.09995;-80.00997;994.45044;0;0;0;0;0
154;2.58423;5.04152;7.38385;365.18985;110.17996;-177.23994;994.46875;0;0;0;0;0
155;-1.66214;5.66662;4.67268;129.84996;-0.7;-213.35992;994.47144;0;0;0;0;0
156;-3.23088;10.33212;2.5962;-45.91998;-63.90998;-161.83994;994.47485;0;0;0;0;0
157;-5.79116;7.05333;5.06068;-614.38977;-27.92999;-82.80997;994.47803;0;0;0;0;0
158;-4.33978;-11.08176;-0.4335;-734.78973;82.31997;-66.77998;994.46851;0;0;0;0;0
159;-8.88792;-12.42297;7.51797;-96.17996;40.38998;161.20993;994.53345;0;0;0;0;0
160;-6.02587;-1.85614;-14.07314;1487.14941;149.16994;303.65988;994.54077;0;0;0;0;0
161;-18.33388;-13.8001;4.96488;-784.55975;149.02995;64.60998;994.54883;0;0;0;0;0
162;-6.03784;-5.00559;1.3963;-619.35974;-102.19997;11.41;994.56152;0;0;0;0;0
163;-5.98515;-8.1263;2.15552;917.55963;42.69998;-52.28998;994.56934;0;0;0;0;0
164;-6.49769;7.06291;1.53521;-356.85986;-116.96996;20.50999;994.56934;0;0;0;0;0
165;-4.02842;-5.71931;7.90356;-165.12994;-117.94997;-76.43997;994.56982;0;0;0;0;0
166;-3.64761;6.55517;2.42855;575.67975;-9.66;8.26;994.56665;0;0;0;0;0
167;-4.45474;6.64139;8.31311;-334.73987;-138.38995;58.72998;994.56885;0;0;0;0;0
168;3.03928;-1.44659;1.76992;-724.70972;-194.03992;-82.73997;994.5437;0;0;0;0;0
169;1.47294;-18.97334;8.18378;561.81976;71.46997;-21.55999;994.54565;0;0;0;0;0
170;-0.75922;11.28054;2.41178;414.95984;82.10997;-38.70998;994.56787;0;0;0;0;0
171;1.99266;5.70015;8.43526;96.52996;-55.99998;44.09998;994.5603;0;0;0;0;0
172;3.67636;2.22018;7.94668;20.85999;-77.97997;49.69998;994.57397;0;0;0;0;0
173;5.09181;2.27048;7.44372;35.41999;-41.92999;0.63;994.53369;0;0;0;0;0
174;5.69296;3.88233;7.13237;49.13998;-34.57999;-11.41;994.5415;0;0;0;0;0
175;6.52164;3.93023;5.9636;12.95;-48.01998;3.64;994.54199;0;0;0;0;0
176;7.98739;4.46432;5.54208;23.86999;-35.97998;-14.41999;994.52881;0;0;0;0;0
177;6.29172;4.59604;6.40668;19.80999;-28.69999;4.34;994.50415;0;0;0;0;0
178;6.69887;4.8068;4.88345;26.87999;-31.00999;2.03;994.50317;0;0;0;0;0
179;6.6845;5.37442;4.60083;22.39999;-30.09999;-2.73;994.50366;0;0;0;0;0
180;6.84497;7.21619;2.75188;19.17999;-27.71999;16.16999;994.4978;0;0;0;0;0
181;7.38145;5.27383;3.69552;26.10999;-23.79999;23.02999;994.48633;0;0;0;0;0
182;7.74549;5.20917;2.60578;26.66999;-25.68999;26.80999;994.48584;0;0;0;0;0
183;8.69871;4.86907;2.09804;18.61999;-19.24999;20.57999;994.48535;0;0;0;0;0
184;9.39327;4.22242;1.06339;9.66;-7.77;10.08;994.46655;0;0;0;0;0
185;8.86397;4.74693;1.46575;19.59999;15.32999;0.63;994.44604;0;0;0;0;0
186;7.92752;5.01038;2.33754;13.92999;8.26;17.56999;994.45703;0;0;0;0;0
187;8.11193;3.32908;1.92799;-2.45;-11.48;33.17999;994.47754;0;0;0;0;0
188;10.0016;3.82485;1.26697;-31.91999;-26.03999;-4.27;994.47974;0;0;0;0;0
189;10.09022;4.56491;1.21428;1.89;-6.3;3.64;994.49634;0;0;0;0;0
190;9.77408;3.54223;1.75555;23.02999;1.05;35.97998;994.53394;0;0;0;0;0
191;8.59094;3.49194;0.86221;-7.91;-19.59999;-5.25;994.52734;0;0;0;0;0
192;9.34058;4.18649;0.34728;38.91999;-4.76;-10.29;994.51855;0;0;0;0;0
193;9.26154;3.56858;0.98435;22.39999;7.98;1.12;994.51978;0;0;0;0;0
194;9.6184;3.11353;0.90292;37.16999;12.74;23.72999;994.54663;0;0;0;0;0
195;9.25196;3.45841;0.57959;3.78;-9.24;17.70999;994.56738;0;0;0;0;0
196;9.50104;2.79738;0.06706;13.85999;-1.75;41.36998;994.58984;0;0;0;0;0
197;9.65432;2.17468;0.32812;-12.04;4.06;15.32999;994.61646;0;0;0;0;0
198;9.68546;2.53393;0.64187;-10.92;0.84;-6.44;994.63599;0;0;0;0;0
199;9.81719;2.89318;0.65863;-24.21999;-0.21;-8.19;994.6394;0;0;0;0;0
200;9.44356;2.59141;1.07057;-10.22;-0.07;3.43;994.61401;0;0;0;0;0
201;10.0495;2.67524;0.92448;-3.78;-4.34;5.11;994.59595;0;0;0;0;0
202;9.90101;2.67284;0.89813;-11.62;-1.05;1.4;994.6084;0;0;0;0;0
203;9.74533;2.41178;0.74006;-0.56;2.59;3.29;994.59888;0;0;0;0;0
204;9.74773;2.62973;0.867;2.03;1.68;-4.69;994.5752;0;0;0;0;0
205;9.94412;2.56267;1.07776;-4.83;-0.21;-1.4;994.57324;0;0;0;0;0
206;10.03034;2.66566;0.94843;3.01;-1.12;1.47;994.55884;0;0;0;0;0
207;9.72617;2.57225;0.72809;5.46;-3.71;0;994.56006;0;0;0;0;0
208;10.05669;2.43813;0.73288;-7.7;3.71;1.05;994.57007;0;0;0;0;0
209;10.01837;2.44771;0.85742;-2.38;1.4;-1.47;994.57056;0;0;0;0;0
210;9.8124;2.62255;0.7712;2.38;1.68;-1.33;994.55933;0;0;0;0;0
211;9.58008;2.42376;0.89574;-6.23;3.08;-2.45;994.54614;0;0;0;0;0
212;9.90341;2.68721;0.8167;1.82;1.54;2.73;994.54956;0;0;0;0;0
213;9.51062;2.6465;0.95082;-5.46;4.27;-2.87;994.53931;0;0;0;0;0
214;9.73096;2.52435;1.03225;1.47;1.47;0.35;994.55054;0;0;0;0;0
215;10.11656;2.5986;1.02746;5.18;2.73;6.51;994.53955;0;0;0;0;0
216;10.01597;2.65608;1.13284;-3.5;1.68;-1.68;994.54102;0;0;0;0;0
217;9.69983;2.47406;1.13763;-7.21;-0.84;-1.61;994.54834;0;0;0;0;0
218;10.14291;2.5004;1.18074;-3.57;0.07;3.43;994.53491;0;0;0;0;0
219;9.81958;2.4525;1.39151;-0.98;3.01;5.11;994.54272;0;0;0;0;0
220;9.86748;2.43813;1.37714;-3.71;0.28;-0.91;994.54761;0;0;0;0;0
221;9.92736;2.28724;1.38911;4.41;-0.63;-2.94;994.5647;0;0;0;0;0
222;9.92496;2.68482;0.69216;16.86999;-1.68;1.33;994.56445;0;0;0;1;0
223;9.78845;2.55309;1.14242;-3.01;1.12;-5.04;994.54517;0;0;0;0;0
224;9.92257;2.5483;1.08973;1.26;1.33;-4.55;994.52734;0;0;0;0;0
225;10.49019;3.13029;0.94124;3.15;-3.57;-12.6;994.54956;0;0;0;0;0
226;8.33467;3.15664;-0.54606;11.55;3.5;-3.92;994.56226;0;0;0;0;0
227;6.78509;2.13875;-0.40476;4.27;15.74999;4.97;994.54785;0;0;0;0;0
228;5.64746;1.08734;0.96759;12.25;46.82998;19.73999;994.60522;0;0;0;0;0
229;6.5384;0.92927;2.39981;-15.39999;27.36999;-13.37;994.69995;0;0;0;0;0
230;7.73591;2.51477;2.53393;-2.24;28.76999;8.33;994.70923;0;0;0;0;0
231;9.95849;2.04535;3.78653;-18.40999;32.82999;11.55;994.70532;0;0;0;0;0
232;10.61712;2.33993;5.02715;-24.00999;18.61999;3.92;994.72876;0;0;0;0;0
233;10.66742;2.18905;5.13253;-8.26;16.37999;6.23;994.71362;0;0;0;0;0
234;10.64826;2.43094;6.2055;-20.15999;13.44;-5.67;994.72705;0;0;0;0;0
235;10.7225;2.52435;5.64267;-6.37;6.86;-3.36;994.72827;0;0;0;0;0
236;11.61345;2.61776;6.0594;-20.43999;4.48;8.26;994.69775;0;0;0;0;0
237;10.2914;2.20342;5.95641;-4.69;2.8;2.73;994.69946;0;0;0;0;1
238;8.36101;2.09325;4.61041;3.78;4.27;-4.9;994.70215;0;0;0;0;0
239;7.52036;1.67891;4.58886;-3.57;10.85;-3.64;994.68066;0;0;0;0;0
240;8.21013;1.56395;4.91937;0;7.14;7.14;994.68066;0;0;0;0;0
241;10.88057;2.59141;6.14083;9.66;-24.91999;-5.11;994.6936;0;0;0;0;0
242;11.76434;2.64171;5.54926;11.55;-31.56999;4.13;994.72217;0;0;0;0;0
243;12.53793;2.73751;5.27862;4.69;-19.66999;6.23;994.71021;0;0;0;0;0
244;12.05413;2.70877;4.65831;11.89999;-25.47999;5.18;994.71216;0;0;0;0;0
245;11.40508;2.08606;4.1338;10.43;-32.82999;7.28;994.73804;0;0;0;0;0
246;10.67221;2.09085;3.26202;15.32999;-40.73999;-1.68;994.72998;0;0;0;0;0
247;6.69168;1.3939;1.64059;8.54;-41.85999;-21.69999;994.71509;0;0;0;0;0
248;6.32046;1.47054;0.49577;7.91;-20.29999;-15.53999;994.69482;0;0;0;0;0
249;5.88456;1.58311;0.8191;3.01;-11.55;-14.13999;994.66943;0;0;0;0;0
250;7.23535;2.61776;0.00479;2.73;-19.94999;-15.04999;994.64966;0;0;0;0;0
251;8.53345;2.89318;-0.80712;-5.18;-12.11;-7.28;994.61572;0;0;0;0;0
252;9.33339;3.07042;0.05509;-9.24;6.37;5.6;994.60132;0;0;0;0;0
253;9.67348;3.04167;0.50056;12.88;-3.57;-2.17;994.61523;0;0;0;0;0
254;9.68067;3.36979;0.0479;-0.21;-2.38;-5.32;994.60449;0;0;0;1;0
255;9.39566;3.06084;0.36165;-1.82;-3.85;0.28;994.62451;0;0;0;0;0
256;9.32142;3.24046;0.06946;-2.66;-6.02;3.43;994.60571;0;0;0;0;0
257;9.65432;2.98419;-0.06467;-5.53;-7.42;5.18;994.59717;0;0;0;0;0
258;9.58487;3.10155;-0.05509;-1.89;-7.98;-1.61;994.58716;0;0;0;0;0
259;9.54415;3.11832;-0.14131;1.26;-5.25;-0.14;994.56763;0;0;0;0;0
260;9.51541;3.11113;-0.34967;5.95;-3.78;-1.75;994.54517;0;0;0;0;0
261;9.48907;3.21412;-0.38081;5.95;0.21;-2.73;994.55884;0;0;0;0;0
262;9.44596;3.33626;-0.7209;0.56;6.3;2.1;994.56982;0;0;0;0;0
263;10.10459;3.65241;-0.50056;2.45;1.05;3.57;994.58496;0;0;0;0;0
264;9.45554;2.97701;-0.64905;10.36;-14.7;3.36;994.59302;0;0;0;0;0
265;7.22338;2.38065;-1.41546;1.47;-1.96;-3.71;994.58032;0;0;0;0;0
266;6.77072;1.8753;-0.66582;-1.82;16.58999;-0.21;994.59839;0;0;0;0;0
267;7.81734;2.39502;0.17005;-0.98;27.15999;1.96;994.59619;0;0;0;0;0
268;9.3789;2.96264;0.43589;0.84;23.23999;0.21;994.62524;0;0;0;0;0
269;9.8603;3.11353;0.89334;-6.3;22.53999;1.12;994.64819;0;0;0;0;0
270;10.25547;3.30034;1.32205;-8.12;17.77999;5.81;994.67578;0;0;0;0;0
271;10.91171;3.26441;1.66933;4.83;19.38999;9.17;994.69238;0;0;0;0;0
272;10.33212;3.16861;1.74118;-1.61;16.16999;-4.06;994.68652;0;0;0;0;0
273;9.82916;3.31471;1.95913;-3.64;13.01999;-1.61;994.68115;0;0;0;0;0
274;10.00639;2.73751;2.08367;-0.84;11.76;3.36;994.68457;0;0;0;0;0
275;9.75252;2.74709;2.22737;0.77;10.43;4.06;994.68604;0;0;0;0;0
276;9.48667;2.79499;2.66087;-1.47;16.44999;-1.47;994.68481;0;0;0;0;0
277;10.28421;3.00814;2.47885;0.35;12.95;4.06;994.69531;0;0;0;0;0
278;10.23631;3.08718;3.01054;-2.03;12.32;1.96;994.68628;0;0;0;0;0
279;10.20757;3.0776;3.58295;-3.15;8.68;0.07;994.6814;0;0;0;0;0
280;10.51414;2.95306;3.35542;-0.42;4.27;3.78;994.69922;0;0;0;0;0
281;10.289;2.56028;3.76976;4.97;-4.83;1.19;994.7644;0;0;0;0;0
282;9.41003;2.58423;3.35063;0.77;-1.33;-1.19;994.75781;0;0;0;0;1
283;8.78733;2.64171;3.20454;1.47;1.4;-2.31;994.75708;0;0;0;0;0
284;8.86636;2.77343;3.15424;-2.94;4.34;0.91;994.75;0;0;0;0;0
285;9.99202;2.72074;3.5087;1.33;1.54;6.79;994.73315;0;0;0;0;0
286;10.90931;3.03209;3.86317;-1.47;3.22;1.12;994.73218;0;0;0;0;0
287;11.7835;2.90037;4.25835;-6.09;3.99;3.01;994.74536;0;0;0;0;0
288;11.48172;3.08958;4.5697;-5.67;9.03;-2.94;994.75049;0;0;0;0;0
289;11.08894;3.31471;4.67508;5.46;-2.24;-2.73;994.74219;0;0;0;0;0
290;10.27224;2.9818;4.43558;3.85;-12.67;-4.55;994.76392;0;0;0;0;0
291;9.81;2.7399;3.8009;18.05999;-25.19999;0.63;994.76904;0;0;0;0;0
292;9.49865;2.63452;3.24286;13.58;-34.64999;-3.29;994.77246;0;0;0;0;0
293;8.41849;2.53393;2.1148;12.11;-44.37999;-6.72;994.7771;0;0;0;0;0
294;7.6952;2.36867;1.26457;10.64;-44.65998;-13.64999;994.82129;0;0;0;0;0
295;7.07249;2.4525;0.61792;7.56;-47.24998;-15.25999;994.82764;0;0;0;0;0
296;7.04375;2.31838;-0.45984;2.66;-40.38998;-12.04;994.80493;0;0;0;0;0
297;7.68801;3.19735;-1.56634;4.62;-32.26999;-8.4;994.77905;0;0;0;0;0
298;8.81367;3.76018;-1.63101;0.07;-12.88;-1.54;994.75562;0;0;0;0;0
299;9.03401;3.66677;-1.44659;-2.17;-11.62;-1.61;994.70337;0;0;0;0;0
300;9.14898;4.10267;-2.16989;-12.18;-4.34;-5.53;994.70337;0;0;0;0;0
301;9.06515;3.86556;-2.30401;0.07;-1.75;0.7;994.63501;0;0;0;1;0
302;9.14658;3.96855;-1.98787;1.19;-1.96;3.08;994.604;0;0;0;0;0
303;9.09628;3.99489;-2.08606;-0.98;-0.84;0.91;994.59448;0;0;0;0;0
304;9.29986;3.98052;-2.15312;2.8;-2.52;1.96;994.58008;0;0;0;0;0
305;8.82086;3.7051;-2.19384;0.7;-0.07;-1.05;994.57227;0;0;0;0;0
306;9.11065;3.92065;-2.36628;1.26;2.31;-1.19;994.56323;0;0;0;0;0
307;9.137;3.94699;-2.34951;-0.7;5.04;-2.66;994.56665;0;0;0;0;0
308;9.17532;4.15296;-2.19623;1.61;4.55;-9.52;994.57324;0;0;0;0;0
309;8.90947;4.14817;-2.13396;6.44;0.14;-6.44;994.58154;0;0;0;0;0
310;8.49513;4.02842;-2.2106;2.24;0.98;-2.73;994.5813;0;0;0;0;0
311;8.69153;4.14338;-1.825;-4.76;11.13;1.26;994.58447;0;0;0;0;0
312;9.63995;4.50503;-1.41067;0.98;14.0;-0.49;994.58276;0;0;0;0;0
313;9.30705;4.14099;-0.78557;0.63;13.64999;-4.69;994.59351;0;0;0;0;0
314;10.05669;4.7589;-0.69935;5.88;7.98;-0.77;994.62671;0;0;0;0;0
315;9.4747;4.31104;-1.22625;2.73;-6.3;-2.1;994.64307;0;0;0;0;0
316;8.71308;4.44516;-1.63101;2.31;-9.73;0.98;994.62915;0;0;0;0;0
317;9.17532;4.46671;-1.67172;-1.82;-8.82;2.87;994.64136;0;0;0;0;0
318;8.93582;4.2823;-2.02379;0.98;-7.98;1.75;994.63232;0;0;0;0;0
319;8.76098;4.12901;-2.1172;0.77;-1.75;0.77;994.62427;0;0;0;0;0
320;8.95498;4.07153;-2.12917;-1.89;2.66;-2.31;994.5957;0;0;0;0;0
321;8.87594;4.07632;-1.92799;-3.99;9.24;-2.24;994.59546;0;0;0;0;0
322;8.79691;4.01884;-1.81063;-8.82;12.18;0.56;994.59521;0;0;0;0;0
323;6.61744;3.31471;-1.9232;-0.84;17.35999;0.56;994.59082;0;0;0;0;0
324;4.02124;1.45138;0.24669;3.22;29.81999;4.2;994.59424;0;0;0;0;0
325;4.5194;1.89686;-0.21795;-3.22;22.11999;1.54;994.64014;0;0;0;0;0
326;8.05445;4.15057;-0.99154;-7.63;50.67998;7.84;994.63501;0;0;0;0;0
327;11.48651;4.27511;2.14115;-30.58999;54.52998;16.16999;994.64331;0;0;0;0;0
328;11.41945;4.60323;2.67524;-20.29999;37.65998;4.9;994.66406;0;0;0;0;0
329;11.2063;4.02363;3.27878;-27.43999;38.42999;-2.03;994.6897;0;0;0;0;0
330;11.2542;4.86668;4.21523;-15.32999;38.98999;-2.52;994.69238;0;0;0;0;0
331;10.98596;4.50264;5.35287;0.14;20.50999;-4.41;994.73682;0;0;0;0;0
332;10.24829;4.14338;5.12534;-1.12;9.94;2.38;994.72339;0;0;0;0;1
333;9.80761;3.35782;4.43558;-3.71;2.38;6.79;994.71265;0;0;0;0;0
334;9.09149;3.7027;4.81159;-0.49;0.77;-0.35;994.69019;0;0;0;0;0
335;8.65081;3.50631;4.16015;6.86;1.05;1.4;994.67554;0;0;0;0;0
336;10.04711;3.81287;4.82836;-3.92;4.2;3.92;994.65796;0;0;0;0;0
337;10.5333;3.9901;5.64267;-8.12;-1.54;5.18;994.67651;0;0;0;0;0
338;10.33451;4.20805;5.28102;2.03;-1.89;1.05;994.66675;0;0;0;0;0
339;10.27942;3.67396;5.55405;5.04;-0.56;-3.29;994.67432;0;0;0;0;0
340;9.99681;3.72905;4.84752;8.61;-15.32999;-5.39;994.68799;0;0;0;0;0
341;9.9058;3.89909;4.46192;12.25;-28.83999;3.01;994.6958;0;0;0;0;0
342;8.53106;3.25962;3.30992;15.53999;-44.02998;2.03;994.71655;0;0;0;0;0
343;7.38624;2.36149;2.03816;11.27;-36.25999;-10.99;994.69775;0;0;0;0;0
344;6.96711;2.68961;1.89925;4.69;-28.06999;-20.99999;994.69775;0;0;0;0;0
345;6.56235;3.16382;1.35079;4.48;-30.37999;-21.48999;994.69067;0;0;0;0;0
346;7.65688;3.83922;-0.34009;6.09;-33.10999;-11.62;994.66748;0;0;0;0;0
347;8.16702;4.43558;-0.30417;6.93;-19.94999;-0.84;994.61035;0;0;0;0;0
348;8.51908;4.49545;-0.28501;8.19;-16.86999;-2.1;994.59692;0;0;0;0;0
349;9.13939;4.37331;-0.05509;-14.76999;-6.02;-5.88;994.56616;0;0;0;0;0
350;8.95498;5.03912;-1.11129;10.22;-12.53;-0.84;994.55591;0;0;0;1;0
351;8.66279;4.53138;-0.96519;0.84;-4.62;-1.12;994.54688;0;0;0;0;0
352;8.64123;4.41163;-0.69216;-1.33;-4.41;-2.59;994.54688;0;0;0;0;0
353;9.13221;4.95769;-0.4814;-12.46;9.17;-3.5;994.49951;0;0;0;0;0
354;8.58136;4.9074;-0.78317;-32.75999;23.44999;-8.89;994.49683;0;0;0;0;0
355;6.85455;2.85965;-0.71851;-99.46996;74.82997;-15.81999;994.47729;0;0;0;0;0
356;2.60578;3.74821;1.48012;-72.51997;158.26994;-4.69;994.44482;0;0;0;0;0
357;1.67651;3.50152;4.13859;-130.54996;219.79991;25.61999;994.43359;0;0;0;0;0
358;-2.20342;1.11368;8.98851;-108.98996;240.7299;74.68997;994.44141;0;0;0;0;0
359;-6.15999;-2.87163;12.05892;-136.07996;211.88992;114.65996;994.45923;0;0;0;0;0
360;-9.47949;-3.30752;10.54048;-127.25995;208.17992;131.80995;994.48096;0;0;0;0;0
361;-11.14403;-3.7506;9.31423;-108.84996;168.76993;118.57996;994.51172;0;0;0;0;0
362;-9.93694;-3.98292;8.48076;-72.16997;57.04998;57.81998;994.51245;0;0;0;0;0
363;-8.23168;-3.17819;6.98148;-28.48999;-13.92999;-0.84;994.50269;0;0;0;0;0
364;-8.47597;-2.79259;5.90851;4.9;-37.72998;-28.69999;994.4917;0;0;0;0;0
365;-8.77296;-2.11959;4.87865;19.94999;-57.18998;-56.55998;994.49854;0;0;0;0;0
366;-8.6077;-1.60466;4.232;9.66;-51.93998;-58.79998;994.48364;0;0;0;0;0
367;-7.64969;-1.48012;4.06914;16.30999;-27.78999;-46.19998;994.46948;0;0;0;0;0
368;-7.82213;-1.95194;5.82469;43.25998;-3.15;-38.00999;994.48853;0;0;0;0;0
369;-6.36596;-1.61424;6.90724;14.7;-4.55;-18.40999;994.51245;0;0;0;0;0
370;-6.73719;-2.07409;6.66773;3.64;-2.66;8.4;994.51758;0;0;0;0;0
371;-6.77312;-2.28006;6.14802;-9.52;-5.95;9.94;994.52954;0;0;0;0;0
372;-6.57193;-2.13636;5.76002;-12.11;6.37;13.50999;994.5437;0;0;0;0;0
373;-6.91442;-2.24653;6.00192;-8.4;27.08999;25.82999;994.52979;0;0;0;0;0
374;-7.43414;-2.01182;6.17676;-10.36;31.63999;29.18999;994.54688;0;0;0;0;0
375;-7.80537;-1.87291;6.16957;-7.21;25.40999;24.21999;994.53442;0;0;0;0;0
376;-8.00895;-1.93518;6.38512;-2.38;10.92;14.49;994.52515;0;0;0;0;0
377;-7.52036;-1.50168;8.03529;0.98;-12.46;11.2;994.54346;0;0;0;0;0
378;-7.89398;-2.31838;9.92257;-6.65;-66.63998;-2.38;994.54785;0;0;0;0;0
379;-7.86285;-3.74821;10.07106;-13.50999;-128.44995;-36.53999;994.56665;0;0;0;0;0
380;-7.51797;-3.83443;9.41243;42.62998;-171.07994;-91.34997;994.57861;0;0;0;0;0
381;-4.41881;-2.95306;8.9933;75.94997;-180.03993;-110.87996;994.56665;0;0;0;0;0
382;-0.00958;-0.58917;7.96105;56.06998;-165.19994;-100.30996;994.55688;0;0;0;0;0
383;2.74948;1.17116;6.96472;59.00998;-118.99995;-82.80997;994.55542;0;0;0;0;0
384;4.24397;2.65129;6.18155;41.29998;-78.04997;-66.70998;994.54297;0;0;0;0;0
385;5.07026;4.3278;5.58279;37.65998;-56.48998;-54.73998;994.55078;0;0;0;0;0
386;5.63309;4.83554;5.82948;27.29999;-44.72998;-39.33998;994.56885;0;0;0;0;0
387;6.19831;5.35287;5.13732;14.0;-40.38998;-28.76999;994.55396;0;0;0;0;0
388;6.7348;5.46304;4.63436;7.63;-35.83998;-22.18999;994.52979;0;0;0;0;0
389;7.11321;5.78397;3.98292;5.53;-20.50999;-30.79999;994.52637;0;0;0;0;0
390;6.54798;6.04503;4.01166;2.45;4.41;-43.46999;994.54004;0;0;0;0;0
391;5.7241;7.00783;4.12183;-13.37;25.19999;-47.10998;994.5332;0;0;0;0;0
392;4.85231;7.00543;5.0511;-5.39;29.32999;-45.91998;994.51831;0;0;0;0;0
393;4.19607;7.07968;5.41035;4.83;33.66999;-58.79998;994.49463;0;0;0;0;0
394;2.58902;8.72027;5.79116;16.86999;30.09999;-53.61998;994.48242;0;0;0;0;0
395;1.88728;12.41099;7.07489;31.00999;-4.34;6.02;994.48486;0;0;0;0;0
396;3.77455;14.1378;7.47965;76.85997;-29.88999;99.46996;994.48535;0;0;0;0;0
397;6.41386;9.7597;5.07505;81.33997;-41.71998;143.98994;994.46167;0;0;0;0;0
398;3.91107;4.20805;2.86684;-24.63999;-61.45998;177.72993;994.46313;0;0;0;0;0
399;5.01996;1.52802;-0.9125;-17.42999;-41.22998;147.13995;994.44482;0;0;0;0;0
400;6.91682;2.20342;-2.22018;9.73;-7.42;45.21999;994.44067;0;0;0;0;0
401;8.58615;1.83938;-0.31375;-18.96999;13.16;15.95999;994.43018;0;0;0;0;0
402;8.9454;1.76273;-0.02635;17.91999;22.18999;-17.21999;994.42407;0;0;0;0;0
403;6.75396;0.07425;2.05732;6.09;28.69999;-60.19997;994.4082;0;0;0;0;0
404;5.53489;3.46799;1.93997;24.28999;-0.14;-129.07994;994.41772;0;0;0;0;0
405;5.5325;6.83778;2.76864;-16.02999;1.47;-97.22997;994.39502;0;0;0;0;0
406;5.35766;7.83411;2.90995;-54.80998;-2.1;-26.38999;994.42358;0;0;0;0;0
407;6.22226;7.09884;3.06802;-61.24997;-0.14;-7.84;994.44263;0;0;0;0;0
408;8.46639;2.9339;5.8175;-126.90996;176.18994;50.74998;994.47803;0;0;0;0;0
409;6.27735;4.31343;13.28517;132.92995;156.58994;-17.49999;994.48804;0;0;0;0;0
410;5.20917;4.97446;11.98228;-83.36997;-2.52;49.69998;994.5083;0;0;0;0;0
411;4.80201;3.5087;9.69983;-16.79999;-6.37;22.32999;994.52026;0;0;0;0;0
412;4.09309;2.96982;8.02811;5.88;4.9;17.28999;994.51611;0;0;0;0;0
413;3.69312;2.16989;7.51318;-11.62;7.28;37.37999;994.50757;0;0;0;0;0
414;4.08111;2.32556;9.2352;11.89999;18.33999;52.00998;994.55347;0;0;0;0;0
415;5.03194;1.35798;9.83874;0.35;12.46;41.78998;994.56445;0;0;0;0;0
416;5.53729;0.57241;9.25196;-5.6;1.05;15.53999;994.55786;0;0;0;0;0
417;4.6176;1.41546;8.91905;0.7;-4.34;-9.94;994.56421;0;0;0;0;0
418;4.64155;3.1255;9.8603;16.23999;-10.36;-3.5;994.57349;0;0;0;0;0
419;7.55868;5.9612;12.36309;78.53997;-48.64998;2.03;994.56958;0;0;0;0;0
420;8.60052;4.45953;11.15121;103.10996;-103.31996;-10.36;994.58203;0;0;0;0;0
421;8.45442;2.99617;7.9371;77.34998;-115.07996;-6.79;994.55957;0;0;0;0;0
422;6.47613;2.75667;5.30736;33.52999;-93.09997;21.06999;994.54663;0;0;0;0;0
423;6.1552;2.45011;2.4022;-14.0;-75.94997;42.41998;994.52222;0;0;0;0;0
424;6.04263;3.59492;0.46942;-35.83998;-45.49998;63.83997;994.51221;0;0;0;0;0
425;7.18027;2.99856;0.10299;-65.79997;-21.41999;54.66998;994.50903;0;0;0;0;0
426;8.40891;3.11113;-0.38799;-38.77999;-8.26;-3.64;994.49194;0;0;0;0;0
427;8.8472;2.82373;0.7209;-24.63999;9.1;-19.80999;994.49707;0;0;0;0;0
428;8.87594;4.94811;-0.23232;-0.56;29.04999;-13.01999;994.48682;0;0;0;0;0
429;6.88329;5.2906;2.46208;44.44998;99.95996;72.37997;994.49927;0;0;0;0;0
430;5.82469;0.45026;2.63452;-13.92999;84.13997;16.44999;994.51392;0;0;0;0;0
431;4.31343;-4.21284;7.04136;-5.81;23.44999;-121.65996;994.5332;0;0;0;0;0
432;6.70126;1.93039;7.7886;-17.98999;-15.46999;-100.79996;994.55054;0;0;0;0;0
433;7.62574;5.92049;6.67731;26.03999;-20.71999;-32.26999;994.53394;0;0;0;0;0
434;8.13588;6.43781;6.31806;27.92999;-16.44999;-23.44999;994.5459;0;0;0;0;0
435;12.54272;0.50295;10.38002;-70.90997;98.76997;128.16995;994.56396;0;0;0;0;0
436;10.37762;0.79994;9.89622;47.45998;20.29999;9.73;994.57275;0;0;0;0;0
437;6.85455;-0.3856;7.2617;-21.83999;-36.32999;-0.28;994.55884;0;0;0;0;0
438;6.08814;0.45984;6.67731;11.55;-7.63;-4.34;994.56445;0;0;0;0;0
439;7.24014;1.21906;7.41498;16.72999;5.95;10.57;994.55737;0;0;0;0;0
440;7.80537;0.53409;7.17308;8.61;-1.68;7.91;994.55908;0;0;0;0;0
441;7.73112;0.05748;7.02699;3.57;-7.91;-8.61;994.56055;0;0;0;0;0
442;8.96695;1.17835;8.14786;7.91;-21.34999;-24.91999;994.55737;0;0;0;0;0
443;12.17388;3.13029;8.72506;55.64998;-88.05997;-82.94997;994.55664;0;0;0;0;0
444;11.08176;4.39726;6.35399;79.37997;-98.13996;-84.13997;994.55151;0;0;0;0;0
445;8.53585;3.63564;3.8488;2.59;-59.35998;-15.53999;994.55566;0;0;0;0;0
446;5.69536;3.57576;2.14594;56.62998;-22.53999;42.48999;994.55151;0;0;0;0;0
447;5.11097;3.07042;1.25978;-11.83;-25.75999;84.13997;994.5376;0;0;0;0;0
448;8.38496;1.36995;0.98914;43.25998;-21.69999;64.04997;994.52344;0;0;0;0;0
449;7.33834;1.76273;0.01916;22.25999;-3.08;54.17998;994.49585;0;0;0;0;0
450;7.19464;0.85263;-2.29443;-67.05997;-25.82999;6.51;994.49609;0;0;0;0;0
451;8.70111;2.98419;-2.13636;1.61;9.87;-39.89999;994.51294;0;0;0;0;0
452;8.30353;2.84528;1.6837;14.63;60.05998;-3.29;994.52222;0;0;0;0;0
453;9.63995;2.71116;3.56858;60.61998;58.37998;4.55;994.51001;0;0;0;0;0
454;10.25068;2.12678;3.7985;25.54999;43.25998;1.19;994.51074;0;0;0;0;0
455;6.65815;0.79754;1.96631;-8.96;12.46;-19.38999;994.51685;0;0;0;0;0
456;4.05956;-0.17723;3.06802;-81.75996;-1.19;-142.16995;994.51587;0;0;0;0;0
457;3.8488;5.04391;3.51589;54.38998;20.36999;-160.92993;994.50317;0;0;0;0;0
458;6.86173;11.53441;4.81399;66.84998;-21.83999;-64.81998;994.5;0;0;0;0;0
459;7.49162;13.4672;3.0273;-12.88;-19.03999;7.98;994.50024;0;0;0;0;0
460;13.24446;7.22817;3.03928;-77.62997;26.66999;81.82997;994.51685;0;0;0;0;0
461;8.95977;3.81527;5.74805;54.80998;48.78998;13.23;994.51855;0;0;0;0;0
462;6.75156;2.7878;5.63069;-24.98999;-0.28;3.29;994.49023;0;0;0;0;0
463;6.5863;3.79371;4.70382;-15.46999;4.27;5.04;994.48047;0;0;0;0;0
464;7.72873;4.64155;5.69057;-2.24;24.63999;7.56;994.50513;0;0;0;0;0
465;7.8868;4.69184;6.22226;9.45;21.41999;7.98;994.51001;0;0;0;0;0
466;7.29523;3.25483;5.74086;-13.23;-1.12;6.16;994.51196;0;0;0;0;0
467;7.17787;3.90388;5.48939;2.38;7.91;-0.77;994.52515;0;0;0;0;0
468;7.34553;4.17212;6.15041;-3.71;11.27;5.04;994.52319;0;0;0;0;0
469;7.42935;4.10027;6.28693;-3.08;10.78;4.97;994.52319;0;0;0;0;0
470;7.31918;3.81527;6.17197;2.1;2.31;-1.96;994.54932;0;0;0;0;0
471;6.93358;3.58534;6.05461;2.66;-0.98;-5.46;994.53442;0;0;0;0;0
472;7.04375;3.30992;6.24621;3.99;5.18;-15.32999;994.52954;0;0;0;0;0
473;7.02459;3.37937;6.17915;7.98;6.09;-17.42999;994.52954;0;0;0;0;0
474;6.66773;3.86317;6.31327;-13.01999;-5.67;3.99;994.56934;0;0;0;0;0
475;6.80186;3.70031;6.13125;-5.32;1.89;-1.75;994.58838;0;0;0;0;0
476;6.72043;4.11464;6.40668;-3.57;0.07;2.03;994.58667;0;0;0;0;0
477;6.58151;3.82006;5.80792;-9.73;9.73;9.31;994.57422;0;0;0;0;0
478;5.29539;1.93278;0.99633;-113.18996;74.40997;5.18;994.56226;0;0;0;0;0
479;4.16973;1.83698;5.01517;-16.23999;161.69994;1.96;994.56909;0;0;0;0;0
480;0.59875;0.85023;7.28086;-133.69995;181.29993;50.81998;994.58057;0;0;0;0;0
481;-5.92767;0.1916;7.32158;-60.68998;256.12991;102.54996;994.57935;0;0;0;0;0
482;-13.94859;1.60227;7.92272;-88.12997;294.69989;157.84995;994.60059;0;0;0;0;0
483;-10.95961;-2.34951;8.3179;-42.62998;79.58997;26.66999;994.60962;0;0;0;0;0
484;-8.44244;-0.44308;7.29283;-56.69998;1.54;-12.32;994.62744;0;0;0;0;0
485;-8.39933;-1.02986;6.80186;-6.16;-4.69;-2.59;994.62646;0;0;0;0;0
486;-9.11784;-0.89813;5.28341;-16.65999;-47.66998;-29.11999;994.62451;0;0;0;0;0
487;-8.47358;-0.66103;4.60562;-4.34;-57.81998;-48.64998;994.61182;0;0;0;0;0
488;-7.14195;-0.867;5.11097;-3.36;-31.00999;-30.23999;994.61816;0;0;0;0;0
489;-7.27367;-1.59748;5.6738;5.6;-17.21999;-22.11999;994.61816;0;0;0;0;0
490;-7.4557;-1.14242;5.47262;16.65999;8.89;-5.04;994.63989;0;0;0;0;0
491;-7.55868;-1.06339;7.63293;28.55999;11.27;1.05;994.62183;0;0;0;0;0
492;-7.58742;-0.21795;10.39918;29.88999;-27.01999;7.63;994.63501;0;0;0;0;0
493;-8.51669;-2.18426;8.87355;-3.15;-91.06996;-1.4;994.65161;0;0;0;0;0
494;-7.84129;-3.2692;7.70238;-10.43;-148.04996;-57.67998;994.66235;0;0;0;0;0
495;-5.04391;-2.47645;9.6663;25.40999;-171.84993;-96.24997;994.66553;0;0;0;0;0
496;1.85854;-0.52451;10.09022;-5.04;-232.74992;-82.45997;994.65771;0;0;0;0;0
497;3.81287;-0.48619;8.05206;40.52998;-156.02995;-81.68997;994.64966;0;0;0;0;0
498;4.97685;-0.08862;6.18634;47.94999;-131.38994;-75.17998;994.6377;0;0;0;0;0
499;6.87371;2.18665;3.54702;33.03999;-99.39996;-54.45998;994.61182;0;0;0;0;0
500;7.56587;2.80217;2.47166;20.71999;-38.84999;-37.86999;994.60693;0;0;0;0;0
501;8.97893;2.14354;3.40811;-4.55;21.76999;-55.15998;994.57422;0;0;0;0;0
502;7.36469;4.93614;4.55293;37.16999;42.83998;-74.05997;994.55933;0;0;0;0;0
503;6.29411;5.85582;5.36724;4.97;17.56999;-35.20999;994.56494;0;0;0;0;0
504;5.73847;5.68817;5.34089;-6.44;-1.05;-18.68999;994.56128;0;0;0;0;0
505;5.87977;6.05221;4.84512;-2.66;6.16;-21.69999;994.56982;0;0;0;0;0
506;6.07856;6.33722;4.79962;1.12;19.10999;-21.76999;994.55249;0;0;0;0;0
507;5.59716;6.40189;5.08463;12.88;24.84999;-24.98999;994.56738;0;0;0;0;0
508;4.93374;6.46416;5.51334;3.01;20.71999;-30.02999;994.56519;0;0;0;0;0
509;5.26425;5.87977;5.56363;-7.21;21.62999;-43.95998;994.58081;0;0;0;0;0
510;3.50391;6.57912;5.46064;4.9;26.52999;-66.84998;994.57715;0;0;0;0;0
511;1.83938;7.1659;5.64985;5.95;20.15999;-75.10997;994.61182;0;0;0;0;0
512;3.33387;5.17324;5.60195;-39.82999;4.48;-75.94997;994.61133;0;0;0;0;0
513;0.673;5.64506;8.30353;17.07999;-15.04999;-89.31997;994.61792;0;0;0;0;0
514;-1.65735;6.48811;10.10459;-31.56999;-73.91998;-89.31997;994.61182;0;0;0;0;0
515;-2.88121;6.42584;9.79084;-42.48999;-96.66996;-89.73997;994.58545;0;0;0;0;0
516;-2.09564;5.17803;8.25324;-23.51999;-50.67998;-72.02998;994.59033;0;0;0;0;0
517;-1.75794;4.82357;8.29395;-34.43999;-29.25999;-33.73999;994.60425;0;0;0;0;0
518;-1.0083;3.47757;9.39566;-116.75996;-22.18999;-1.75;994.58643;0;0;0;0;0
519;0.09341;1.21188;9.74294;-94.63996;-15.04999;7.0;994.58252;0;0;0;0;0
520;0.67779;0.58199;9.65193;105.76996;4.69;-0.49;994.56958;0;0;0;0;0
521;-0.26824;4.28709;8.53585;58.79998;14.7;11.76;994.5708;0;0;0;0;0
522;-0.18681;4.90979;8.75859;37.51999;27.43999;40.38998;994.56519;0;0;0;0;0
523;-0.6754;3.66198;9.53457;12.95;27.01999;64.81998;994.58545;0;0;0;0;0
524;-0.97956;3.81527;9.17772;3.5;18.47999;79.93996;994.6001;0;0;0;0;0
525;-0.90532;3.8943;8.88073;3.64;25.40999;99.11996;994.60034;0;0;0;0;0
526;-0.49098;2.85726;9.55373;16.51999;40.80998;111.36996;994.60474;0;0;0;0;0
527;0.0024;2.57704;9.70462;13.3;37.44999;114.65996;994.59082;0;0;0;0;0
528;0.83107;2.65608;9.74533;17.84999;35.69999;115.07996;994.59082;0;0;0;0;0
529;1.21428;2.77822;9.45793;18.33999;34.43999;115.91996;994.60083;0;0;0;0;0
530;2.27287;2.25611;9.27591;12.18;19.38999;93.30997;994.59839;0;0;0;0;0
531;2.79499;2.59141;9.09628;11.97;12.18;71.25997;994.60303;0;0;0;0;0
532;3.39853;2.87163;8.56699;-7.42;0.98;62.36998;994.60449;0;0;0;0;0
533;3.9925;2.80457;8.84481;13.3;16.16999;34.85999;994.61304;0;0;0;0;0
534;3.42967;3.30273;9.09149;5.39;5.18;24.14999;994.60547;0;0;0;0;0
535;3.67396;2.9794;8.8017;-5.67;-5.81;23.23999;994.60791;0;0;0;0;0
536;3.6548;3.15185;8.58375;7.7;4.55;9.03;994.61499;0;0;0;0;0
537;3.60211;3.40811;8.86876;4.06;4.06;3.92;994.6001;0;0;0;0;0
538;3.47517;3.29794;8.61489;-0.21;-0.14;-1.89;994.58252;0;0;0;0;0
539;3.23807;3.45841;8.58854;-9.52;-3.99;0.21;994.5752;0;0;0;0;0
540;3.20933;3.35063;8.93342;-5.11;-3.78;-4.48;994.59595;0;0;0;0;0
541;2.99138;3.40332;9.03162;-2.8;-3.08;-4.9;994.60132;0;0;0;0;0
542;3.04407;3.559;8.71548;-3.99;-2.31;3.78;994.58276;0;0;0;0;0
543;3.19735;2.88121;8.79691;-3.92;3.85;1.54;994.60181;0;0;0;0;0
544;3.32429;3.27639;9.16095;-5.95;-2.94;3.08;994.60522;0;0;0;0;0
545;3.81048;3.01533;9.16574;-15.25999;-19.59999;7.84;994.60107;0;0;0;0;0
546;4.09548;2.60099;8.7035;-7.0;-19.59999;-1.89;994.61011;0;0;0;0;0
547;4.02363;2.55788;8.49513;-5.32;-15.32999;-9.94;994.59985;0;0;0;0;0
548;4.15775;2.96024;8.71308;-13.64999;-19.94999;-5.25;994.6084;0;0;0;0;0
549;4.6655;2.42615;8.86397;-16.93999;-25.89999;-6.44;994.57617;0;0;0;0;0
550;4.78046;2.28724;8.67716;-5.6;-23.72999;-13.23;994.59106;0;0;0;0;0
551;5.0487;2.25132;8.27479;-4.27;-23.02999;-18.26999;994.58521;0;0;0;0;0
552;5.53968;2.39741;8.22689;2.1;-18.96999;-25.82999;994.58521;0;0;0;0;0
553;4.9553;3.24765;7.92752;26.45999;-1.05;-49.06998;994.60229;0;0;0;0;0
554;4.28709;4.43079;7.33355;15.67999;-2.38;-35.06998;994.60767;0;0;0;0;0
555;4.3757;4.34217;7.29523;1.61;-5.18;-15.39999;994.61011;0;0;0;0;0
556;4.49545;4.28709;7.45809;-4.76;-1.05;-8.75;994.61133;0;0;0;0;0
557;4.60083;4.62239;7.791;0.14;4.06;-17.42999;994.61499;0;0;0;0;0
558;4.44037;4.79243;7.63293;-0.49;3.71;-19.73999;994.61499;0;0;0;0;0
559;4.16015;4.65592;7.3575;-6.65;1.96;-14.13999;994.62622;0;0;0;0;0
560;4.09548;4.6152;7.5515;-12.67;-0.77;-5.04;994.6394;0;0;0;0;0
561;4.22721;4.232;7.69759;-20.08999;-1.4;-3.08;994.62866;0;0;0;0;0
562;3.95178;4.3278;8.13349;-13.09;7.0;-15.04999;994.64429;0;0;0;0;0
563;3.04167;4.83075;8.3682;-8.47;6.72;-11.97;994.61475;0;0;0;0;0
564;3.19975;5.03194;8.29395;-12.32;8.05;0.35;994.60156;0;0;0;0;0
565;3.03688;5.97557;9.99442;13.09;-4.41;24.28999;994.61157;0;0;0;0;0
566;4.00687;3.44643;8.62926;-51.44998;-59.14998;69.64997;994.59937;0;0;0;0;0
567;5.07026;1.60706;7.28325;-56.69998;-62.64998;55.01998;994.59546;0;0;0;0;0
568;6.61744;0.75204;7.33834;7.14;-27.43999;10.22;994.58911;0;0;0;0;0
569;6.90245;2.64889;7.53713;6.37;-31.63999;-0.63;994.59375;0;0;0;0;0
570;6.43542;2.1651;6.36596;-0.07;-26.73999;-8.19;994.59058;0;0;0;0;0
571;6.7827;1.62382;5.80792;-16.58999;18.54999;-31.07999;994.60645;0;0;0;0;0
572;6.29411;3.53744;6.58151;17.63999;54.24998;-46.47998;994.58301;0;0;0;0;0
573;4.32301;4.08351;8.09277;10.08;55.64998;-36.46999;994.60376;0;0;0;0;0
574;3.54463;4.09069;8.61968;9.17;26.17999;-27.43999;994.59033;0;0;0;0;0
575;3.77216;4.26792;8.86397;-11.89999;9.31;-15.18999;994.6084;0;0;0;0;0
576;3.58534;3.98292;8.62447;-15.74999;3.78;-9.73;994.60645;0;0;0;0;0
577;3.60211;2.92671;7.85327;-38.70998;15.81999;-25.05999;994.60376;0;0;0;0;0
578;2.62973;2.71116;7.94907;-8.33;43.74998;-56.83998;994.58154;0;0;0;0;0
579;0.74246;2.77104;8.04008;-19.03999;66.77998;-68.24998;994.58301;0;0;0;0;0
580;-1.18793;6.31567;9.98005;37.37999;36.95999;-31.49999;994.60425;0;0;0;0;0