Time;Ax;Ay;Az;Gx;Gy;Gz;BAR;P;R;Mag;UP;DOWN;prob
0;9.96568;1.54;-1.07536;0.21;-0.14;-0.91;994.81836;0;0;0;0;0;0.06182
1;9.99921;1.50168;-1.31966;1.96;0.21;-0.28;994.82104;0;0;0;0;0;0.05775
2;9.93694;1.59748;-1.21188;1.19;3.85;0.91;994.82178;0;0;0;0;0;0.05835
3;10.02316;1.64059;-1.12805;-1.05;2.87;-4.97;994.82007;0;0;0;0;0;0.06276
4;10.06627;1.67651;-1.10889;0.14;2.73;-2.03;994.81763;0;0;0;0;0;0.06619
5;10.17883;1.81063;-0.98914;-2.66;2.8;-5.39;994.81006;0;0;0;0;0;0.07538
6;9.92257;1.80824;-1.0562;0;-5.32;-2.17;994.77954;0;0;0;1;0;0.05565
7;10.12135;1.67891;-1.17356;-0.14;-4.34;0.98;994.76294;0;0;0;0;0;0.06708
8;9.63037;1.89207;-1.2526;3.5;-4.97;1.54;994.74829;0;0;0;0;0;0.03884
9;9.70702;2.00224;-1.42264;7.35;1.26;4.62;994.74976;0;0;0;0;0;0.03935
10;9.2352;1.69567;-1.36995;6.65;8.47;3.15;994.75146;0;0;0;0;0;0.02793
11;8.21731;1.26936;-1.29331;11.13;14.76999;5.46;994.76709;0;0;0;0;0;0.01171
12;7.29044;0.90771;-0.93885;12.67;15.12;-0.28;994.78833;0;0;0;0;0;0.00546
13;7.57066;1.35079;-0.98675;5.74;18.68999;-4.9;994.7998;0;0;0;0;0;0.00696
14;9.21364;1.27655;0.48858;5.53;34.29999;6.23;994.82397;0;0;0;0;0;0.07158
15;10.1477;1.18074;0.82389;4.62;22.74999;12.6;994.83594;0;0;0;0;0;0.18069
16;10.41594;1.3484;0.9149;3.15;28.48999;9.73;994.85205;0;0;0;0;0;0.22915
17;10.31295;0.7712;1.4921;10.71;25.75999;5.32;994.86743;0;0;0;0;0;0.24304
18;10.41833;0.39518;2.04774;4.41;24.84999;8.4;994.85376;0;0;0;0;0;0.33949
19;10.50935;1.09692;2.72553;2.31;28.41999;3.5;994.84253;0;0;0;0;0;0.40123
20;11.61106;0.73048;3.19256;2.1;21.97999;5.46;994.83203;0;0;0;0;0;0.70873
21;11.94875;1.29331;2.65368;-10.22;14.41999;14.7;994.83813;0;0;0;0;0;0.74819
22;11.70207;1.1065;3.38895;25.54999;-1.68;-2.1;994.84619;0;0;0;0;0;0.63137
23;11.8314;0.88855;3.78653;-3.5;12.18;-4.9;994.84619;0;0;0;0;1;0.7738
24;12.71276;1.19751;4.48108;-1.89;7.49;-2.1;994.84351;0;0;0;0;0;0.90899
25;12.56427;1.52563;5.0487;2.87;-6.37;-0.35;994.8418;0;0;0;0;0;0.90209
26;11.88648;1.23583;4.15775;6.72;-23.02999;-2.17;994.86987;0;0;0;0;0;0.74715
27;11.14882;0.97238;3.365;1.89;-27.85999;-12.18;994.91577;0;0;0;0;0;0.50437
28;10.63868;1.43701;2.84049;2.24;-31.63999;-12.39;994.97485;0;0;0;0;0;0.31338
29;9.88185;1.39151;2.10043;-0.77;-41.71998;-10.99;994.98926;0;0;0;0;0;0.13847
30;7.84369;1.2526;0.68258;-0.49;-52.21998;-14.49;995.02051;0;0;0;0;0;0.01146
31;6.07377;0.98435;0.59875;0;-47.17998;-12.25;995.03931;0;0;0;0;0;0.00218
32;6.42344;1.13524;-0.58199;-3.01;-42.41998;-10.29;995.08008;0;0;0;0;0;0.00201
33;8.34425;1.75794;-1.85854;-3.22;-30.58999;-8.82;995.05322;0;0;0;0;0;0.00768
34;9.15856;2.02619;-1.95194;-1.82;-23.65999;-6.44;995.03955;0;0;0;0;0;0.01632
35;8.37538;2.45969;-2.69679;3.64;-26.31999;-4.69;995.05176;0;0;0;0;0;0.00506
36;9.25436;2.64171;-3.50391;-0.98;-16.58999;0.42;995;0;0;0;1;0;0.0097
37;9.49625;2.90755;-3.66198;-0.91;1.26;12.25;994.96631;0;0;0;0;0;0.01367
38;8.81846;2.71116;-2.61297;2.59;11.69;8.61;994.94458;0;0;0;0;0;0.0111
39;8.38975;2.73272;-2.91474;6.23;15.32999;0.77;994.91187;0;0;0;0;0;0.00595
40;5.59237;1.72202;-1.23104;14.0;21.76999;7.91;994.88477;0;0;0;0;0;0.00092
41;5.22354;1.11129;-0.46224;15.39999;12.18;15.53999;994.86719;0;0;0;0;0;0.00095
42;7.8868;1.42743;-1.14961;14.21;34.64999;23.16999;994.83276;0;0;0;0;0;0.01126
43;10.71053;0.38081;-0.23232;-1.61;67.68997;15.18999;994.7937;0;0;0;0;0;0.28569
44;12.43734;0.21316;-0.0024;9.03;44.58998;14.7;994.75488;0;0;0;0;0;0.64898
45;12.38944;0.54846;0.99633;8.61;31.70999;9.03;994.73169;0;0;0;0;0;0.69028
46;11.04583;0.56522;1.825;-0.7;8.4;-1.75;994.70996;0;0;0;0;0;0.42441
47;11.37634;1.07057;1.5879;0.56;3.01;7.49;994.69214;0;0;0;0;0;0.47118
48;11.97031;0.27543;1.76513;4.97;12.53;5.25;994.67993;0;0;0;0;0;0.6535
49;11.65177;0.78317;1.38193;-11.62;15.46999;6.93;994.70996;0;0;0;0;0;0.57725
50;11.10092;0.71851;2.4046;7.84;0.35;-4.06;994.70801;0;0;0;0;1;0.4501
51;11.23983;0.81191;2.15791;-0.91;5.04;-2.03;994.7085;0;0;0;0;0;0.49073
52;12.10443;0.81431;2.62734;3.5;-0.49;2.52;994.70459;0;0;0;0;0;0.72113
53;13.93901;0.58678;2.78301;-1.61;4.13;-7.21;994.75635;0;0;0;0;0;0.94376
54;13.73783;1.48491;2.9818;3.36;-8.12;-9.45;994.78271;0;0;0;0;0;0.91914
55;12.20741;1.38672;2.39023;2.87;-24.14999;-7.98;994.83813;0;0;0;0;0;0.65499
56;10.73208;0.91969;2.05253;-0.56;-30.65999;-6.86;994.88379;0;0;0;0;0;0.29868
57;9.28789;1.0562;1.02507;-0.42;-32.47999;-2.59;994.89893;0;0;0;0;0;0.06512
58;7.46049;0.64905;0.96759;-7.49;-29.74999;-4.97;994.92725;0;0;0;0;0;0.01299
59;7.3599;0.73767;0.11975;-2.52;-39.33998;-12.80999;994.94141;0;0;0;0;0;0.00692
60;6.78749;0.89095;-0.37362;-5.81;-36.88998;-19.87999;994.90771;0;0;0;0;0;0.00316
61;7.27607;1.41067;-1.55916;0.91;-33.87999;-11.34;994.86401;0;0;0;0;0;0.00298
62;8.09996;2.00224;-2.63692;2.1;-24.84999;-8.19;994.84399;0;0;0;0;0;0.00423
63;9.06036;2.29443;-3.20933;-3.78;-14.90999;-0.42;994.84668;0;0;0;0;0;0.00985
64;9.26873;1.92799;-2.96503;1.05;-17.28999;6.79;994.85962;0;0;0;0;0;0.01391
65;9.50344;2.2585;-3.77455;-9.17;-5.11;0.42;994.85767;0;0;0;1;0;0.01366
66;9.55373;2.58662;-2.92911;-3.22;2.31;4.13;994.84399;0;0;0;0;0;0.01944
67;9.42919;2.67045;-3.39135;5.81;-7.42;4.34;994.83521;0;0;0;0;0;0.01218
68;9.82677;2.41418;-2.67524;1.19;-18.26999;2.66;994.79663;0;0;0;0;0;0.02379
69;7.68801;1.94236;-3.72426;10.99;-3.01;2.59;994.73242;0;0;0;0;0;0.00211
70;5.59956;1.03944;-2.30161;14.83999;13.09;9.8;994.65381;0;0;0;0;0;0.00064
71;6.3947;0.73048;-1.7771;11.83;26.10999;12.25;994.61987;0;0;0;0;0;0.00203
72;7.91075;1.22625;-2.33275;0.28;37.51999;2.24;994.60132;0;0;0;0;0;0.00726
73;9.78366;1.5376;-1.69088;-4.97;54.66998;-4.55;994.59155;0;0;0;0;0;0.05815
74;10.57401;0.95561;0.00958;-16.79999;55.64998;2.1;994.57324;0;0;0;0;0;0.25845
75;10.63149;0.72569;0.24908;-8.61;52.49998;5.11;994.5564;0;0;0;0;0;0.27888
76;11.39071;0.89813;1.47294;-21.06999;41.36998;6.02;994.53394;0;0;0;0;0;0.58259
77;11.60387;1.27176;2.2585;-6.72;18.47999;14.21;994.53784;0;0;0;0;0;0.64186
78;11.43143;0.7688;2.47166;-11.83;7.42;20.36999;994.52686;0;0;0;0;0;0.64938
79;13.14866;0.65863;2.36867;-21.69999;10.15;24.63999;994.52734;0;0;0;0;0;0.9181
80;11.36437;0.24669;2.25371;9.31;-11.55;0.56;994.57422;0;0;0;0;0;0.50365
81;10.97877;-0.10059;2.00703;2.17;-3.99;-5.11;994.56812;0;0;0;0;1;0.41648
82;11.27096;0.68258;2.63931;-5.74;12.46;-4.97;994.55371;0;0;0;0;0;0.56944
83;12.66007;1.31966;2.67284;-1.19;9.03;-5.46;994.55518;0;0;0;0;0;0.81394
84;12.90197;0.60833;2.98898;-11.97;5.25;-10.08;994.56226;0;0;0;0;0;0.87987
85;12.65049;1.22625;2.76864;2.17;3.5;-12.88;994.56592;0;0;0;0;0;0.79934
86;12.48763;1.66454;2.81175;-14.06999;-0.14;-16.09999;994.56836;0;0;0;0;0;0.78675
87;11.43382;0.94843;3.21172;-4.83;-20.01999;-2.94;994.56982;0;0;0;0;0;0.60876
88;11.2039;0.63947;2.76385;-8.61;-38.70998;-10.71;994.57593;0;0;0;0;0;0.48477
89;9.30944;1.12326;1.3939;9.59;-45.98998;-21.27999;994.58325;0;0;0;0;0;0.05433
90;7.01741;1.04902;0.6251;12.46;-38.70998;-17.35999;994.55322;0;0;0;0;0;0.00481
91;6.23663;0.98914;0.00479;19.73999;-40.87998;-10.99;994.55493;0;0;0;0;0;0.00171
92;6.63181;0.82389;-0.58199;0.56;-40.45998;-15.88999;994.55518;0;0;0;0;0;0.0024
93;7.56826;2.15791;-2.13875;-3.5;-30.86999;-14.63;994.5415;0;0;0;1;0;0.00294
94;9.03401;2.08367;-2.4022;3.64;-22.11999;-2.59;994.5459;0;0;0;0;0;0.01189
95;8.63884;2.39981;-3.40332;-2.31;-14.97999;-2.59;994.54199;0;0;0;0;0;0.0058
96;9.35974;2.56267;-3.1279;-0.14;3.22;5.25;994.54199;0;0;0;0;0;0.01477
97;9.36932;2.37346;-3.32429;8.75;3.78;5.18;994.5625;0;0;0;0;0;0.0129
98;9.52499;3.27639;-3.4129;5.25;3.71;-16.93999;994.58936;0;0;0;0;0;0.01089
99;6.73001;2.63692;-2.58423;8.68;10.01;2.94;994.63135;0;0;0;0;0;0.00134
100;4.96967;1.85375;-2.08606;-0.91;32.19999;9.87;994.65649;0;0;0;0;0;0.00045
101;5.78397;0.80712;-0.55804;-5.81;61.17998;15.88999;994.64331;0;0;0;0;0;0.00281
102;8.41131;1.7316;1.02746;-0.49;60.68998;17.07999;994.66602;0;0;0;0;0;0.05408
103;9.9561;1.43462;0.57959;6.51;44.72998;9.45;994.6814;0;0;0;0;0;0.14869
104;11.95594;0.30656;1.41306;1.33;29.88999;9.8;994.71899;0;0;0;0;0;0.659
105;12.14035;1.3005;1.36756;10.78;-0.7;5.53;994.75342;0;0;0;0;0;0.58714
106;10.66981;1.57353;0.9125;-10.64;1.96;13.64999;994.75903;0;0;0;0;0;0.27376
107;12.13556;1.29092;2.53393;-21.06999;18.75999;21.62999;994.77832;0;0;0;0;0;0.80666
108;13.00975;0.9149;2.43573;-0.77;8.33;14.97999;994.77246;0;0;0;0;0;0.87504
109;11.99426;-0.20597;3.20933;6.09;6.16;-7.77;994.80566;0;0;0;0;0;0.75806
110;10.677;0.9604;2.81415;3.78;-1.05;-11.89999;994.78979;0;0;0;0;1;0.37411
111;10.98596;0.99633;2.01182;-4.48;5.74;-3.29;994.7793;0;0;0;0;0;0.41644
112;12.12119;1.12326;2.19623;0.35;0.35;2.17;994.77344;0;0;0;0;0;0.68646
113;12.59541;1.23104;2.26329;0.49;4.13;-2.52;994.75366;0;0;0;0;0;0.77476
114;12.94987;1.21188;2.51717;0.35;5.67;-10.29;994.75977;0;0;0;0;0;0.83566
115;12.33435;1.80345;3.15664;1.96;-1.26;-4.97;994.74585;0;0;0;0;0;0.76731
116;11.90325;1.38672;3.03449;0.56;-22.32999;-11.62;994.77466;0;0;0;0;0;0.64831
117;10.98116;1.35079;2.19863;-0.91;-34.29999;-11.89999;994.76514;0;0;0;0;0;0.3373
118;9.86988;1.66693;1.30768;9.24;-34.08998;-5.11;994.76465;0;0;0;0;0;0.09915
119;7.7431;0.79275;0.56043;9.8;-40.87998;-7.35;994.7749;0;0;0;0;0;0.01081
120;7.09405;0.98196;-0.08622;0.84;-38.07999;-6.58;994.77466;0;0;0;0;0;0.0049
121;6.67731;1.09931;-0.83107;3.22;-47.31998;-16.09999;994.77759;0;0;0;0;0;0.00202
122;6.8761;1.61903;-1.90165;-5.6;-38.91999;-16.79999;994.78271;0;0;0;0;0;0.0017
123;8.11912;2.35191;-3.06084;-3.5;-29.04999;-1.96;994.76392;0;0;0;0;0;0.00378
124;9.30226;2.82612;-2.76864;-4.69;-5.39;1.19;994.76953;0;0;0;0;0;0.01493
125;9.38848;2.75667;-2.57225;-4.06;-3.99;1.4;994.76953;0;0;0;0;0;0.01776
126;9.05078;3.17819;-3.05605;-4.48;-6.93;-6.3;994.75122;0;0;0;1;0;0.00922
127;9.18251;2.88839;-2.50519;2.52;-6.37;-2.94;994.75098;0;0;0;0;0;0.01302
128;8.83523;3.13987;-3.54223;3.99;-1.75;-2.17;994.74683;0;0;0;0;0;0.00605
129;8.97414;3.00335;-3.33387;3.71;8.54;5.6;994.73047;0;0;0;0;0;0.00877
130;8.80409;3.10155;-3.38177;12.67;10.64;4.48;994.73682;0;0;0;0;0;0.00656
131;6.4929;2.47645;-2.44053;12.74;29.95999;3.85;994.74585;0;0;0;0;0;0.00125
132;4.7134;1.20948;-1.24302;0.35;47.80998;6.23;994.75781;0;0;0;0;0;0.00056
133;5.52292;0.66342;-0.1461;-7.28;65.79997;17.35999;994.77783;0;0;0;0;0;0.00278
134;9.79563;1.61424;0.61313;-3.15;74.26997;21.55999;994.78809;0;0;0;0;0;0.17934
135;11.46975;0.99872;2.25611;-17.00999;58.02998;12.88;994.79663;0;0;0;0;0;0.69605
136;11.2063;0.89574;2.7423;-11.97;26.80999;15.95999;994.80493;0;0;0;0;0;0.63806
137;11.57034;0.7209;3.13029;-7.49;21.20999;8.68;994.79883;0;0;0;0;0;0.72197
138;11.72602;1.23823;3.77934;-7.84;8.19;-0.21;994.82251;0;0;0;0;0;0.75776
139;12.03976;1.52802;3.86556;-5.88;11.76;3.99;994.81006;0;0;0;0;0;0.8141
140;11.41706;1.31487;4.31343;8.61;9.94;-8.89;994.80859;0;0;0;0;0;0.69031
141;11.45298;1.72681;3.37937;1.47;0.98;-10.92;994.76465;0;0;0;0;1;0.59999
142;12.50919;1.38911;4.56251;7.0;0.28;-6.51;994.7644;0;0;0;0;0;0.87339
143;12.36788;1.08494;4.06435;-21.69999;3.22;3.78;994.73657;0;0;0;0;0;0.8866
144;12.40381;1.57592;4.0859;6.37;5.81;-9.87;994.70386;0;0;0;0;0;0.83495
145;11.33802;2.09564;4.5194;11.2;-4.55;-9.8;994.70166;0;0;0;0;0;0.64
146;11.14642;1.79626;4.11464;7.14;-18.96999;-4.69;994.7229;0;0;0;0;0;0.56688
147;11.04344;1.54;3.44643;10.22;-35.55999;-6.37;994.76855;0;0;0;0;0;0.44636
148;9.54655;1.76513;2.02379;8.89;-38.56998;-11.13;994.77466;0;0;0;0;0;0.08939
149;8.1263;1.51126;1.62143;1.47;-38.91999;-14.41999;994.78296;0;0;0;0;0;0.02239
150;7.17308;1.45378;0.68498;2.1;-43.67999;-16.16999;994.80029;0;0;0;0;0;0.00592
151;6.95514;1.85854;0.34488;3.85;-31.28999;-11.48;994.78442;0;0;0;0;0;0.00436
152;7.31678;2.08606;-0.37602;8.89;-31.28999;-14.7;994.80005;0;0;0;0;0;0.00412
153;7.94428;2.54351;-1.48491;3.43;-32.75999;-12.6;994.80713;0;0;0;0;0;0.00485
154;8.63884;2.886;-2.12199;-2.38;-24.00999;-7.56;994.77759;0;0;0;0;0;0.0082
155;10.30337;3.49194;-2.2585;-2.73;-9.24;-2.45;994.75684;0;0;0;0;0;0.03983
156;8.83044;3.30034;-1.29331;10.85;-21.69999;-3.71;994.73608;0;0;0;1;0;0.01181
157;9.15856;3.42967;-2.96982;1.96;-19.52999;-6.44;994.71582;0;0;0;0;0;0.00883
158;8.63644;3.47038;-2.96024;-3.85;-4.83;-2.1;994.71875;0;0;0;0;0;0.00645
159;8.84481;3.74342;-3.1734;7.28;2.03;4.62;994.69629;0;0;0;0;0;0.00683
160;8.61728;3.4153;-3.09197;-1.54;12.53;-3.78;994.68237;0;0;0;0;0;0.00646
161;7.0198;3.38177;-1.79387;3.78;19.59999;2.38;994.6897;0;0;0;0;0;0.00244
162;4.95769;2.29922;-1.19751;10.15;13.58;7.35;994.69116;0;0;0;0;0;0.00046
163;5.66662;1.37474;-1.29571;5.88;35.41999;14.41999;994.6897;0;0;0;0;0;0.00128
164;8.58854;2.25132;-1.02986;-2.59;56.69998;13.71999;994.70801;0;0;0;0;0;0.02587
165;10.28661;2.26808;0.13652;-4.34;56.34998;20.36999;994.72266;0;0;0;0;0;0.19218
166;10.42313;1.37714;1.01788;-24.91999;43.32998;16.23999;994.71338;0;0;0;0;0;0.32874
167;11.30928;1.7795;3.05605;-4.27;38.07999;21.48999;994.70093;0;0;0;0;0;0.66935
168;12.39183;1.81782;3.10395;5.39;7.49;17.63999;994.73999;0;0;0;0;0;0.80891
169;12.3104;1.6837;3.42248;5.04;9.24;10.08;994.76221;0;0;0;0;0;0.81135
170;12.22418;1.40109;3.32429;4.48;5.46;-3.71;994.74048;0;0;0;0;0;0.77482
171;11.66135;1.72441;3.00096;8.26;4.34;6.93;994.7522;0;0;0;0;0;0.63652
172;11.09613;1.16877;2.45729;13.71999;-2.24;-1.54;994.7583;0;0;0;0;0;0.42442
173;11.22306;1.79866;3.2237;-3.01;3.36;-2.17;994.78003;0;0;0;0;1;0.56221
174;10.45426;1.50886;3.15664;3.78;-3.36;-4.55;994.7644;0;0;0;0;0;0.35039
175;10.75603;1.57592;2.84049;-1.05;0.98;-8.96;994.7627;0;0;0;0;0;0.39589
176;12.6457;1.72441;3.28118;-1.47;9.17;3.01;994.74585;0;0;0;0;0;0.84921
177;12.47326;1.99984;3.4608;-0.56;-3.22;-1.54;994.75562;0;0;0;0;0;0.81295
178;11.45777;2.16749;3.88712;2.17;-10.15;1.05;994.75244;0;0;0;0;0;0.64223
179;11.48891;1.59508;3.53744;7.42;-26.59999;-0.77;994.77905;0;0;0;0;0;0.59396
180;10.78238;1.65017;2.07888;4.55;-39.96998;-9.59;994.7981;0;0;0;0;0;0.26263
181;9.46512;1.69807;1.46815;-1.47;-33.52999;-8.89;994.81885;0;0;0;0;0;0.07921
182;7.118;1.17356;1.12087;10.22;-45.35998;-10.85;994.84692;0;0;0;0;0;0.00661
183;5.95402;1.13524;0.32093;9.94;-37.44999;-12.74;994.84155;0;0;0;0;0;0.00162
184;5.96839;1.45378;-0.89574;9.24;-30.37999;-13.50999;994.85229;0;0;0;0;0;0.001
185;7.67604;2.1651;-1.69807;17.56999;-33.24999;-0.56;994.83862;0;0;0;0;0;0.00345
186;9.2807;2.38783;-3.52547;-1.82;-22.74999;-1.26;994.84131;0;0;0;0;0;0.00981
187;9.81958;2.34472;-2.03577;-13.44;11.69;3.71;994.80981;0;0;0;0;0;0.04302
188;9.50104;2.68482;-1.81063;5.39;-13.37;-0.07;994.80615;0;0;0;1;0;0.02279
189;9.98005;2.33514;-2.5962;6.93;-1.89;-3.99;994.7937;0;0;0;0;0;0.02808
190;9.4747;2.26808;-2.02379;2.17;0.91;-8.96;994.76709;0;0;0;0;0;0.02257
191;9.45314;3.08479;-2.86923;1.54;4.27;-8.61;994.77979;0;0;0;0;0;0.01454
192;8.92384;3.18777;-2.89318;-1.89;6.09;-10.57;994.75293;0;0;0;0;0;0.00882
193;5.66662;1.88488;-1.86093;-4.55;26.73999;-5.25;994.71924;0;0;0;0;0;0.00084
194;4.70861;1.43222;0.15328;0.98;41.08998;6.3;994.70239;0;0;0;0;0;0.00091
195;6.58391;2.00463;0.41194;-1.89;46.54998;4.76;994.70044;0;0;0;0;0;0.00605
196;9.94173;2.51238;0.56522;-16.79999;61.31998;8.89;994.68481;0;0;0;0;0;0.17261
197;10.90213;2.08367;2.13396;-7.0;45.14998;20.43999;994.68213;0;0;0;0;0;0.48943
198;10.6267;1.71962;2.28006;-15.04999;34.92999;14.83999;994.69043;0;0;0;0;0;0.44428
199;11.0123;2.22497;4.25116;-18.05999;29.18999;9.31;994.71729;0;0;0;0;0;0.69543
200;11.69488;2.09085;4.10267;-18.54999;12.74;6.72;994.74487;0;0;0;0;0;0.79049
201;11.74278;2.20102;4.23439;-14.76999;5.74;1.19;994.75073;0;0;0;0;0;0.78232
202;10.94284;2.12438;4.82836;-2.73;5.95;-2.1;994.74097;0;0;0;0;0;0.64486
203;11.13924;2.05732;3.93262;2.87;-0.7;5.88;994.73438;0;0;0;0;0;0.59948
204;10.57401;1.64059;3.87993;3.92;-1.82;9.45;994.73169;0;0;0;0;0;0.47654
205;10.32493;1.31966;3.43206;2.52;-11.89999;-3.64;994.74731;0;0;0;0;1;0.34646
206;10.8662;1.56874;3.47996;-0.56;-4.27;-3.85;994.73804;0;0;0;0;0;0.48818
207;11.35479;1.76034;3.73144;-4.27;-0.63;-4.13;994.72754;0;0;0;0;0;0.63679
208;12.13317;1.95434;3.78653;-3.99;-2.31;-3.08;994.74756;0;0;0;0;0;0.78702
209;11.92959;2.03337;4.05716;0.49;-3.29;-2.31;994.74268;0;0;0;0;0;0.76143
210;11.74278;1.86333;3.81527;3.15;-22.81999;-2.17;994.75366;0;0;0;0;0;0.68104
211;11.09373;1.62622;3.25244;-1.61;-35.69999;-6.65;994.78198;0;0;0;0;0;0.46693
212;9.82677;1.8753;2.17228;3.43;-42.69998;-13.92999;994.79102;0;0;0;0;0;0.11965
213;8.23887;1.93997;1.76273;12.80999;-44.02998;-2.73;994.7854;0;0;0;0;0;0.02365
214;7.51078;1.36756;0.2874;5.39;-48.01998;-5.53;994.78711;0;0;0;0;0;0.0073
215;7.00543;1.37235;-0.16047;-1.96;-31.91999;-6.23;994.81323;0;0;0;0;0;0.00444
216;6.99346;1.47294;-0.64187;3.15;-33.59999;-4.55;994.83691;0;0;0;0;0;0.00339
217;8.21971;1.88488;-1.64777;10.15;-38.21999;-7.98;994.81616;0;0;0;0;0;0.00609
218;8.75619;2.46448;-3.05844;5.04;-26.87999;-8.33;994.80713;0;0;0;0;0;0.00602
219;9.35495;2.68961;-3.26202;0.56;-7.56;-2.8;994.81055;0;0;0;0;0;0.01183
220;9.0891;2.13875;-2.04056;-3.71;-3.29;-1.54;994.8125;0;0;0;0;0;0.01752
221;9.67588;3.12311;-3.24765;-2.45;-10.78;-5.11;994.78296;0;0;0;1;0;0.01512
222;9.10107;2.76625;-3.8488;8.4;3.36;-4.69;994.77979;0;0;0;0;0;0.007
223;8.71308;2.84768;-3.24046;7.63;6.65;-5.46;994.76001;0;0;0;0;0;0.00622
224;8.3179;3.10874;-3.50391;7.7;19.03999;0.21;994.73633;0;0;0;0;0;0.00417
225;6.97669;2.15073;-1.93997;3.92;37.79998;4.06;994.73926;0;0;0;0;0;0.00297
226;5.40795;1.26936;-0.60833;10.5;37.02999;11.83;994.71484;0;0;0;0;0;0.00125
227;6.09532;1.00112;0.03593;-2.87;47.45998;13.58;994.72217;0;0;0;0;0;0.0041
228;9.12982;1.346;0.10059;3.71;45.35998;16.51999;994.70703;0;0;0;0;0;0.06718
229;10.90213;1.45857;0.42392;-17.84999;60.68998;8.75;994.74536;0;0;0;0;0;0.3683
230;12.54272;1.4418;2.70158;-22.04999;46.05998;0.42;994.77148;0;0;0;0;0;0.86509
231;10.51174;2.48124;3.35303;-7.91;3.43;-7.56;994.79175;0;0;0;0;0;0.3828
232;9.75492;2.09804;2.52196;-17.35999;-5.6;6.09;994.80884;0;0;0;0;0;0.20991
233;11.64219;1.83938;2.70637;-15.39999;6.51;13.64999;994.82324;0;0;0;0;0;0.67593
234;12.37986;1.90404;4.28948;-3.15;7.63;2.03;994.81177;0;0;0;0;0;0.86451
235;11.8769;1.48012;3.34105;2.59;-9.59;-5.11;994.7981;0;0;0;0;0;0.69219
236;10.80633;1.60466;2.50519;6.65;-11.62;2.31;994.80518;0;0;0;0;0;0.36026
237;10.56922;1.11847;2.38065;-0.14;0.98;3.5;994.80957;0;0;0;0;0;0.34859
238;11.55597;1.3939;2.79259;-2.03;15.67999;-0.7;994.80786;0;0;0;0;1;0.63004
239;11.26857;1.78908;2.68721;0.14;8.05;-7.28;994.80811;0;0;0;0;0;0.50671
240;11.73081;1.8777;3.36261;1.26;3.92;2.38;994.79468;0;0;0;0;0;0.68676
241;13.43846;1.5855;3.29555;6.86;-8.82;5.53;994.78271;0;0;0;0;0;0.91249
242;12.05174;1.93518;3.38416;7.0;-26.45999;-12.11;994.79077;0;0;0;0;0;0.67272
243;11.10571;1.56395;2.36867;12.25;-35.41999;-6.79;994.81128;0;0;0;0;0;0.3497
244;10.11656;1.55197;1.56874;6.44;-28.41999;-6.93;994.82202;0;0;0;0;0;0.14216
245;9.72139;1.80345;0.96759;6.51;-22.39999;-0.07;994.81689;0;0;0;0;0;0.08608
246;8.9454;1.31247;0.64666;-2.73;-44.30999;-17.98999;994.83911;0;0;0;0;0;0.03328
247;7.0677;1.38911;0.18921;-4.27;-49.90998;-22.39999;994.81421;0;0;0;0;0;0.00431
248;6.75396;1.66214;-0.68019;10.01;-43.67999;-16.02999;994.78296;0;0;0;0;0;0.00203
249;6.46176;2.11959;-1.54479;9.87;-42.41998;-19.73999;994.77905;0;0;0;0;0;0.00099
250;7.58742;3.03928;-2.90995;6.93;-34.64999;-13.37;994.79712;0;0;0;0;0;0.0017
251;8.35143;3.30992;-4.01884;-2.24;-23.37999;-8.89;994.79395;0;0;0;0;0;0.0027
252;9.02683;3.47757;-3.44164;-14.41999;0.77;-6.3;994.78149;0;0;0;0;0;0.00863
253;8.69871;3.44643;-3.24046;0.28;-9.03;-5.39;994.77881;0;0;0;1;0;0.00555
254;8.84241;3.62127;-4.33499;5.32;-3.92;-4.83;994.74365;0;0;0;0;0;0.00393
255;8.23647;3.76497;-3.50631;-1.05;5.25;-0.35;994.71118;0;0;0;0;0;0.00354
256;8.9933;4.33259;-3.8943;9.1;9.8;9.59;994.71655;0;0;0;0;0;0.00583
257;7.92033;3.76258;-3.56379;6.23;16.16999;1.96;994.70288;0;0;0;0;0;0.00257
258;7.00064;3.20454;-2.76864;7.14;29.32999;5.11;994.70361;0;0;0;0;0;0.00173
259;5.41035;1.91841;-1.49449;6.58;45.70998;14.06999;994.70532;0;0;0;0;0;0.0009
260;6.19113;0.89095;-0.15089;1.68;64.60998;27.64999;994.71289;0;0;0;0;0;0.00507
261;8.40412;1.45378;0.93645;-11.76;64.32998;17.14999;994.74756;0;0;0;0;0;0.06166
262;11.34281;1.28373;0.89813;-0.49;39.26999;25.19999;994.75757;0;0;0;0;0;0.48297
263;10.99553;1.22386;1.42504;-21.69999;30.58999;6.65;994.77563;0;0;0;0;0;0.45734
264;10.74885;1.72441;1.99266;-10.92;22.04999;1.4;994.78418;0;0;0;0;0;0.38545
265;10.89734;1.90644;2.58662;-11.48;16.72999;6.02;994.78589;0;0;0;0;0;0.47683
266;11.51525;1.56395;3.23807;-13.16;12.67;8.26;994.79175;0;0;0;0;0;0.69674
267;11.80505;1.54958;3.6548;-7.42;23.23999;5.67;994.78394;0;0;0;0;0;0.77951
268;11.86014;1.67891;3.87035;-5.25;24.77999;3.92;994.78394;0;0;0;0;0;0.79504
269;12.87563;1.76034;4.21284;6.65;10.5;-6.51;994.78857;0;0;0;0;1;0.89646
270;9.38129;1.28852;3.03209;-3.92;-6.37;-4.97;994.77832;0;0;0;0;0;0.16578
271;10.63389;1.47054;3.10874;2.8;1.96;3.92;994.79224;0;0;0;0;0;0.41603
272;11.89606;1.76273;4.10985;-5.74;0.07;3.08;994.76221;0;0;0;0;0;0.78972
273;12.14993;1.88967;4.41881;-3.92;-3.78;2.73;994.7771;0;0;0;0;0;0.83619
274;11.96791;1.74836;4.26074;1.89;-7.0;-4.48;994.79126;0;0;0;0;0;0.77946
275;11.00751;1.61185;3.72426;3.85;-19.31999;-18.19999;994.78955;0;0;0;0;0;0.47871
276;10.0016;2.11959;3.00335;6.93;-24.70999;-11.34;994.7793;0;0;0;0;0;0.19324
277;9.83874;1.96392;2.71595;10.99;-19.31999;-1.96;994.77197;0;0;0;0;0;0.16671
278;9.32381;1.74118;2.62015;7.63;-38.77999;-6.72;994.80005;0;0;0;0;0;0.09615
279;7.59461;1.41785;1.05381;4.13;-51.23998;-14.0;994.83179;0;0;0;0;0;0.00986
280;6.47134;1.51605;0.26824;10.92;-45.42998;-19.03999;994.83984;0;0;0;0;0;0.00221
281;6.77312;1.76992;-0.34488;1.47;-36.67999;-19.66999;994.82642;0;0;0;0;0;0.00259
282;7.82932;2.63452;-1.63101;-3.22;-30.86999;-14.7;994.84229;0;0;0;0;0;0.00431
283;8.92863;3.13748;-2.1627;3.36;-12.18;-4.83;994.81592;0;0;0;0;0;0.01064
284;8.90229;3.15903;-1.25739;7.28;-15.53999;-8.05;994.79395;0;0;0;0;0;0.01357
285;9.00527;3.81766;-1.7771;-2.03;-10.57;-2.66;994.79321;0;0;0;0;0;0.01326
286;9.25675;3.4153;-2.63452;5.18;-6.93;3.01;994.80933;0;0;0;1;0;0.01258
287;9.16574;3.19256;-2.75427;4.76;0.49;1.61;994.78076;0;0;0;0;0;0.01177
288;9.2831;3.23567;-2.28245;2.38;-1.4;-1.75;994.7627;0;0;0;0;0;0.01557
289;9.3765;3.54702;-2.60578;-1.47;-0.56;0.21;994.76953;0;0;0;0;0;0.01526
290;9.4268;3.365;-2.62734;-0.07;-2.94;-0.56;994.74854;0;0;0;0;0;0.01571
291;6.94556;3.58055;-2.63213;-10.71;18.75999;-3.01;994.70239;0;0;0;0;0;0.00175
292;6.08574;2.23455;-0.9149;-6.23;33.38999;5.25;994.67822;0;0;0;0;0;0.00206
293;10.00639;2.92192;-0.73767;6.09;52.91998;17.28999;994.65796;0;0;0;0;0;0.08994
294;15.80713;4.29906;2.28006;10.22;62.85998;19.24999;994.65259;0;0;0;0;0;0.98753
295;13.53905;2.25371;2.33035;-23.23999;10.15;-12.74;994.67017;0;0;0;0;0;0.9036
296;9.48188;3.1758;1.69088;-9.24;-18.82999;-6.58;994.70142;0;0;0;0;0;0.08638
297;8.62686;2.47645;0.32572;-8.05;-22.11999;0.21;994.6958;0;0;0;0;0;0.02622
298;7.35032;2.5004;0.31854;-11.62;10.64;6.23;994.69312;0;0;0;0;0;0.01028
299;9.09389;2.86444;0.20597;9.73;-3.01;5.32;994.71851;0;0;0;0;0;0.0357
300;10.76561;3.69073;-0.68977;-12.74;-5.6;-5.46;994.69678;0;0;0;0;0;0.1169
301;9.137;3.16143;0.83347;-5.67;-7.56;-2.94;994.70239;0;0;0;0;0;0.04852
302;9.38608;3.48715;-0.27782;-0.14;-11.13;1.82;994.69775;0;0;0;0;0;0.03662
303;9.62558;3.31471;0.2395;2.87;1.54;6.09;994.69214;0;0;0;0;0;0.06174
304;9.86509;3.07521;0.18681;5.32;-4.06;4.62;994.67334;0;0;0;0;0;0.07241
305;9.76689;2.77583;-0.07664;-2.8;-0.91;-0.21;994.67139;0;0;0;0;0;0.06625
306;9.70702;2.75188;0.20837;0.35;-0.84;1.19;994.65601;0;0;0;0;0;0.06875
307;9.81479;2.84768;0.03114;-4.2;-3.22;-0.49;994.66333;0;0;0;0;0;0.07129
308;9.67109;2.75906;-0.01677;-2.73;-1.33;0.98;994.66138;0;0;0;0;0;0.0627
309;9.5202;2.79978;-0.08622;4.76;-2.8;2.73;994.677;0;0;0;0;0;0.04929
310;9.90341;2.8381;0.02395;-0.56;1.54;2.59;994.66797;0;0;0;0;0;0.07829
311;10.14051;2.76385;0.17963;6.16;-0.98;0.98;994.65845;0;0;0;0;0;0.09408
312;9.76449;2.60578;-0.20358;7.35;-5.39;-1.47;994.65283;0;0;0;0;0;0.05604
313;9.69264;2.59381;-0.44308;4.48;-1.4;2.24;994.65454;0;0;0;0;0;0.05213
314;9.91778;2.68003;-0.30896;0;-1.96;3.71;994.66064;0;0;0;0;0;0.07032
315;9.99202;2.61536;-0.35925;0.07;-3.71;2.45;994.6709;0;0;0;0;0;0.07284
316;9.88425;2.59141;-0.66342;4.55;-4.9;-2.52;994.68091;0;0;0;0;0;0.05374
317;9.74055;2.65847;-0.6251;-0.77;-3.85;-2.17;994.69971;0;0;0;0;0;0.05047
318;8.6101;2.83091;-1.27415;4.62;0.14;-4.41;994.69873;0;0;0;0;0;0.01247
319;6.72043;1.99505;-0.78078;9.24;10.43;0.91;994.70337;0;0;0;0;0;0.00294
320;5.48699;1.32445;-0.47421;1.75;19.24999;3.5;994.7019;0;0;0;0;0;0.0013
321;7.77184;1.94476;0.3353;9.45;34.99998;-1.12;994.70142;0;0;0;0;0;0.0145
322;9.21843;2.19623;0.95561;0.63;39.19999;8.68;994.69995;0;0;0;0;0;0.08379
323;10.03992;1.87051;1.41785;-6.02;26.38999;13.09;994.71899;0;0;0;0;0;0.20929
324;11.07936;1.80105;1.71723;-11.2;25.26999;13.01999;994.72949;0;0;0;0;0;0.46464
325;11.38113;2.22737;3.11113;-16.65999;20.99999;5.6;994.73218;0;0;0;0;0;0.65086
326;12.35112;2.17468;3.34824;-10.92;5.81;4.48;994.73706;0;0;0;0;0;0.81786
327;12.023;2.07169;3.80569;-2.73;5.81;8.19;994.74609;0;0;0;0;0;0.79045
328;11.59908;2.12678;2.8836;-5.67;7.07;3.78;994.75293;0;0;0;0;0;0.63078
329;11.04583;2.09564;2.84768;2.24;-4.55;-6.37;994.77808;0;0;0;0;0;0.43578
330;10.24829;1.47533;2.84049;0;-1.19;4.13;994.78809;0;0;0;0;1;0.30806
331;9.48907;1.32205;3.00814;-4.41;6.3;1.68;994.80396;0;0;0;0;0;0.20031
332;10.08543;1.70765;3.37937;-2.45;11.2;-2.1;994.80688;0;0;0;0;0;0.32408
333;12.58104;2.16989;3.8943;-0.42;16.93999;-0.35;994.79858;0;0;0;0;0;0.86494
334;12.94748;2.28724;4.26074;11.55;8.33;2.87;994.76782;0;0;0;0;0;0.89942
335;11.6398;2.18905;4.35175;7.49;3.57;-4.27;994.79883;0;0;0;0;0;0.716
336;10.91889;1.98308;4.25116;8.05;-5.11;-4.06;994.81348;0;0;0;0;0;0.53909
337;10.7728;2.13875;4.0859;2.03;-14.97999;-6.16;994.84058;0;0;0;0;0;0.4781
338;10.51414;1.95194;3.77455;-0.77;-26.03999;-1.33;994.85376;0;0;0;0;0;0.39353
339;7.90117;1.8753;3.39374;-2.17;-27.99999;-5.53;994.88062;0;0;0;0;0;0.04133
340;7.08926;1.13045;2.15552;7.84;-32.05999;-2.45;994.91992;0;0;0;0;0;0.01172
341;6.93837;1.18553;1.07057;22.60999;-37.16999;-6.72;994.91089;0;0;0;0;0;0.00518
342;6.89047;1.56874;0.24908;1.19;-46.54998;-18.61999;994.93433;0;0;0;0;0;0.00361
343;8.19336;2.17468;-1.51844;-1.33;-40.24998;-8.96;994.95654;0;0;0;0;0;0.00664
344;9.36692;2.65368;-1.02507;-0.14;-7.63;-0.77;994.95288;0;0;0;0;0;0.02993
345;9.59924;2.76385;-0.33051;0.35;-7.35;-7.7;994.96216;0;0;0;0;0;0.04509
346;9.84114;2.74709;-1.43462;-2.52;-11.27;-3.08;994.96094;0;0;0;0;0;0.03861
347;9.54176;2.73272;-0.83347;-0.07;-6.44;-0.63;994.96777;0;0;0;1;0;0.03787
348;9.68306;2.89318;-1.10889;-1.61;-6.86;0.42;994.94482;0;0;0;0;0;0.03885
349;9.78605;2.692;-1.22146;-0.77;-2.1;0.42;994.948;0;0;0;0;0;0.04286
350;9.82916;2.97222;-0.99154;1.12;-0.21;-2.17;994.91748;0;0;0;0;0;0.04556
351;9.78845;2.80696;-1.07057;1.54;-1.61;2.24;994.90967;0;0;0;0;0;0.04461
352;9.81;2.8357;-1.26697;0.63;1.82;0.42;994.90015;0;0;0;0;0;0.04261
353;9.89622;2.80457;-0.97238;-0.21;1.33;-0.91;994.89917;0;0;0;0;0;0.05163
354;9.8124;2.77104;-1.14961;-3.78;-0.63;-2.52;994.88062;0;0;0;0;0;0.04538
355;9.55852;2.91953;-0.92927;-3.01;-0.98;-3.29;994.86499;0;0;0;0;0;0.03765
356;9.70222;3.00335;-1.12326;-1.68;-1.33;-1.82;994.87183;0;0;0;0;0;0.03932
357;9.71899;3.19256;-0.91969;-1.54;1.05;0.91;994.85913;0;0;0;0;0;0.04368
358;9.69983;3.01054;-0.87179;0.91;-1.82;1.47;994.86475;0;0;0;0;0;0.04315
359;9.70702;2.94348;-0.92927;3.22;-1.82;2.52;994.83594;0;0;0;0;0;0.04224
360;9.70702;2.86444;-1.07297;1.89;-0.98;1.82;994.85034;0;0;0;0;0;0.04089
361;9.74533;2.73032;-1.19032;2.8;-1.05;2.45;994.85547;0;0;0;0;0;0.04103
362;9.65672;2.81894;-1.1544;1.12;1.05;4.06;994.85278;0;0;0;0;0;0.03955
363;9.81;2.80696;-1.17595;-1.26;0.35;-0.63;994.85669;0;0;0;0;0;0.04442
364;9.76929;2.77822;-1.0586;-0.98;-0.56;0.35;994.8606;0;0;0;0;0;0.04494
365;9.76449;2.77104;-1.14003;-2.87;-1.33;0.7;994.87549;0;0;0;0;0;0.04418
366;9.70462;2.86205;-1.18314;-1.4;-0.35;1.19;994.87524;0;0;0;0;0;0.04038
367;9.77647;2.7399;-1.16158;-1.61;-1.61;-0.7;994.87256;0;0;0;0;0;0.04332
368;9.69264;2.7902;-1.09931;1.19;-0.77;2.94;994.85913;0;0;0;0;0;0.04107
369;9.81958;2.70158;-1.152;0.14;-1.68;2.17;994.85059;0;0;0;0;0;0.04577
370;9.7118;2.7902;-1.32924;1.19;-0.7;1.05;994.85156;0;0;0;0;0;0.03763
371;9.76689;2.692;-1.18793;0.21;-1.54;1.96;994.8501;0;0;0;0;0;0.04297
372;9.73575;2.67045;-1.2526;-1.4;-0.14;2.45;994.85571;0;0;0;0;0;0.04203
373;9.69504;2.66805;-1.29092;-1.12;-0.14;3.01;994.85571;0;0;0;0;0;0.03996
374;9.80521;2.52196;-1.11608;2.24;0.91;1.61;994.86035;0;0;0;0;0;0.04637
375;9.92736;2.56746;-1.28134;3.5;-0.21;-0.84;994.85352;0;0;0;0;0;0.0465
376;9.83395;2.46208;-1.36995;2.45;0.07;-2.17;994.84082;0;0;0;0;0;0.04185
377;9.69025;2.56028;-1.19511;-0.49;2.38;-0.7;994.86133;0;0;0;0;0;0.04092
378;9.83395;2.58662;-1.21188;-2.24;1.47;0.14;994.88135;0;0;0;0;0;0.04721
379;9.91778;2.99138;-1.26218;2.38;-3.29;-1.75;994.86279;0;0;0;0;0;0.04325
380;9.67348;2.95066;-1.69807;5.39;-11.41;-9.87;994.84644;0;0;0;0;0;0.02512
381;7.75268;2.60578;-1.93039;6.02;0.35;-8.82;994.8252;0;0;0;0;0;0.0041
382;6.37075;1.65975;0.07185;2.17;38.21999;1.26;994.81738;0;0;0;0;0;0.00397
383;7.56587;1.89446;0.11257;1.96;52.63998;3.08;994.82983;0;0;0;0;0;0.01369
384;10.73687;1.94955;1.24302;1.33;59.28998;21.13999;994.85376;0;0;0;0;0;0.36712
385;11.22546;1.67651;2.22497;-5.95;40.10999;20.92999;994.89551;0;0;0;0;0;0.58056
386;10.61952;1.86812;3.83922;-14.21;26.24999;5.39;994.90698;0;0;0;0;0;0.55757
387;10.97877;1.91362;3.34105;-7.98;14.90999;4.76;994.91089;0;0;0;0;0;0.55702
388;11.37634;1.67172;4.12422;-13.85999;10.85;2.59;994.89722;0;0;0;0;0;0.72825
389;11.16558;1.53521;4.61041;-5.25;0.63;3.5;994.88281;0;0;0;0;0;0.70059
390;11.84577;1.92081;3.76258;-18.47999;1.26;-0.35;994.87866;0;0;0;0;0;0.77296
391;12.60499;1.88249;4.3302;-10.01;-2.38;-15.95999;994.86694;0;0;0;0;0;0.87476
392;10.05429;2.66805;3.21651;-7.56;-11.89999;-8.89;994.88037;0;0;0;0;0;0.24734
393;8.38975;1.54479;3.76497;-6.02;0.14;3.01;994.93799;0;0;0;0;0;0.10112
394;8.6556;1.56634;3.09676;3.92;-4.41;-2.59;994.90405;0;0;0;0;1;0.08426
395;9.5226;1.9256;2.72553;-0.35;4.76;0.07;994.89062;0;0;0;0;0;0.16521
396;10.29619;1.54;3.35782;-1.12;1.05;2.31;994.86279;0;0;0;0;0;0.36504
397;9.74055;1.77231;3.43446;-0.42;2.17;-1.61;994.85864;0;0;0;0;0;0.24425
398;9.5202;1.89686;3.26441;-1.05;2.45;-0.07;994.85107;0;0;0;0;0;0.19667
399;9.64474;1.65256;3.05125;-0.91;-4.9;-0.56;994.88208;0;0;0;0;0;0.19949
400;9.51302;1.74118;3.13748;-0.7;-7.49;0.56;994.8772;0;0;0;0;0;0.18201
401;9.72378;1.72681;3.03928;-0.49;-2.03;1.89;994.87695;0;0;0;0;0;0.21528
402;9.66869;1.65975;3.23807;-3.29;-0.35;-0.42;994.87988;0;0;0;0;0;0.22499
403;9.5681;1.85375;3.04407;2.31;-2.03;-1.47;994.86597;0;0;0;0;0;0.17941
404;9.45554;1.73878;2.94827;1.89;-1.96;-0.21;994.85669;0;0;0;0;0;0.16303
405;9.49625;1.825;2.87881;-3.43;-0.42;-4.62;994.83765;0;0;0;0;0;0.16679
406;9.67588;1.72441;2.88839;-0.63;0.7;-2.17;994.83105;0;0;0;0;0;0.19497
407;9.56331;1.87051;3.11113;-3.08;-0.35;-1.75;994.82886;0;0;0;0;0;0.19255
408;9.54655;1.89925;3.13987;-3.99;-0.98;-0.84;994.82446;0;0;0;0;0;0.19341
409;9.56331;1.90644;3.09197;-0.84;-1.12;-2.73;994.80151;0;0;0;0;0;0.18486
410;9.58726;1.86093;3.01772;-3.43;-1.68;-2.87;994.81274;0;0;0;0;0;0.18833
411;9.47949;1.88967;2.9794;0.07;-1.12;-1.19;994.81274;0;0;0;0;0;0.16734
412;9.61361;1.85854;3.00096;-0.42;-0.35;-1.26;994.81274;0;0;0;0;0;0.18969
413;9.50583;1.96152;2.94348;-0.7;-1.33;-0.84;994.77441;0;0;0;0;0;0.16896
414;9.53697;1.98308;2.96503;0.07;-1.26;-0.35;994.78052;0;0;0;0;0;0.17353
415;9.62558;2.03098;2.96024;0.42;-1.19;-0.35;994.79272;0;0;0;0;0;0.18436
416;9.65672;1.94476;2.86205;1.12;-1.61;-0.14;994.78711;0;0;0;0;0;0.18351
417;9.63516;1.99026;2.8836;-1.05;-2.31;-0.07;994.802;0;0;0;0;0;0.18368
418;9.61121;1.98547;2.7423;0.49;-1.61;-0.14;994.81128;0;0;0;0;0;0.17015
419;9.62558;2.05972;2.95785;2.73;-1.47;-0.91;994.81372;0;0;0;0;0;0.17886
420;9.57289;2.10283;2.68482;2.1;-1.33;-0.84;994.80615;0;0;0;0;0;0.15664
421;9.57768;2.019;2.90037;-1.61;-0.91;-1.33;994.79834;0;0;0;0;0;0.17637
422;9.60642;2.07169;2.70398;0.77;-1.05;-0.98;994.78833;0;0;0;0;0;0.1647
423;9.59684;2.05014;2.82373;1.75;1.75;-2.03;994.78857;0;0;0;0;0;0.17018
424;9.59205;2.19384;2.7423;-0.28;0.28;-1.75;994.7937;0;0;0;0;0;0.16429
425;9.56092;2.03098;2.81415;0;-1.12;-0.14;994.75928;0;0;0;0;0;0.16774
426;9.56092;2.02619;2.80936;0.42;-1.47;0;994.75928;0;0;0;0;0;0.16681
427;9.54176;2.24413;2.92192;2.52;1.75;0.98;994.78735;0;0;0;0;0;0.16703
428;9.5705;2.14115;2.84289;1.33;2.59;0.35;994.79248;0;0;0;0;0;0.17021
429;9.93933;2.09325;2.9794;-0.91;6.02;1.68;994.79517;0;0;0;0;0;0.24835
430;9.81958;1.98308;2.99856;-4.76;9.94;7.7;994.79614;0;0;0;0;0;0.2533
431;11.0147;2.33275;3.29315;5.39;9.66;12.11;994.79492;0;0;0;0;0;0.51882
432;12.67205;2.90995;4.32301;-6.02;13.64999;11.06;994.81079;0;0;0;0;0;0.89631
433;12.60259;2.17947;4.58167;20.08999;-7.84;-1.26;994.81543;0;0;0;0;0;0.85484
434;11.16798;2.82133;4.10985;28.34999;-14.06999;-8.26;994.85645;0;0;0;0;0;0.4776
435;10.81351;2.60578;4.08351;4.83;-19.24999;-5.67;994.89209;0;0;0;0;0;0.45824
436;9.67348;2.33275;2.67045;4.9;-29.88999;-13.64999;994.91943;0;0;0;0;0;0.12523
437;8.54304;1.78429;1.91123;20.22999;-28.97999;-10.43;994.9231;0;0;0;0;0;0.03222
438;7.312;1.70765;1.23104;4.9;-38.00999;-9.73;994.92358;0;0;0;0;0;0.00863
439;7.47725;1.88249;0.63708;6.58;-35.41999;-5.95;994.92822;0;0;0;0;0;0.00802
440;6.91203;1.90883;-0.12215;12.53;-34.78999;-9.24;994.93994;0;0;0;0;0;0.00312
441;6.29172;2.27048;-0.57241;3.22;-29.53999;-7.7;994.93164;0;0;0;0;0;0.00157
442;8.81607;2.87881;-2.1627;-5.25;-20.36999;2.8;994.93164;0;0;0;0;0;0.01104
443;9.9561;3.42967;-1.75315;-6.65;1.96;0;994.89868;0;0;0;0;0;0.04012
444;9.35016;3.30752;-0.98675;-4.2;-1.61;2.1;994.88013;0;0;0;0;0;0.03035
445;9.58487;3.3195;-1.53521;3.99;-6.37;1.75;994.88257;0;0;0;0;0;0.02708
446;9.58008;2.90755;-1.13045;2.94;-1.54;2.31;994.87158;0;0;0;1;0;0.03495
447;9.62319;3.38656;-1.00351;5.6;-0.14;0.7;994.84131;0;0;0;0;0;0.03467
448;9.67827;3.04167;-1.2526;-0.77;-0.49;-2.24;994.84839;0;0;0;0;0;0.03609
449;9.64474;3.14227;-1.38672;2.17;-4.97;-1.47;994.82056;0;0;0;0;0;0.03113
450;9.44835;3.11353;-1.55197;2.03;-6.51;1.33;994.80615;0;0;0;0;0;0.02474
451;9.35495;3.00814;-2.01661;-4.2;-2.03;-2.66;994.77588;0;0;0;0;0;0.02027
452;8.64842;3.22609;-1.54718;-1.89;10.15;-1.19;994.76465;0;0;0;0;0;0.01285
453;8.5095;3.28597;-1.09692;1.61;12.53;1.68;994.75952;0;0;0;0;0;0.01339
454;8.33946;3.00575;-0.94843;-1.82;13.3;2.73;994.75952;0;0;0;0;0;0.0132
455;8.33946;2.82133;-0.7688;-1.4;33.87999;9.17;994.71948;0;0;0;0;0;0.01735
456;4.50264;0.93885;0.27782;-12.95;33.17999;-0.7;994.71802;0;0;0;0;0;0.00088
457;7.17548;1.64538;-0.62031;-15.81999;32.12999;4.41;994.71484;0;0;0;0;0;0.00787
458;10.6267;2.9794;2.1651;-9.94;69.64997;21.69999;994.70288;0;0;0;0;0;0.44263
459;11.47214;2.27287;3.23807;-12.74;31.91999;23.09999;994.71411;0;0;0;0;0;0.7183
460;11.17516;1.6358;3.35063;-19.31999;16.30999;16.09999;994.73242;0;0;0;0;0;0.66753
461;11.19193;1.32684;4.03561;-14.97999;24.98999;7.0;994.72559;0;0;0;0;0;0.72294
462;11.17037;2.15312;5.41514;-11.13;19.31999;-3.15;994.73242;0;0;0;0;0;0.77103
463;19.02843;1.14482;4.88105;-30.51999;22.04999;-11.34;994.72827;0;0;0;0;0;0.99987
464;7.42935;5.28581;3.66198;-12.6;-2.24;-14.06999;994.74585;0;0;0;0;0;0.02239
465;8.97893;0.63468;2.68961;-20.92999;-6.02;36.11999;994.70483;0;0;0;0;0;0.18249
466;9.27591;0.81431;4.01884;2.94;12.53;9.73;994.73291;0;0;0;0;0;0.25359
467;9.91778;2.06211;4.17931;21.83999;-10.64;-6.16;994.78052;0;0;0;0;0;0.25811
468;9.67109;1.71962;3.45841;-4.69;-14.83999;-11.48;994.79126;0;0;0;0;0;0.21013
469;9.42919;1.99984;3.03209;3.36;-10.92;4.13;994.79175;0;0;0;0;0;0.15508
470;9.59684;1.77231;3.20454;-4.06;-5.46;3.22;994.78223;0;0;0;0;0;0.20997
471;9.616;1.70765;2.83091;0.21;-5.53;-2.66;994.79053;0;0;0;0;0;0.17538
472;9.64235;1.67651;2.94827;-1.12;-5.25;-1.68;994.80786;0;0;0;0;0;0.19064
473;9.6639;1.77231;2.79259;-1.54;-7.28;-1.05;994.82324;0;0;0;0;0;0.18185
474;9.74773;1.89925;2.69679;-1.82;-5.25;2.94;994.81982;0;0;0;0;0;0.19336
475;9.69743;1.72681;2.67524;-1.26;-3.29;1.61;994.80957;0;0;0;0;0;0.18734
476;9.74773;1.65735;2.42376;-1.19;-3.71;0.07;994.80762;0;0;0;0;0;0.17832
477;9.66869;1.61185;2.45729;-1.54;-2.94;0;994.79224;0;0;0;0;0;0.17131
478;9.78845;1.86093;2.46208;-3.64;-2.87;-0.07;994.78613;0;0;0;0;0;0.18684
479;9.67109;1.61903;2.38783;-1.12;-1.96;0.28;994.77563;0;0;0;0;0;0.16811
480;9.72857;1.54;2.44292;-0.56;-1.19;0.07;994.77759;0;0;0;0;0;0.18047
481;9.82677;1.6334;2.40699;0.07;-1.26;-1.75;994.77783;0;0;0;0;0;0.18707
482;9.76929;1.71004;2.37586;2.24;-0.42;-1.05;994.76636;0;0;0;0;0;0.1736
483;9.79084;1.68849;2.3567;0.56;-0.28;-2.66;994.76318;0;0;0;0;0;0.17663
484;9.81958;1.79387;2.44053;0.21;-0.49;-1.05;994.77686;0;0;0;0;0;0.18608
485;9.73096;1.92081;2.36149;1.54;-0.56;-0.7;994.79321;0;0;0;0;0;0.16474
486;9.77647;1.74357;2.4046;-0.07;-0.77;0.98;994.79541;0;0;0;0;0;0.18157
487;9.79323;1.81782;2.49801;0.98;-0.63;0.35;994.7959;0;0;0;0;0;0.18569
488;9.69743;1.84177;2.30401;0.98;-1.19;-0.07;994.82153;0;0;0;0;0;0.15969
489;9.3789;2.019;1.81063;-0.98;0.07;1.61;994.82446;0;0;0;0;0;0.1043
490;9.89383;2.11241;2.13636;4.06;-4.2;-2.73;994.88232;0;0;0;0;0;0.1608
491;9.84593;1.88009;2.27527;0.98;4.13;2.1;994.8667;0;0;0;0;1;0.18506
492;9.7621;1.88249;2.39981;2.1;0.42;-1.82;994.87085;0;0;0;0;0;0.17033
493;9.82677;1.67172;2.23934;1.96;2.59;-0.42;994.86377;0;0;0;0;0;0.17819
494;9.82677;1.67172;2.23934;1.96;2.59;-0.42;994.86377;0;0;0;0;0;0.17819
495;10.35367;1.92081;3.00335;4.27;15.81999;0.21;994.84912;0;0;0;0;0;0.33582
496;11.55357;1.91362;3.24525;-9.87;15.60999;8.89;994.84839;0;0;0;0;0;0.69208
497;11.89606;2.24653;3.62366;9.66;5.11;0.07;994.83789;0;0;0;0;0;0.70975
498;11.45059;2.81175;3.7985;14.76999;4.41;-12.18;994.83447;0;0;0;0;0;0.57075
499;10.03753;2.94348;3.43206;6.58;7.42;-1.33;994.85645;0;0;0;0;0;0.25948
500;10.43271;2.10762;3.89909;6.58;-0.7;8.82;994.85254;0;0;0;0;0;0.42119
501;10.7225;2.26808;3.96376;6.65;-4.34;6.3;994.87598;0;0;0;0;0;0.48029
502;10.99553;2.08127;4.02363;8.68;-19.10999;-1.4;994.90015;0;0;0;0;0;0.51388
503;9.76449;2.03337;3.01533;12.67;-40.31999;-11.06;994.94141;0;0;0;0;0;0.142
504;7.91315;1.6334;1.99266;10.71;-51.93998;-11.55;994.94312;0;0;0;0;0;0.01788
505;6.91682;1.49689;0.93406;12.18;-49.90998;-8.33;994.94458;0;0;0;0;0;0.0047
506;6.79707;1.54958;0.01437;3.57;-45.28999;-8.68;994.93994;0;0;0;0;0;0.00322
507;7.20182;2.17707;-0.97717;-0.35;-36.88998;-9.59;994.94312;0;0;0;0;0;0.00319
508;8.81367;2.94348;-1.70525;-6.72;-19.66999;3.92;994.91602;0;0;0;0;0;0.0135
509;9.52739;2.72074;-1.6358;3.01;-17.00999;3.36;994.89795;0;0;0;0;0;0.02574
510;9.54415;3.07521;-1.61664;1.4;-9.66;-3.71;994.88672;0;0;0;0;0;0.02508
511;9.36692;2.48364;-1.76992;1.47;-21.48999;-3.5;994.88281;0;0;0;0;0;0.0202
512;9.12982;2.75427;-2.63931;-1.89;-10.15;0.7;994.85132;0;0;0;1;0;0.01263
513;9.30705;2.77104;-2.39023;1.26;-0.7;1.33;994.83325;0;0;0;0;0;0.01697
514;9.04359;2.75667;-2.6944;-3.71;0.07;0.7;994.80737;0;0;0;0;0;0.01234
515;9.18729;2.83331;-2.76864;-6.93;11.89999;3.57;994.79395;0;0;0;0;0;0.0155
516;8.83762;2.85965;-2.02619;-0.14;17.00999;3.08;994.75977;0;0;0;0;0;0.01421
517;7.60898;2.692;-1.78429;2.31;19.31999;-4.13;994.73828;0;0;0;0;0;0.00456
518;8.05206;2.02619;-1.00112;-4.06;27.43999;-3.85;994.73828;0;0;0;0;0;0.01184
519;13.76418;3.82964;0.53169;9.66;27.85999;21.41999;994.73071;0;0;0;0;0;0.82639
520;7.34313;2.05972;-0.08622;-0.77;-4.55;11.41;994.7439;0;0;0;0;0;0.00784
521;4.77806;1.20469;-0.79515;5.25;-0.21;9.8;994.74585;0;0;0;0;0;0.00053
522;6.08814;1.17356;0.17244;2.03;24.77999;11.2;994.77881;0;0;0;0;0;0.0034
523;9.93454;1.76034;0.22513;2.1;44.37999;11.83;994.79053;0;0;0;0;0;0.13129
524;11.56555;1.2502;1.90165;2.24;41.99998;17.49999;994.82031;0;0;0;0;0;0.617
525;11.39071;1.14003;2.34712;-9.94;20.99999;11.27;994.83618;0;0;0;0;0;0.61107
526;11.60627;1.15919;2.72314;-16.37999;14.13999;6.93;994.85645;0;0;0;0;0;0.6899
527;12.13556;1.35319;3.8464;-7.07;21.55999;2.31;994.86572;0;0;0;0;0;0.83802
528;11.96312;1.9232;3.34105;-0.35;20.29999;2.94;994.88281;0;0;0;0;0;0.75331
529;15.11497;1.346;5.50136;18.89999;-5.46;-68.52998;994.86694;0;0;0;0;0;0.98412
530;8.45921;2.09325;2.27048;-32.05999;-12.18;8.82;994.87964;0;0;0;0;0;0.07309
531;9.59684;0.42871;2.46927;-2.38;0.42;26.24999;994.84082;0;0;0;0;0;0.22931
532;10.02076;0.97956;3.32189;3.71;-2.38;-1.19;994.84619;0;0;0;0;0;0.29721
533;10.02076;1.45857;2.89079;-6.86;-7.77;-11.76;994.84399;0;0;0;0;0;0.24697
534;9.69264;1.33403;2.68961;-3.29;-4.48;-6.23;994.83105;0;0;0;0;0;0.18751
535;9.53936;1.65975;2.60099;0.07;-3.57;0;994.85327;0;0;0;0;0;0.15812
536;9.78845;1.45857;2.37346;-6.72;-1.89;1.96;994.84717;0;0;0;0;0;0.19889
537;9.92496;1.23104;2.42376;-2.03;-2.66;-1.12;994.84619;0;0;0;0;0;0.2156
538;9.81958;1.34361;2.37107;-1.96;-2.94;-1.33;994.8479;0;0;0;0;0;0.19229
539;9.78366;1.42743;2.49082;-1.75;-1.96;-2.94;994.84741;0;0;0;0;0;0.19093
540;9.84114;1.43222;2.48603;-1.19;-1.26;-1.82;994.84863;0;0;0;0;0;0.20058
541;9.83156;1.4418;2.51477;-3.57;-0.91;-3.71;994.854;0;0;0;0;0;0.20252
542;9.77886;1.43941;2.5962;-3.99;0;-2.03;994.85596;0;0;0;0;0;0.2037
543;9.83395;1.46815;2.56028;-2.31;1.47;-1.12;994.85254;0;0;0;0;0;0.20922
544;9.73096;1.56155;2.57465;-0.91;0.91;-2.03;994.84448;0;0;0;0;0;0.18794
545;9.82916;1.53042;2.50998;-0.63;0.14;-2.8;994.84546;0;0;0;0;0;0.19708
546;9.78366;1.56395;2.48364;-1.05;1.12;-0.35;994.84888;0;0;0;0;0;0.19281
547;9.65193;1.64298;2.67284;-5.46;0.7;-3.99;994.82935;0;0;0;0;0;0.18529
548;9.75492;1.75555;2.40699;-2.03;-2.66;-1.82;994.80957;0;0;0;0;0;0.17614
549;9.74294;1.65735;2.53633;-0.63;-0.49;1.12;994.802;0;0;0;0;0;0.18788
550;9.81;1.69807;2.49322;-0.21;-1.82;-1.4;994.78687;0;0;0;0;0;0.18894
551;9.82677;1.70286;2.53872;-0.77;1.19;-0.14;994.79517;0;0;0;0;0;0.19983
552;9.82916;1.74357;2.65608;-0.42;-0.63;-1.33;994.80908;0;0;0;0;0;0.2028
553;9.7621;1.7795;2.51717;0.21;-1.12;0.35;994.80518;0;0;0;0;0;0.18392
554;9.74773;1.80105;2.51717;0.77;-0.84;1.54;994.81152;0;0;0;0;0;0.1823
555;9.67109;1.78668;2.49561;0.14;-1.33;0.14;994.81909;0;0;0;0;0;0.1693
556;9.81958;1.80345;2.38544;-0.56;-0.7;-1.12;994.81348;0;0;0;0;0;0.18343
557;9.83874;1.76273;2.39502;-3.92;2.52;1.05;994.79834;0;0;0;0;0;0.19948
558;9.72378;1.80345;2.57944;-2.45;0.14;0.35;994.79663;0;0;0;0;0;0.18714
559;9.73096;1.74118;2.66566;-0.7;-1.33;2.1;994.79785;0;0;0;0;0;0.19303
560;9.65432;1.76992;2.48124;1.4;-1.33;3.22;994.81055;0;0;0;0;0;0.16848
561;9.83635;1.57353;2.47645;3.15;-0.84;1.4;994.80688;0;0;0;0;0;0.19365
562;9.78605;1.62143;2.34712;4.13;-2.52;2.24;994.80884;0;0;0;0;0;0.17541
563;9.84832;1.52802;2.30401;-1.54;0.28;3.57;994.80811;0;0;0;0;0;0.19761
564;9.81719;1.43222;2.5028;0.28;-1.05;0.28;994.81934;0;0;0;0;0;0.19865
565;9.98244;1.6813;2.38065;-0.63;1.75;2.38;994.8103;0;0;0;0;0;0.21869
566;9.83874;1.42264;2.41657;0.28;-2.87;-1.54;994.84009;0;0;0;0;0;0.19233
567;10.20278;1.55676;2.67763;-2.24;-0.7;-5.18;994.84644;0;0;0;0;0;0.27151
568;9.68785;1.65975;2.26329;-1.75;-3.92;-4.2;994.87256;0;0;0;0;0;0.15642
569;9.80521;1.6813;2.20581;1.19;0.14;-1.26;994.87036;0;0;0;0;1;0.17099
570;9.80761;1.69328;2.28485;2.8;-1.05;-2.73;994.86572;0;0;0;0;0;0.17027
571;9.82916;1.66693;2.26569;-0.07;-0.98;-2.1;994.86353;0;0;0;0;0;0.17804
572;9.86988;1.68849;2.17468;-0.35;1.47;-3.64;994.86108;0;0;0;0;0;0.17861
573;9.92257;1.66933;2.21539;-1.68;2.31;-1.75;994.86475;0;0;0;0;0;0.19479
574;9.70462;1.86093;2.26329;-1.75;3.99;-3.57;994.85449;0;0;0;0;0;0.16204
575;9.80521;1.93757;2.48124;-0.28;5.88;-3.85;994.86084;0;0;0;0;0;0.18617
576;9.39087;2.19384;2.23216;-1.68;15.25999;1.26;994.86304;0;0;0;0;0;0.13057
577;9.56331;1.71244;2.9818;5.32;19.73999;5.46;994.85303;0;0;0;0;0;0.20285
578;10.72969;1.76752;3.47757;-4.2;18.19999;10.43;994.84375;0;0;0;0;0;0.52341
579;10.8183;1.8274;3.57816;-10.15;16.79999;15.12;994.84375;0;0;0;0;0;0.57682
580;11.77392;2.17468;4.64394;8.47;14.55999;-2.45;994.83643;0;0;0;0;0;0.77682
581;10.4351;2.27527;4.67029;6.51;1.19;-7.14;994.85522;0;0;0;0;0;0.46095