Time,Ax,Ay,Az,Gx,Gy,Gz,pitch,roll,BAR,totA,status,mov,prob
1672141212459,0.9532178044319153,6.703660011291504,1.6741187572479248,-20.01999282836914,-0.909999668598175,-2.4499990940093994,-73.96660433258177,29.656529417578035,-0.0869140625,6.974980669725483,1,moving,0.663
1672141212595,0.71611088514328,5.034331321716309,2.5267457962036133,-13.3699951171875,-3.779998779296875,2.169999122619629,-62.45026871211319,15.823383110948084,-0.192626953125,5.678182013221062,1,moving,0.477
1672141212703,1.0370434522628784,7.41977071762085,2.902763843536377,-7.55999755859375,1.0499995946884155,7.90999698638916,-67.44017689422216,19.659812133748314,-0.343994140625,8.034581168628966,1,moving,0.692
1672141212822,1.2621753215789795,8.337063789367676,4.442761421203613,-29.959989547729492,7.839996814727783,6.579997539520264,-61.01439095025685,15.859690757899731,-0.4287109375,9.530889161884312,1,moving,0.600
1672141212947,1.5687378644943237,9.340576171875,4.981640815734863,-37.51998519897461,8.959996223449707,2.589998960494995,-60.7881636457644,17.479415421594165,-0.4599609375,10.701590859638241,1,moving,0.659
1672141213068,1.8729053735733032,9.110654830932617,6.737190246582031,-23.869991302490234,10.569995880126953,-0.27999988198280334,-52.49278122957015,15.535666092121247,-0.475341796875,11.484839502813944,1,moving,0.774
1672141213187,1.2454102039337158,9.007668495178223,6.787485599517822,-15.46999454498291,10.989995956420898,4.899998188018799,-52.54418335260924,10.397333552179715,-0.496826171875,11.3472066632608,1,moving,0.747
1672141213305,2.0118165016174316,12.219389915466309,9.139394760131836,-16.65999412536621,1.5399994850158691,4.4799981117248535,-52.55335485592899,12.414292929250669,-0.514404296875,15.391212821733873,1,moving,0.842
1672141213430,1.73159921169281,15.182029724121094,9.881851196289062,12.739995002746582,17.289993286132812,-2.5199992656707764,-56.54292229428832,9.93904511317546,-0.51123046875,18.197347208855227,1,moving,0.928
1672141213551,1.0609936714172363,9.187294960021973,7.261699676513672,-7.419997215270996,-11.619996070861816,4.829998016357422,-51.38218166570534,8.312563591307791,-0.474609375,11.758587434088813,1,moving,0.666
1672141213671,1.7124390602111816,8.854387283325195,7.017407417297363,7.629997253417969,5.45999813079834,-0.5599997639656067,-50.79275319997852,13.713713726968171,-0.491943359375,11.427013107474233,1,moving,0.867
1672141213788,1.8369801044464111,8.782537460327148,6.478528022766113,26.179990768432617,3.219998836517334,-3.709998607635498,-52.5211421856624,15.830631538382704,-0.40185546875,11.067013395128217,1,moving,0.853
1672141213908,0.6035449504852295,7.673643112182617,5.637876033782959,33.5999870300293,3.6399986743927,-5.109997749328613,-53.53913877728721,6.11034728217053,-0.309814453125,9.541211206796977,1,moving,0.718
1672141214033,0.7017407417297363,4.897815227508545,2.6512868404388428,21.209991455078125,-11.339995384216309,-4.619998455047607,-60.75289645717224,14.825056585996709,-0.185546875,5.613408588522856,0,static,0.656
1672141214154,0.41194337606430054,3.5470240116119385,2.596201181411743,23.44999122619629,10.569995880126953,-0.48999980092048645,-53.45806028063233,9.016049285009807,-0.0859375,4.414899461867578,0,static,0.148
1672141214273,0.5269043445587158,6.667734622955322,2.476450204849243,37.37998580932617,-4.129998683929443,4.059998512268066,-69.20714435275794,12.011479410621371,-0.010986328125,7.132259025552133,0,static,0.420
1672141214402,1.2166699171066284,9.941726684570312,2.1076173782348633,27.509990692138672,-12.529995918273926,0.34999987483024597,-76.24532326322397,29.996665461653528,0.0927734375,10.235246268211004,0,static,0.079
1672141214516,0.7472461462020874,9.429192543029785,2.246528387069702,17.989992141723633,-5.109997749328613,3.0799989700317383,-75.90517322121032,18.398291975060783,0.116943359375,9.721879376460725,0,static,0.063
1672141214637,1.2885205745697021,9.022039413452148,1.7387843132019043,3.709998607635498,-4.619998455047607,5.739997863769531,-76.51095528175266,36.540177254727716,0.125,9.277976683351303,0,static,0.062
1672141214757,1.470542073249817,9.659113883972168,1.7747095823287964,-1.2599996328353882,-2.2399990558624268,2.4499990940093994,-76.5793944103563,39.645484701878196,0.15478515625,9.930285449792036,0,static,0.036
1672141214879,1.302890658378601,9.577683448791504,2.2177882194519043,-2.3099992275238037,-1.5399994850158691,2.7999989986419678,-74.96736900239027,30.433084959376043,0.142578125,9.917062513631977,0,static,0.039
1672141215000,1.5328125953674316,9.527388572692871,1.9279907941818237,-3.4999988079071045,2.72999906539917,1.1899995803833008,-75.5050200129501,38.485790462053046,0.14501953125,9.840619694411812,0,static,0.046
1672141215122,1.4202466011047363,9.251960754394531,1.9758912324905396,-2.2399990558624268,0.909999668598175,3.0099987983703613,-75.26434526590725,35.70812116707876,0.1640625,9.566609868257363,0,static,0.043
1672141215238,1.446591854095459,9.419611930847168,2.272873640060425,-9.519996643066406,1.3999994993209839,2.589998960494995,-74.03853349437541,32.47509859831044,0.1708984375,9.797329814994246,0,static,0.031
1672141215357,1.5783178806304932,9.49625301361084,2.615361452102661,-2.8699989318847656,2.659999132156372,0.6299998164176941,-72.16834459182371,31.110134091587703,0.180908203125,9.975471124512136,0,static,0.034
1672141215480,1.5232324600219727,9.548943519592285,2.21539306640625,-2.659999132156372,3.0099987983703613,0.2099999338388443,-74.27528569060364,34.511152426093005,0.19287109375,9.920207956807609,0,static,0.033
1672141215601,1.4968873262405396,9.584868431091309,2.074086904525757,-3.289998769760132,0.6299998164176941,-2.659999132156372,-75.05815950995613,35.81832554154195,0.18701171875,9.920292888635675,0,static,0.042
1672141215723,1.8226099014282227,9.718989372253418,1.49209725856781,-7.979996681213379,-6.789997577667236,-9.659996032714844,-76.37659069991403,50.6941960905922,0.176025390625,10.000350768837293,0,static,0.048
1672141215840,0.9627978801727295,7.810159206390381,0.6921606659889221,-17.079994201660156,-4.269998550415039,-5.17999792098999,-81.3670039915169,54.287435449415376,-0.125244140625,7.899661573432861,1,moving,0.817
1672141215962,0.5221142768859863,4.768484115600586,1.4394067525863647,-23.029991149902344,-2.3799991607666016,4.129998683929443,-72.19802128529919,19.937166286952774,-0.338623046875,5.008286720851204,1,moving,0.943
1672141216085,1.0466235876083374,4.258345127105713,2.3279590606689453,-14.069994926452637,-4.129998683929443,11.619996070861816,-59.06191024191175,24.208134789321,-0.465087890625,4.964707196183251,1,moving,0.708
1672141216206,1.506467342376709,7.673643112182617,3.3673975467681885,-26.179990768432617,6.649997711181641,11.479995727539062,-64.32463644100217,24.102234795556523,-0.553466796875,8.514317864912941,1,moving,0.817
1672141216324,1.769919514656067,9.515413284301758,6.86652135848999,-59.42998123168945,11.129995346069336,-2.3099992275238037,-53.30622977307649,14.453973708475841,-0.619873046875,11.8669634121803,1,moving,0.866
1672141216443,1.7292041778564453,9.987232208251953,6.7611403465271,-28.069988250732422,7.349997520446777,-10.91999626159668,-55.05535476776003,14.346231123195649,-0.6767578125,12.183922728567264,1,moving,0.973
1672141216570,1.5687378644943237,8.351433753967285,7.625742435455322,-23.589990615844727,7.489997386932373,-0.2099999338388443,-47.00884559333212,11.624494538683438,-0.69384765625,11.417501124427638,1,moving,0.934
1672141216692,2.933899164199829,14.688655853271484,12.693604469299316,-19.319992065429688,-2.3099992275238037,2.4499990940093994,-48.42825241730224,13.014353631131618,-0.739013671875,19.633949411785565,0,static,0.993
1672141216808,1.4441968202590942,13.416899681091309,11.117681503295898,13.789995193481445,3.359998941421509,-8.189996719360352,-50.11804814976933,7.4013283525916265,-0.78466796875,17.48432851203735,0,static,0.998
1672141216926,1.2621753215789795,7.5970025062561035,7.858059406280518,12.599995613098145,2.5199992656707764,0.8399997353553772,-43.66772342368294,9.125008491530071,-0.76220703125,11.00257384683685,0,static,0.965
1672141217061,1.3436059951782227,8.054450988769531,7.692802906036377,13.159995079040527,1.329999566078186,-3.219998836517334,-45.88550972652122,9.907205690832603,-0.7490234375,11.218675249417423,0,static,0.978
1672141217189,1.0059082508087158,7.781418800354004,6.674919605255127,32.829986572265625,-7.489997386932373,1.81999933719635,-49.058746928391635,8.569968172170716,-0.72802734375,10.301304853860362,0,static,0.967
1672141217313,0.8837622404098511,5.733676910400391,4.734953880310059,23.239992141723633,-9.519996643066406,-3.6399986743927,-49.96719370349523,10.57240302036088,-0.637451171875,7.4883826597668,0,static,0.915
1672141217446,0.387993186712265,4.821174621582031,2.8404932022094727,17.149993896484375,-5.879998207092285,-4.199998378753662,-59.2625363363744,7.778100930211448,-0.47314453125,5.609159034696734,0,static,0.913
1672141217567,0.3185376226902008,5.2426981925964355,2.682421922683716,42.34998321533203,-2.029999256134033,10.289996147155762,-62.74048334940206,6.772160381868223,-0.18017578125,5.897689202307736,0,static,0.496
1672141217685,1.2597802877426147,8.018526077270508,1.626218318939209,32.199989318847656,-26.66999053955078,5.319998264312744,-75.61149303682961,37.76382011634577,-0.095703125,8.278187775479939,0,static,0.497
1672141217815,1.3220508098602295,9.465117454528809,3.3290772438049316,-0.34999987483024597,8.049997329711914,-4.4799981117248535,-69.27135299708952,21.659130600764428,-0.008056640625,10.120228360422399,0,static,0.198
1672141217932,1.07296884059906,9.484277725219727,3.0680201053619385,-2.2399990558624268,-8.329997062683105,-3.5699985027313232,-71.08357347506498,19.27609988357172,0.00634765625,10.02574353696027,0,static,0.132
1672141218051,1.1855347156524658,9.223220825195312,2.4980053901672363,-0.4199998676776886,0.5599997639656067,0.5599997639656067,-73.31165487920383,25.38866696450533,0.077392578125,9.628775928519588,0,static,0.092
1672141218169,1.1256592273712158,9.216035842895508,3.513493776321411,2.3799991607666016,2.589998960494995,0.9799996018409729,-68.18253650346428,17.764509549235456,0.07568359375,9.927087380997005,0,static,0.078
1672141218289,1.19271981716156,9.2208251953125,2.991379499435425,4.059998512268066,1.1199995279312134,-0.2099999338388443,-70.74813472333459,21.738108832662302,0.099609375,9.767013318021137,0,static,0.081
1672141218395,1.1807446479797363,9.096284866333008,3.0776002407073975,2.659999132156372,0.6999997496604919,-0.5599997639656067,-70.08040346876042,20.989689275829168,0.124267578125,9.675132016402356,0,static,0.070
1672141218516,1.1184741258621216,9.40045166015625,2.821333169937134,2.659999132156372,1.5399994850158691,1.2599996328353882,-72.10726277639348,21.625088482672407,0.114990234375,9.878228416115157,0,static,0.060
1672141218638,1.147214412689209,9.297466278076172,3.0488600730895996,-1.1199995279312134,1.329999566078186,1.4699995517730713,-70.69107399107759,20.620139612547817,0.091552734375,9.851625644832701,0,static,0.066
1672141218759,1.2597802877426147,9.31662654876709,3.084785223007202,-0.9799996018409729,-1.329999566078186,2.2399990558624268,-70.32031791622563,22.214372268267837,0.104248046875,9.894568029715105,0,static,0.054
1672141218880,1.3220508098602295,9.208850860595703,3.2476465702056885,-2.099999189376831,0.48999980092048645,2.029999256134033,-69.15481830918505,22.150237857865676,0.101318359375,9.853829750990986,0,static,0.057
1672141218999,1.4274317026138306,9.354947090148926,3.3578174114227295,0.4199998676776886,-0.9799996018409729,0.2099999338388443,-68.69315122096963,23.030684784708097,0.0986328125,10.041291455463611,0,static,0.063
1672141219118,1.2933106422424316,9.323811531066895,3.192561149597168,3.0099987983703613,-1.0499995946884155,0.06999997049570084,-69.72382717172789,22.05293305463484,0.0810546875,9.939746504720867,0,static,0.080
1672141219225,1.3244458436965942,9.285490989685059,3.084785223007202,3.149998903274536,-1.6799994707107544,-0.48999980092048645,-70.12297301762692,23.236161761304004,0.08935546875,9.873722681161912,0,static,0.080
1672141219339,1.1448193788528442,9.2208251953125,2.981799364089966,0.5599997639656067,1.0499995946884155,-1.0499995946884155,-70.89434590059558,21.00358125958371,0.072998046875,9.758348023123286,0,static,0.098
1672141219452,1.266965389251709,9.37650203704834,3.161425828933716,-0.2099999338388443,2.4499990940093994,-0.909999668598175,-70.0373346616832,21.838819202383895,0.060791015625,9.975901213433433,0,static,0.096
1672141219570,1.1783496141433716,9.216035842895508,2.9386889934539795,-2.099999189376831,1.8899993896484375,0.34999987483024597,-71.0400395899545,21.849699129817317,0.043701171875,9.7447276755656,0,static,0.106
1672141219720,1.2837305068969727,9.290281295776367,3.10394549369812,-2.099999189376831,1.609999418258667,1.1199995279312134,-70.12236105028308,22.469020215248264,0.037109375,9.878854599438087,0,static,0.098
1672141219828,1.2957056760787964,9.290281295776367,3.1159205436706543,-2.9399991035461426,0.6999997496604919,0.48999980092048645,-70.03705321152249,22.579201685193897,0.02392578125,9.884186389791719,0,static,0.109
1672141219945,1.2262500524520874,9.747730255126953,2.605781316757202,-1.0499995946884155,1.6799994707107544,-3.0799989700317383,-73.54062265969172,25.20112405296713,-0.00390625,10.164252583865526,0,static,0.153
1672141220124,0.850231945514679,6.171965599060059,0.6203100681304932,-17.289993286132812,-7.1399970054626465,2.72999906539917,-80.32282260935447,53.886352316998625,-0.046875,6.26105728274215,1,moving,0.850
1672141220242,0.907712459564209,2.775827646255493,2.033371686935425,-3.0799989700317383,-6.859997272491455,8.119997024536133,-51.26329441895,24.056344867466418,-0.283447265625,3.558617912644603,1,moving,0.123
1672141220361,1.1855347156524658,6.253396034240723,2.2106032371520996,-18.129993438720703,4.129998683929443,0.6999997496604919,-68.14269688435456,28.20442179374211,-0.359619140625,6.73774600257253,1,moving,0.887
1672141220486,1.6813037395477295,7.970625400543213,6.351592063903809,-60.61997604370117,13.089995384216309,5.039998531341553,-50.50054003942646,14.826479632614204,-0.430419921875,10.329587275716667,1,moving,0.375
1672141220606,1.290915608406067,9.86508560180664,7.185059070587158,-49.48998260498047,24.569990158081055,-3.9899983406066895,-53.49877688948118,10.185473404732093,-0.502685546875,12.272385704777449,1,moving,0.817
1672141220725,1.626218318939209,9.132209777832031,8.401728630065918,-26.249990463256836,6.929997444152832,3.219998836517334,-46.86024069794282,10.954570728697469,-0.632080078125,12.515226143400437,1,moving,0.897
1672141220843,1.5639477968215942,10.253079414367676,9.433981895446777,-4.619998455047607,-3.4299986362457275,7.1399970054626465,-46.995259313000496,9.412781147375487,-0.65283203125,14.020398874216484,1,moving,0.938
1672141220968,2.4572901725769043,16.13764190673828,13.656401634216309,21.769990921020508,-4.5499982833862305,0.8399997353553772,-49.30988398096641,10.200470156501758,-0.697021484375,21.282835029605064,1,moving,0.997
1672141221089,1.231040120124817,10.186018943786621,7.400610446929932,18.129993438720703,-3.709998607635498,-0.2099999338388443,-53.62727344152543,9.44428058415829,-0.704345703125,12.650670997529943,1,moving,0.975
1672141221210,1.5950831174850464,7.570657253265381,6.741980075836182,16.379993438720703,1.1899995803833008,-2.2399990558624268,-47.537574464048035,13.310837473550592,-0.662841796875,10.262233516202873,0,static,0.952
1672141221327,1.0969189405441284,7.810159206390381,6.490503311157227,12.599995613098145,9.799996376037598,-1.1199995279312134,-49.87520929416611,9.592554659319145,-0.583251953125,10.214129978780953,0,static,0.919
1672141221451,1.4633569717407227,7.76465368270874,5.367238998413086,22.959991455078125,-2.3099992275238037,-1.2599996328353882,-54.379482986184605,15.25079165727061,-0.54052734375,9.551885411018649,0,static,0.919
1672141221573,1.3148658275604248,5.544470310211182,3.930227279663086,30.519989013671875,10.00999641418457,8.119997024536133,-53.22288682928941,18.497773509968496,-0.426025390625,6.922189656106465,0,static,0.693
1672141221683,0.5412744283676147,4.734953880310059,2.9075539112091064,31.14999008178711,-4.5499982833862305,-5.319998264312744,-58.010623190618695,10.545548322039524,-0.2861328125,5.582708661756884,0,static,0.762
1672141221799,0.5819897651672363,5.364843845367432,2.3878345489501953,37.51998519897461,-12.529995918273926,4.339998245239258,-65.3865931254036,13.697699930670527,-0.17578125,5.901018166816334,0,static,0.698
1672141221923,1.4202466011047363,9.012458801269531,2.1722826957702637,22.60999298095703,-17.289993286132812,1.81999933719635,-73.93491734239227,33.17681023994527,-0.002685546875,9.378716658630493,0,static,0.196
1672141222036,1.446591854095459,9.632768630981445,2.4117848873138428,2.3799991607666016,-3.4299986362457275,-3.9199984073638916,-73.72446780804808,30.95538725645009,0.04443359375,10.03491733065255,0,static,0.125
1672141222156,1.2454102039337158,9.012458801269531,3.2979419231414795,11.129995346069336,-0.13999994099140167,-0.06999997049570084,-68.63683743579897,20.688168471014386,0.070068359375,9.67739020341006,0,static,0.112
1672141222279,1.4346168041229248,9.223220825195312,2.732717514038086,6.229997634887695,-0.34999987483024597,1.329999566078186,-71.49802041025882,27.698488446702676,0.09228515625,9.725927861984113,0,static,0.081
1672141222402,1.266965389251709,9.13700008392334,3.2979419231414795,-6.299997806549072,3.219998836517334,-0.48999980092048645,-68.86039034225999,21.015202481656114,0.125732421875,9.796243808704997,0,static,0.057
1672141222523,1.207089900970459,9.278306007385254,3.3099172115325928,-4.129998683929443,3.6399986743927,0.6999997496604919,-69.20724946312117,20.03634886200988,0.123779296875,9.924695478598114,0,static,0.052
1672141222641,1.1951148509979248,9.287885665893555,3.2165112495422363,-2.72999906539917,1.8899993896484375,-0.48999980092048645,-69.72350730027216,20.382863424047656,0.122314453125,9.901467783526769,0,static,0.058
1672141222759,1.2022998332977295,9.201665878295898,3.312312126159668,0.06999997049570084,3.289998769760132,0.909999668598175,-69.04571600144313,19.949835472525454,0.115234375,9.853303580325086,0,static,0.060
1672141222866,1.2406201362609863,9.275911331176758,3.2452516555786133,1.81999933719635,1.2599996328353882,-0.6299998164176941,-69.46649424746262,20.921245744031452,0.115234375,9.905217193700768,0,static,0.067
1672141222985,1.147214412689209,9.192085266113281,3.242856502532959,1.3999994993209839,0.2099999338388443,1.329999566078186,-69.48348943737851,19.482080063240797,0.1201171875,9.814614141381158,0,static,0.056
1672141223114,1.281335473060608,9.165740013122559,3.1686110496520996,0.4199998676776886,-1.6799994707107544,3.149998903274536,-69.54963848615209,22.01761802595541,0.125,9.782264899636319,0,static,0.046
1672141223232,1.4418017864227295,9.177715301513672,3.1398706436157227,-0.7699997425079346,-2.8699989318847656,3.359998941421509,-69.37044576966333,24.664183208373995,0.114990234375,9.806530385697572,0,static,0.047
1672141223349,1.482517123222351,9.175320625305176,3.28357195854187,-0.9799996018409729,-2.3799991607666016,1.8899993896484375,-68.56229890197402,24.298949692094073,0.111328125,9.857292245070171,0,static,0.052
1672141223469,1.5687378644943237,9.172924995422363,3.2476465702056885,-0.2099999338388443,-2.2399990558624268,-0.2099999338388443,-68.53586066333317,25.782324610542204,0.108642578125,9.856505450924853,0,static,0.063
1672141223581,1.4154566526412964,9.251960754394531,3.1398706436157227,0.5599997639656067,-2.169999122619629,0.13999994099140167,-69.58152470396692,24.26589669558122,0.091064453125,9.87223799323147,0,static,0.072
1672141223701,1.386716365814209,9.194479942321777,3.1278955936431885,0.13999994099140167,-1.7499994039535522,0.6999997496604919,-69.58844452888917,23.909550779230038,0.093994140625,9.81046250355746,0,static,0.069
1672141223814,1.4298267364501953,9.199270248413086,3.1853761672973633,-0.5599997639656067,-0.06999997049570084,0.6999997496604919,-69.21584060091259,24.173985068379032,0.08544921875,9.83959343300281,0,static,0.073
1672141223933,1.4657520055770874,9.259145736694336,3.233276605606079,0.909999668598175,-0.8399997353553772,0.6299998164176941,-69.02293659755868,24.386370311907676,0.086181640625,9.916364571936517,0,static,0.072
1672141224060,1.5495777130126953,9.170530319213867,3.1757960319519043,1.7499994039535522,-0.5599997639656067,1.6799994707107544,-68.92684949665507,26.009304947549637,0.073486328125,9.827792115264135,0,static,0.077
1672141224178,1.6070581674575806,9.19687557220459,3.1470558643341064,0.6999997496604919,-0.27999988198280334,1.4699995517730713,-68.98214841423282,27.051332319508926,0.05419921875,9.852366053768268,0,static,0.086
1672141224298,1.580712914466858,9.311836242675781,3.132685661315918,0.9799996018409729,0.13999994099140167,0.13999994099140167,-69.35251774873936,26.774924424994545,0.0546875,9.951013364526593,0,static,0.092
1672141224404,1.5639477968215942,9.254355430603027,3.041674852371216,-0.9799996018409729,0.48999980092048645,-0.5599997639656067,-69.71686958454644,27.211014736010533,0.0546875,9.866144791896291,0,static,0.098
1672141224522,1.6214282512664795,9.922566413879395,3.144660711288452,9.449995994567871,-2.169999122619629,-4.059998512268066,-70.37540418209119,27.276224699795044,0.054931640625,10.53447885758824,0,static,0.106
1672141224649,1.041833519935608,8.890313148498535,0.9891431331634521,19.38999366760254,1.6799994707107544,-10.35999584197998,-80.82082549992317,46.486112532336826,0.0634765625,9.005636518287409,0,static,0.500
1672141224760,0.5029541254043579,4.624783039093018,-0.4502636790275574,-9.449995994567871,0.34999987483024597,-4.4799981117248535,-81.69547727832928,131.8361156343299,0.070068359375,4.6737905806310085,0,static,0.994
1672141224885,0.40715333819389343,2.5171656608581543,1.5926880836486816,-26.949989318847656,4.689998149871826,4.4799981117248535,-56.85231185740364,14.339928298298245,0.008056640625,3.00641848996483,0,static,0.048
1672141225006,1.2238550186157227,7.781418800354004,2.622546434402466,-35.62998580932617,5.739997863769531,6.789997577667236,-69.59887359361475,25.0168937918405,-0.026611328125,8.302171369809871,0,static,0.122
1672141225126,1.0777587890625,9.90101146697998,7.376660346984863,-57.259979248046875,17.63999366760254,9.799996376037598,-53.02204264886572,8.312323462204086,-0.08349609375,12.39381740834717,0,static,0.040
1672141225243,1.6765137910842896,9.740545272827148,6.4497880935668945,-24.42999267578125,3.709998607635498,2.029999256134033,-55.62152199707996,14.570628920003232,-0.115478515625,11.80206283475937,0,static,0.136
1672141225367,0.969982922077179,8.691526412963867,7.043752670288086,-8.049997329711914,7.419997215270996,0.4199998676776886,-50.714631220753596,7.840787181420672,-0.140380859375,11.229334349664741,0,static,0.198
1672141225492,1.4849121570587158,11.144026756286621,8.214917182922363,-5.249998092651367,0.7699997425079346,10.989995956420898,-53.16294467313887,10.24603644969092,-0.170654296875,13.924049726329118,0,static,0.170
1672141225610,3.182981014251709,16.61185646057129,12.221785545349121,-26.949989318847656,1.2599996328353882,8.259997367858887,-52.75542734337424,14.59756054666839,-0.179931640625,20.867610910696406,0,static,0.311
1672141225727,1.3939014673233032,9.184900283813477,8.274792671203613,0.13999994099140167,1.609999418258667,-10.149996757507324,-47.58501108156537,9.561794416336612,-0.1650390625,12.440962514034352,0,static,0.496
1672141225855,1.4849121570587158,8.413703918457031,7.5179667472839355,13.159995079040527,-1.4699995517730713,-1.1199995279312134,-47.67271062091377,11.17297043911815,-0.16845703125,11.380474583904968,0,static,0.317
1672141225973,1.2406201362609863,7.853269577026367,6.634204387664795,26.459991455078125,-6.929997444152832,0.4199998676776886,-49.3237836102665,10.59217740902477,-0.15087890625,10.35498185557343,0,static,0.261
1672141226096,1.2789404392242432,6.6892900466918945,4.979245662689209,13.439995765686035,-2.589998960494995,0.27999988198280334,-52.456894717223584,14.405261990813182,-0.125244140625,8.436538232312092,0,static,0.193
1672141226213,1.0945240259170532,6.813830852508545,4.960085868835449,26.389989852905273,-0.5599997639656067,-1.2599996328353882,-53.297082081339916,12.443829726976734,-0.1103515625,8.498748469988278,0,static,0.256
1672141226331,0.9604028463363647,5.944438934326172,3.4344582557678223,32.12998962402344,-1.609999418258667,-5.669997692108154,-59.039433460118545,15.622977571056976,-0.078125,6.932115938282886,0,static,0.467
1672141226456,0.8262817859649658,5.647456169128418,2.852468490600586,24.07999038696289,-0.2099999338388443,5.949997425079346,-62.262212374161344,16.154850797734394,-0.047119140625,6.3806801566849645,0,static,0.292
1672141226576,1.0562036037445068,7.65927267074585,2.0812721252441406,35.20998764038086,0.13999994099140167,-1.1899995803833008,-73.05295253961006,26.906874130232694,-0.05126953125,8.006979302877921,0,static,0.648
1672141226703,1.2933106422424316,9.057964324951172,1.939965844154358,30.169986724853516,4.759998321533203,1.5399994850158691,-75.5652375283272,33.69006918945076,-0.05078125,9.353226053395224,0,static,0.396
1672141226814,1.410666584968567,9.474698066711426,2.2393434047698975,5.17999792098999,-1.9599992036819458,1.3999994993209839,-74.39301799287824,32.20873415252736,-0.036865234375,9.837405275466622,0,static,0.180
1672141226937,1.482517123222351,9.790840148925781,1.9734961986541748,13.509994506835938,-7.699997425079346,-0.6999997496604919,-75.85036472404228,36.91437250416868,-0.066650390625,10.097182532200106,0,static,0.223
1672141227058,1.456171989440918,9.247170448303223,2.3902297019958496,3.0099987983703613,-0.4199998676776886,1.1199995279312134,-73.16038558243807,31.350543217029106,-0.06005859375,9.661459319953064,0,static,0.226
1672141227179,1.640588402748108,9.134604454040527,2.26568865776062,-9.169997215270996,-3.779998779296875,2.3799991607666016,-72.97379480379553,35.9083512493844,-0.05322265625,9.553317430762664,0,static,0.159
1672141227305,1.5567628145217896,9.687854766845703,2.7207422256469727,-3.9899983406066895,-2.3799991607666016,0.13999994099140167,-72.07030832855409,29.777461973725078,-0.053466796875,10.182361155576405,0,static,0.152
1672141227420,1.4537769556045532,9.31662654876709,2.6800270080566406,-0.48999980092048645,-2.7999989986419678,-0.7699997425079346,-71.87892606779113,28.47755671659083,-0.0546875,9.802833388860163,0,static,0.209
1672141227525,1.5040723085403442,9.448352813720703,2.6081764698028564,1.0499995946884155,-1.7499994039535522,-1.8899993896484375,-72.32515707486387,29.971009318848253,-0.0556640625,9.916460502593408,0,static,0.221
1672141227641,1.31247079372406,9.371711730957031,2.4285500049591064,-1.7499994039535522,-2.72999906539917,-0.9799996018409729,-73.58723631245572,28.38829156225492,-0.048828125,9.769821670794364,0,static,0.207
1672141227765,1.401086449623108,9.42200756072998,2.462080240249634,-2.169999122619629,1.1199995279312134,-0.48999980092048645,-73.2660607314664,29.64273801194164,-0.0283203125,9.838653811533268,0,static,0.177
1672141227877,1.2741504907608032,9.338181495666504,2.4405250549316406,-3.779998779296875,2.4499990940093994,-0.9799996018409729,-73.57326709071371,27.56818257123572,-0.0322265625,9.735566530144169,0,static,0.197
1672141227986,1.3939014673233032,9.371711730957031,2.596201181411743,-5.109997749328613,1.9599992036819458,-0.4199998676776886,-72.54538058625795,28.231369198891333,-0.054443359375,9.824062430742561,0,static,0.201
1672141228219,1.3100757598876953,9.498647689819336,1.4777270555496216,4.969998359680176,-5.109997749328613,-5.809998035430908,-78.25512252757039,41.55852385644562,-0.108642578125,9.701767039187185,1,moving,0.436
1672141228339,0.787961483001709,6.612649440765381,0.25147706270217896,-19.10999298095703,-7.2799973487854,1.3999994993209839,-82.8704049335371,72.29957271239853,-0.204833984375,6.664177116359848,1,moving,0.967
1672141228457,0.7783814072608948,3.041674852371216,2.1291725635528564,-36.04998779296875,-2.029999256134033,8.679996490478516,-53.302451155893316,20.081365879093788,-0.376708984375,3.7935523362810155,1,moving,0.202
1672141228576,1.362766146659851,4.596042633056641,2.8883936405181885,-27.299989700317383,7.90999698638916,6.929997444152832,-55.205017682049444,25.25829582726199,-0.473388671875,5.596745239685497,1,moving,0.603
1672141228698,1.6381934881210327,8.420888900756836,5.446274757385254,-64.25997924804688,17.289993286132812,3.5699985027313232,-55.965610679563575,16.740843557076897,-0.510498046875,10.16154301847626,1,moving,0.624
1672141228816,1.3172607421875,9.532177925109863,7.989785671234131,-41.01998519897461,20.509992599487305,1.1899995803833008,-49.651890980195525,9.362027647770331,-0.574951171875,12.507368505449833,1,moving,0.858
1672141228935,1.3603711128234863,8.22449779510498,8.35861873626709,-24.91999053955078,12.1799955368042,-0.6999997496604919,-44.16224070504615,9.243880625108222,-0.639404296875,11.805061656957431,1,moving,0.904
1672141229060,1.07296884059906,8.710686683654785,8.346643447875977,-7.90999698638916,3.9199984073638916,6.649997711181641,-45.98804193637946,7.325251708504066,-0.721435546875,12.111720830652771,1,moving,0.933
1672141229181,3.2859668731689453,15.227535247802734,14.142590522766113,-30.519989013671875,-9.309996604919434,-2.5199992656707764,-46.3638585392152,13.080332785776509,-0.74853515625,21.04015861891902,1,moving,0.997
1672141229309,1.326840877532959,10.962004661560059,10.241104125976562,29.39999008178711,-13.229995727539062,-7.069997310638428,-46.709334280782066,7.382138428051281,-0.785888671875,15.060088533386882,1,moving,0.997
1672141229419,0.7616162300109863,7.386240482330322,7.604187488555908,23.659990310668945,-2.659999132156372,4.129998683929443,-44.024127300935724,5.719526411872082,-0.746826171875,10.62827714663772,1,moving,0.943
1672141229544,1.1400293111801147,9.311836242675781,7.798183917999268,25.689990997314453,3.359998941421509,-3.849998712539673,-49.75708517945095,8.317246003756978,-0.7578125,12.19924724971596,1,moving,0.990
1672141229675,1.3531861305236816,7.446115970611572,5.817502498626709,33.109989166259766,-4.269998550415039,-0.48999980092048645,-51.26559199601157,13.094495905070712,-0.712890625,9.545632041576209,1,moving,0.974
1672141229790,1.0801538228988647,6.34201192855835,4.8235697746276855,40.52998352050781,-3.779998779296875,6.019997596740723,-52.066771859842035,12.622151718162385,-0.63330078125,8.040812953539039,1,moving,0.921
1672141229903,0.9843530654907227,5.163662433624268,2.8093581199645996,44.23998260498047,5.249998092651367,-0.4199998676776886,-60.036831208984935,19.309624973691466,-0.512939453125,5.960272957858097,1,moving,0.971
1672141230029,0.787961483001709,4.41162633895874,2.1698877811431885,30.799989700317383,-4.969998359680176,-4.199998378753662,-62.37772471159571,19.957714590974994,-0.344482421875,4.979130771132976,0,static,0.937
1672141230154,1.1783496141433716,7.630532741546631,0.8622070550918579,33.669986724853516,-5.669997692108154,-1.1199995279312134,-79.16737321901459,53.8067921113747,-0.09716796875,7.768972823920621,0,static,0.850
1672141230268,1.5232324600219727,9.86987590789795,0.7496411204338074,-2.589998960494995,3.4999988079071045,-4.689998149871826,-80.24013752135802,63.79643201935268,-0.012451171875,10.014821484880008,0,static,0.183
1672141230385,1.4849121570587158,9.465117454528809,2.3303542137145996,9.029996871948242,3.4999988079071045,-2.099999189376831,-73.72537928157156,32.50547002059236,0.069580078125,9.860221260376669,0,static,0.127
1672141230510,1.401086449623108,9.996811866760254,1.2741504907608032,4.619998455047607,-6.509997367858887,2.029999256134033,-79.2729465157134,47.71656096761144,0.10986328125,10.174613025163271,0,static,0.045
1672141230632,1.386716365814209,9.244775772094727,2.023791551589966,0.27999988198280334,-6.509997367858887,3.779998779296875,-75.13784655151069,34.41921947625782,0.150390625,9.564757895514843,0,static,0.042
1672141230753,1.6597485542297363,9.608819007873535,1.7148340940475464,-3.6399986743927,-1.0499995946884155,2.9399991035461426,-76.05188087452264,44.064806284306734,0.1376953125,9.90074865651317,0,static,0.036
1672141230868,1.662143588066101,9.707015037536621,2.074086904525757,0.27999988198280334,-2.169999122619629,0.909999668598175,-74.68690486470558,38.70818706257516,0.158203125,10.064328031907374,0,static,0.035
1672141231015,1.5687378644943237,9.465117454528809,2.0501368045806885,-2.72999906539917,-1.609999418258667,0.6999997496604919,-74.74444944007551,37.42274397301598,0.173583984375,9.810833187503517,0,static,0.037
1672141231131,1.4346168041229248,9.342971801757812,1.9974464178085327,-6.719997882843018,-0.7699997425079346,1.2599996328353882,-75.25314159012267,35.686868597960014,0.1474609375,9.661213156489698,0,static,0.046
1672141231251,1.5687378644943237,9.608819007873535,2.2106032371520996,-10.289996147155762,1.5399994850158691,1.81999933719635,-74.24614562342357,35.36112884624333,0.154296875,9.983842340786302,0,static,0.031
1672141231373,1.7723145484924316,9.886641502380371,1.9160157442092896,-23.37999153137207,3.149998903274536,-4.269998550415039,-75.21160034235349,42.768825200705365,0.15673828125,10.225355513988049,0,static,0.030
1672141231491,1.4346168041229248,7.678432941436768,3.2763869762420654,-150.21994018554688,12.739995002746582,-11.619996070861816,-65.0233230379937,23.646952360652975,0.192626953125,8.470606201972902,0,static,0.008
1672141231619,0.7232959270477295,4.842729568481445,4.576882362365723,-212.169921875,27.299989700317383,-24.639991760253906,-46.26372727820844,8.980324842538666,0.2138671875,6.702465130865118,0,static,0.001
1672141231734,-0.15807129442691803,2.0357666015625,11.014695167541504,-153.3699493408203,9.309996604919434,-30.379987716674805,-10.47034572539815,-0.8221921925892195,0.141845703125,11.202358761618969,0,static,0.000
1672141231854,-0.17244140803813934,2.114802360534668,14.623990058898926,39.899986267089844,15.329994201660156,2.3799991607666016,-8.22804085784163,-0.6755821754966355,0.071533203125,14.777117794282612,0,static,0.001
1672141231981,0.6634204387664795,9.01724910736084,6.416257381439209,361.8998718261719,-23.589990615844727,45.359981536865234,-54.42207037263687,5.903222608842443,0.048828125,11.086896180971756,0,static,0.602
1672141232092,0.910107433795929,6.615044116973877,4.37091064453125,43.399986267089844,-3.849998712539673,36.11998748779297,-55.98361660312933,11.76202041040877,0.07177734375,7.980724533088327,0,static,0.007
1672141232219,1.3220508098602295,7.846084117889404,3.9062769412994385,23.029991149902344,-9.869996070861816,6.369997501373291,-62.27340977742147,18.698013011643916,0.06005859375,8.86385096168568,0,static,0.083
1672141232338,1.37234628200531,8.519084930419922,3.949387311935425,3.5699985027313232,-3.709998607635498,3.779998779296875,-63.85894890482141,19.161487516210673,0.039306640625,9.489773575229187,0,static,0.083
1672141232464,1.5950831174850464,8.310718536376953,4.239184856414795,-8.749996185302734,-0.9799996018409729,1.609999418258667,-61.409590749973205,20.619872696489587,0.01708984375,9.464830742777275,0,static,0.088
1672141232585,1.6477735042572021,9.08670425415039,3.7386257648468018,4.4799981117248535,3.289998769760132,-3.5699985027313232,-65.78994783431094,23.785155336570547,0.015869140625,9.96296513761356,0,static,0.168
1672141232701,1.5543677806854248,9.108259201049805,3.810476303100586,18.129993438720703,-0.7699997425079346,-2.169999122619629,-65.68550270353987,22.191507826840244,0.00634765625,9.994807378215574,0,static,0.192
1672141232830,1.3795312643051147,9.022039413452148,3.961362361907959,-3.4299986362457275,1.0499995946884155,0.8399997353553772,-65.06444174490888,19.200502287759623,0.02587890625,9.949507196309789,0,static,0.098
1672141232942,1.3651611804962158,9.055569648742676,3.829636335372925,2.9399991035461426,0.6299998164176941,-0.909999668598175,-65.82132898281807,19.619768241788737,0.0439453125,9.92638510099079,0,static,0.110
1672141233060,1.396296501159668,8.70350170135498,3.599714517593384,-33.38998794555664,-1.7499994039535522,0.7699997425079346,-66.077038951804,21.20081985762433,0.037353515625,9.521477321971226,0,static,0.058
1672141233183,1.6190332174301147,9.105864524841309,3.812871217727661,17.219993591308594,-2.5199992656707764,3.5699985027313232,-65.5386103940173,23.00719884914438,0.050537109375,10.003800489158186,0,static,0.092
1672141233305,1.6789087057113647,9.548943519592285,2.8788135051727295,-198.23992919921875,20.99999237060547,-27.299989700317383,-70.7608493957326,30.25050929773035,0.078857421875,10.113783860654815,0,static,0.017
1672141233425,0.7735913395881653,1.2382251024246216,8.859177589416504,-356.9998779296875,20.08999252319336,-20.01999282836914,-7.926767190822125,4.990460606496044,0.063232421875,8.978678773949978,0,static,0.000
1672141233544,0.4382885992527008,-1.7028589248657227,11.474538803100586,-56.20997619628906,7.699997425079346,-5.669997692108154,8.43520864512919,2.187441725764553,0.032470703125,11.608482508842004,0,static,0.000
1672141233670,0.26105713844299316,-2.4668703079223633,10.983559608459473,58.729976654052734,-4.059998512268066,9.729996681213379,12.654924187186015,1.3615491853674682,0.0029296875,11.26020344479723,0,static,0.000
1672141233788,-0.5700146555900574,2.054926872253418,6.064189910888672,518.7698364257812,-0.4199998676776886,33.5999870300293,-18.643129817967083,-5.369844086696422,-0.00830078125,6.428222182938345,0,static,0.012
1672141233898,0.6490502953529358,8.91186809539795,4.021237850189209,328.7198791503906,-32.829986572265625,13.859994888305664,-65.43663428409863,9.168784206872203,-0.01220703125,9.798623019764763,0,static,0.950
1672141234021,0.8071216344833374,8.116721153259277,5.094206809997559,20.229991912841797,5.039998531341553,14.139994621276855,-57.56618356488231,9.00305612598813,0.0546875,9.61683683108137,0,static,0.035
1672141234131,1.1448193788528442,9.053174018859863,4.497847080230713,4.759998321533203,-5.039998531341553,2.659999132156372,-62.85733032887655,14.280053134105025,0.044677734375,10.173553930809833,0,static,0.070
1672141234257,1.0011181831359863,8.648415565490723,4.097878456115723,5.319998264312744,-0.909999668598175,0.0,-63.99850373236399,13.728544091659167,0.05419921875,9.62236650991455,0,static,0.097
1672141234373,1.0466235876083374,8.945398330688477,4.196074485778809,2.659999132156372,-1.4699995517730713,0.2099999338388443,-64.19865122328794,14.00545981025975,0.03515625,9.935925388157171,0,static,0.096
1672141234492,1.0777587890625,8.842412948608398,4.282295227050781,-2.2399990558624268,-0.48999980092048645,1.81999933719635,-63.46278952068984,14.126685661959081,0.055419921875,9.883718084442759,0,static,0.069
1672141234598,1.0777587890625,8.880732536315918,4.289480209350586,0.27999988198280334,0.2099999338388443,0.909999668598175,-63.525660293620945,14.103968237662453,0.057861328125,9.92111963718773,0,static,0.076
1672141234717,1.01309335231781,8.808881759643555,4.29187536239624,-0.06999997049570084,1.6799994707107544,0.8399997353553772,-63.40694223041763,13.281501543743383,0.0517578125,9.85103802257586,0,static,0.081
1672141234838,0.9843530654907227,8.780141830444336,4.11224889755249,-3.149998903274536,6.159997940063477,2.7999989986419678,-64.2850401190612,13.461651321007844,0.07080078125,9.745277446829364,0,static,0.065
1672141234960,1.101709008216858,8.722661972045898,4.392466068267822,-0.6999997496604919,7.419997215270996,1.3999994993209839,-62.56312525871966,14.080339294708642,0.061279296875,9.828140860724677,0,static,0.079
1672141235081,1.2645703554153442,8.816067695617676,4.342170715332031,-1.1199995279312134,1.6799994707107544,-0.909999668598175,-62.84258176591997,16.237144098507386,0.056640625,9.908412300595687,0,static,0.090
1672141235208,1.003513216972351,9.081914901733398,4.30624532699585,-0.48999980092048645,-1.3999994993209839,1.1199995279312134,-64.04037052120583,13.117903186062037,0.056884765625,10.101087361033908,0,static,0.069
1672141235318,1.1639795303344727,9.558523178100586,3.9038820266723633,-1.4699995517730713,-1.3999994993209839,-2.5199992656707764,-66.91695100992558,16.602449781099768,0.053466796875,10.39040463944977,0,static,0.087
1672141235476,0.4790039360523224,5.281018257141113,1.0490186214447021,-9.519996643066406,-9.519996643066406,-2.099999189376831,-77.68179228232205,24.542434879273674,-0.056884765625,5.4054637794688,1,moving,0.888
1672141235611,0.9029223918914795,2.5267457962036133,2.3998095989227295,-10.4299955368042,0.8399997353553772,8.539997100830078,-44.580151446701436,20.618684467023137,-0.232177734375,3.599833228844544,1,moving,0.013
1672141235734,0.8214917182922363,5.846242904663086,4.124223709106445,-25.12999153137207,6.719997882843018,9.029996871948242,-54.27227326580053,11.265135222167665,-0.344482421875,7.201571074862897,1,moving,0.267
1672141235857,1.686093807220459,8.507109642028809,7.961045265197754,-45.14998245239258,9.589996337890625,0.7699997425079346,-46.27161340394003,11.958136818132623,-0.444580078125,11.77251326194939,1,moving,0.578
1672141235978,1.6884888410568237,9.457932472229004,8.047266006469727,-6.859997272491455,2.3799991607666016,1.4699995517730713,-48.99708991184632,11.849979481951646,-0.5283203125,12.53243677001805,0,static,0.864
1672141236098,1.635798454284668,8.363408088684082,8.042475700378418,-5.389997959136963,2.5199992656707764,2.3799991607666016,-45.54028795196608,11.496841360549366,-0.60791015625,11.717672415291519,0,static,0.889
1672141236216,2.08606219291687,13.08878231048584,10.427915573120117,3.4999988079071045,1.6799994707107544,-9.239996910095215,-50.90643824168464,11.31246350033702,-0.623046875,16.864438948394497,0,static,0.989
1672141236341,1.695673942565918,14.789246559143066,11.752361297607422,-3.9899983406066895,-7.769996643066406,-5.529997825622559,-51.239551316698396,8.21018621184615,-0.670654296875,18.96615722744391,0,static,0.989
1672141236462,0.8119116425514221,7.843689441680908,7.625742435455322,7.1399970054626465,-9.309996604919434,-1.1199995279312134,-45.64577191137274,6.077377947193746,-0.64306640625,10.969713408505765,0,static,0.906
1672141236581,1.1879297494888306,8.47836971282959,7.628137588500977,4.4799981117248535,7.90999698638916,-4.899998188018799,-47.68019534114672,8.85157224419657,-0.5654296875,11.466578092275315,0,static,0.929
1672141236700,0.9771680235862732,8.236472129821777,6.473738193511963,23.30999183654785,-3.709998607635498,-5.739997863769531,-51.51923916561496,8.58362144126376,-0.5419921875,10.521578621565583,0,static,0.930
1672141236819,0.7256909608840942,6.730005264282227,4.416416168212891,25.19999122619629,-1.3999994993209839,2.589998960494995,-56.374989242703954,9.331268721075558,-0.451416015625,8.08234681258034,0,static,0.810
1672141236943,0.9340576529502869,6.234236240386963,3.482358455657959,29.539987564086914,3.779998779296875,7.209997177124023,-59.95787471955317,15.01477459588825,-0.280517578125,7.201734903041187,0,static,0.631
1672141237064,0.7855664491653442,5.075046539306641,2.3471193313598633,37.51998519897461,-5.809998035430908,-2.7999989986419678,-64.00157697396699,18.505077822843496,-0.1630859375,5.646430835299918,0,static,0.802
1672141237184,0.7232959270477295,6.612649440765381,2.1195924282073975,33.949989318847656,-5.17999792098999,0.9799996018409729,-71.28953457535846,18.841844243721017,-0.05078125,6.981615979574691,0,static,0.654
1672141237302,1.1807446479797363,8.737031936645508,2.0788769721984863,9.169997215270996,-1.4699995517730713,0.6999997496604919,-74.69627388809715,29.595377446930193,0.0146484375,9.058234621118704,0,static,0.230
1672141237425,1.0825488567352295,9.369317054748535,2.6991870403289795,4.689998149871826,4.339998245239258,1.8899993896484375,-72.75595842409348,21.853982783921808,0.049560546875,9.810281585066782,0,static,0.103
1672141237549,1.1304492950439453,9.60163402557373,2.5099806785583496,8.049997329711914,-0.6999997496604919,2.9399991035461426,-74.00232861638135,24.24592836351394,0.08740234375,9.98845806801314,0,static,0.066
1672141237680,1.2789404392242432,9.42200756072998,2.69439697265625,2.5199992656707764,-2.589998960494995,0.27999988198280334,-72.4348726183468,25.39213355259954,0.110595703125,9.882797689308184,0,static,0.064
1672141237786,1.07296884059906,9.180109977722168,2.675236940383911,1.329999566078186,-2.72999906539917,1.0499995946884155,-72.56866326619766,21.854453712260238,0.113525390625,9.621983892273217,0,static,0.065
1672141237905,1.207089900970459,9.457932472229004,2.615361452102661,-0.34999987483024597,-0.7699997425079346,1.9599992036819458,-73.06150043590733,24.775140597141647,0.107421875,9.886843186953723,0,static,0.056
1672141238025,1.2118799686431885,9.419611930847168,2.6991870403289795,0.48999980092048645,-0.8399997353553772,-0.06999997049570084,-72.56216187337004,24.179108463669145,0.114501953125,9.87336582249624,0,static,0.063
1672141238133,1.1184741258621216,9.263936042785645,2.6704468727111816,-0.8399997353553772,-0.6299998164176941,0.9799996018409729,-72.64465046010437,22.725596162668268,0.125244140625,9.70581175765422,0,static,0.058
1672141238254,1.207089900970459,9.429192543029785,2.2106032371520996,-0.2099999338388443,-0.8399997353553772,-0.9799996018409729,-75.04450207432565,28.636547546207982,0.13525390625,9.759790198291187,0,static,0.063
1672141238375,1.063388705253601,9.644743919372559,2.33514404296875,-6.929997444152832,2.7999989986419678,0.06999997049570084,-75.1022030384675,24.48379032120829,0.11279296875,9.980219361825036,0,static,0.054
1672141238589,0.6251001358032227,6.662944793701172,0.34248781204223633,6.0899977684021,-6.0899977684021,-4.4799981117248535,-83.89395066670767,61.28198623264083,-0.12255859375,6.7009612299347205,1,moving,0.977
1672141238704,0.5005590915679932,3.16382098197937,1.3196557760238647,-21.55999183654785,-8.81999683380127,-0.909999668598175,-65.9580515900837,20.772254861806882,-0.2646484375,3.4643634303227238,1,moving,0.877
1672141238837,0.7616162300109863,4.885839939117432,3.4057178497314453,-33.109989166259766,2.3799991607666016,9.799996376037598,-54.46268789350874,12.605577401024663,-0.437744140625,6.0041989694271924,1,moving,0.354
1672141238962,1.6429834365844727,9.153764724731445,5.573210716247559,-57.39998245239258,10.35999584197998,11.059995651245117,-57.594707819394095,16.425525589627824,-0.624267578125,10.842116070967203,1,moving,0.702
1672141239088,1.3986914157867432,10.099798202514648,7.314390182495117,-29.819988250732422,16.169994354248047,0.5599997639656067,-53.59739742325349,10.825672190606348,-0.687744140625,12.548408869250897,1,moving,0.946
1672141239206,1.8585352897644043,8.67236614227295,7.951465129852295,-25.269990921020508,-3.4299986362457275,2.099999189376831,-46.72326210019385,13.155843089325998,-0.72021484375,11.911754095858377,1,moving,0.932
1672141239324,1.386716365814209,11.498489379882812,10.099798202514648,0.13999994099140167,-3.9199984073638916,6.299997806549072,-48.43982570877701,7.8179080455786645,-0.7314453125,15.366982918908088,1,moving,0.977
1672141239455,3.0871803760528564,16.19751739501953,12.497212409973145,-21.979991912841797,-11.059995651245117,2.099999189376831,-51.52429192347346,13.875947395392092,-0.756103515625,20.689866371154572,1,moving,0.988
1672141239583,1.3819262981414795,8.83762264251709,7.314390182495117,11.689995765686035,2.7999989986419678,-9.519996643066406,-49.89309051517622,10.698925460209317,-0.751953125,11.554808436612298,0,static,0.990
1672141239704,1.5950831174850464,7.616162300109863,6.622229099273682,3.5699985027313232,4.059998512268066,-7.55999755859375,-48.191689727129926,13.542748488114029,-0.693603515625,10.217834241000766,0,static,0.970
1672141239824,1.2094849348068237,8.317903518676758,6.430627822875977,20.439990997314453,-1.1899995803833008,0.27999988198280334,-51.80920751606431,10.651862016870789,-0.630859375,10.583163371595775,0,static,0.947
1672141239946,1.362766146659851,8.052056312561035,5.120552062988281,44.30998611450195,-1.8899993896484375,-1.6799994707107544,-56.65241296063826,14.903057405338394,-0.464599609375,9.639128376617343,0,static,0.920
1672141240082,0.6251001358032227,5.946833610534668,2.9386889934539795,27.509990692138672,0.2099999338388443,-2.5199992656707764,-63.19635072929111,12.00862746876448,-0.405517578125,6.6626926367208,0,static,0.932
1672141240204,0.7376660704612732,4.519402027130127,2.253713369369507,20.579992294311523,7.769996643066406,1.2599996328353882,-62.313651424605666,18.12386148707079,-0.2197265625,5.10376036522215,0,static,0.771
1672141240320,1.1400293111801147,7.015012741088867,2.1794679164886475,33.52998733520508,-1.2599996328353882,9.729996681213379,-70.67817057744303,27.613026605394996,-0.111572265625,7.433717171576567,0,static,0.573
1672141240445,1.7268091440200806,9.99920654296875,0.9388477206230164,7.979996681213379,-16.869993209838867,-3.849998712539673,-78.87923960453809,61.467546077774784,0.070068359375,10.190556233657682,0,static,0.065
1672141240566,1.0849438905715942,9.307045936584473,3.4464333057403564,0.06999997049570084,8.889996528625488,3.359998941421509,-68.78284669599493,17.474103115955227,0.10791015625,9.983792357731533,0,static,0.053
1672141240686,1.3196557760238647,9.067543983459473,3.2452516555786133,-3.219998836517334,-2.7999989986419678,-1.329999566078186,-68.87563132834362,22.128726317641075,0.16650390625,9.720776901421047,0,static,0.045
1672141240804,1.1879297494888306,9.285490989685059,2.98419451713562,-0.06999997049570084,2.029999256134033,-2.8699989318847656,-70.91897809856818,21.70620736005098,0.19140625,9.825321212324068,0,static,0.046
1672141240924,1.13284432888031,9.129815101623535,3.4152979850769043,3.149998903274536,1.329999566078186,-1.329999566078186,-68.48942290506547,18.350531491555035,0.193603515625,9.813313425656993,0,static,0.041
1672141241049,0.9963281750679016,9.304651260375977,3.132685661315918,0.9799996018409729,0.6299998164176941,0.13999994099140167,-70.54182783248262,17.64289197798574,0.197265625,9.868278692977045,0,static,0.033
1672141241171,1.1591894626617432,9.31662654876709,3.3147072792053223,-0.5599997639656067,1.1899995803833008,-0.2099999338388443,-69.34794673283375,19.275291408114665,0.18603515625,9.956431831050446,0,static,0.035
1672141241288,1.1567944288253784,9.12263011932373,3.3697926998138428,2.72999906539917,1.81999933719635,-2.3799991607666016,-68.66700333355045,18.946503493329875,0.172119140625,9.793674309689525,0,static,0.053
1672141241406,1.07296884059906,9.247170448303223,3.192561149597168,2.589998960494995,1.329999566078186,-0.6999997496604919,-69.9871574595785,18.576674957920893,0.155029296875,9.841436385344677,0,static,0.051
1672141241514,1.01309335231781,9.453142166137695,2.962639331817627,0.34999987483024597,0.6299998164176941,-1.1899995803833008,-71.6741036534115,18.878449233866327,0.177490234375,9.958186921531139,0,static,0.040
1672141241643,0.9963281750679016,9.268726348876953,2.6608667373657227,-1.9599992036819458,0.4199998676776886,-3.9199984073638916,-72.95734126368929,20.52778241504424,0.12353515625,9.694440146641751,0,static,0.082
1672141241843,0.6322851777076721,6.107300281524658,0.8933423161506653,-21.55999183654785,-3.849998712539673,1.4699995517730713,-79.84013197258709,35.289898066292224,-0.119873046875,6.20459199049264,1,moving,0.885
1672141241961,0.7137158513069153,2.603386402130127,2.315984010696411,-9.659996032714844,-6.509997367858887,2.169999122619629,-47.04988457462291,17.12770700306605,-0.21923828125,3.556795329085473,1,moving,0.032
1672141242076,0.77598637342453,5.810317516326904,2.7303223609924316,-22.46999168395996,3.5699985027313232,14.279994010925293,-63.96359273133037,15.865708174190045,-0.354248046875,6.46657596315168,1,moving,0.548
1672141242189,1.4801220893859863,8.384963989257812,6.356381893157959,-56.97998046875,6.929997444152832,9.309996604919434,-52.104601780949075,13.108086179734476,-0.464599609375,10.625534022923507,1,moving,0.381
1672141242305,1.1759546995162964,9.005273818969727,7.369475364685059,-34.649986267089844,8.46999740600586,5.109997749328613,-50.351309149065614,9.0663100853257,-0.546630859375,11.6955971699027,1,moving,0.733
1672141242432,1.8824853897094727,8.260422706604004,7.752678394317627,-31.009986877441406,5.45999813079834,5.739997863769531,-45.99656190625824,13.64827010414393,-0.59912109375,11.484004389583276,1,moving,0.776
1672141242551,1.7387843132019043,9.350156784057617,10.04471206665039,-16.65999412536621,-1.609999418258667,1.7499994039535522,-42.52744791778508,9.820831701740863,-0.628173828125,13.832752556024692,1,moving,0.936
1672141242670,3.1590309143066406,16.99026870727539,14.772480964660645,-29.539987564086914,-6.789997577667236,-3.6399986743927,-48.35889490087678,12.070648486960774,-0.674560546875,22.73488290962211,1,moving,0.996
1672141242794,1.0562036037445068,8.557405471801758,8.878337860107422,5.249998092651367,-1.1199995279312134,-1.5399994850158691,-43.74436587436586,6.784256949834173,-0.696533203125,12.376172171540052,1,moving,0.963
1672141242909,1.542392611503601,6.617439270019531,7.589817047119141,8.049997329711914,-2.4499990940093994,-2.5199992656707764,-40.511224414709694,11.48714612778563,-0.655029296875,10.186991718321844,1,moving,0.873
1672141243034,1.1951148509979248,7.9370951652526855,7.984995365142822,13.089995384216309,0.34999987483024597,-2.4499990940093994,-44.510322695976434,8.51227735137266,-0.650390625,11.321922546577754,1,moving,0.945
1672141243154,1.5543677806854248,7.117998123168945,6.136040210723877,35.419986724853516,-7.209997177124023,-3.9899983406066895,-48.35412303954775,14.215013425858835,-0.6123046875,9.525384293911184,1,moving,0.945
1672141243273,1.0298584699630737,6.346802234649658,5.091811656951904,39.05998611450195,-1.3999994993209839,-4.759998321533203,-50.699357988712286,11.434263578677333,-0.5634765625,8.20177133452158,1,moving,0.932
1672141243395,0.7328760027885437,4.483476638793945,3.3889527320861816,32.96998977661133,9.589996337890625,-6.299997806549072,-52.2834702811891,12.202559804183867,-0.481201171875,5.66777475085141,1,moving,0.880
1672141243516,0.4550537168979645,5.319338798522949,3.2548317909240723,19.739992141723633,3.4999988079071045,-1.7499994039535522,-58.29066421504966,7.958858679077398,-0.178955078125,6.252708943005762,0,static,0.467
1672141243633,1.1160790920257568,7.865244388580322,2.0980372428894043,20.29999351501465,-9.869996070861816,6.859997272491455,-73.18820350802675,28.011344415978048,-0.050048828125,8.216414187728262,0,static,0.350
1672141243768,1.2549903392791748,9.819580078125,2.5506958961486816,-2.589998960494995,-7.55999755859375,-3.0099987983703613,-73.85453718772519,26.198053412057224,0.0263671875,10.222778644626086,0,static,0.102
1672141243874,1.0250684022903442,8.983718872070312,3.721860408782959,6.789997577667236,0.06999997049570084,1.7499994039535522,-66.7460619889521,15.398529728096413,0.071044921875,9.778047601859608,0,static,0.081
1672141243997,1.1807446479797363,9.074728965759277,2.9267139434814453,7.979996681213379,1.9599992036819458,3.9899983406066895,-70.82386694713377,21.970970737301716,0.125,9.60783629297939,0,static,0.059
1672141244122,1.3004956245422363,9.3309965133667,3.590134382247925,3.4999988079071045,3.709998607635498,-0.9799996018409729,-67.74467990482636,19.912488290301976,0.202392578125,10.082055826294242,0,static,0.036
1672141244249,1.2334351539611816,9.263936042785645,2.86444354057312,1.609999418258667,-0.13999994099140167,-0.7699997425079346,-71.39411904749211,23.296808771566887,0.23681640625,9.774809976719817,0,static,0.029
1672141244359,1.2549903392791748,9.057964324951172,3.302731990814209,-2.7999989986419678,1.7499994039535522,-0.9799996018409729,-68.69131536329121,20.806066170110427,0.26025390625,9.72264146551336,0,static,0.023
1672141244484,1.1687695980072021,9.096284866333008,3.40332293510437,-4.059998512268066,-1.81999933719635,-0.7699997425079346,-68.41662927604989,18.95350316453722,0.254638671875,9.782179089717804,0,static,0.021
1672141244606,1.147214412689209,9.239985466003418,3.3482375144958496,-2.589998960494995,3.9199984073638916,1.9599992036819458,-69.0409600091333,18.91311757407214,0.223876953125,9.894651422567325,0,static,0.023
1672141244725,1.2885205745697021,8.875943183898926,3.8080811500549316,-4.129998683929443,0.13999994099140167,1.4699995517730713,-65.63285989719027,18.69400909467763,0.202880859375,9.74392809498792,0,static,0.026
1672141244842,1.2238550186157227,9.44595718383789,3.6164796352386475,4.4799981117248535,1.8899993896484375,-2.3799991607666016,-67.99199074815647,18.696363851062877,0.199951171875,10.188368523840577,0,static,0.038
1672141244970,0.9244775772094727,9.184900283813477,3.4847536087036133,1.2599996328353882,2.8699989318847656,-1.9599992036819458,-68.56878391452447,14.857863473881125,0.19140625,9.867145470080636,0,static,0.040
1672141245088,1.0059082508087158,9.10107421875,3.2093262672424316,-0.9799996018409729,1.609999418258667,0.48999980092048645,-69.71835114389445,17.40270444047404,0.181640625,9.702637704967305,0,static,0.038
1672141245210,1.0106983184814453,9.354947090148926,3.391347885131836,0.48999980092048645,1.9599992036819458,0.6299998164176941,-69.27958312582666,16.595245929993293,0.142822265625,10.001889152977814,0,static,0.044
1672141245325,1.101709008216858,9.223220825195312,3.479963541030884,1.0499995946884155,2.099999189376831,0.34999987483024597,-68.40826245784541,17.567077085432484,0.149169921875,9.919259618338804,0,static,0.046
1672141245444,1.0825488567352295,9.2112455368042,3.2548317909240723,2.5199992656707764,-0.8399997353553772,1.3999994993209839,-69.57538233986807,18.39699539292892,0.1552734375,9.829185436938507,0,static,0.042
1672141245567,1.0921289920806885,9.25675106048584,3.2859668731689453,2.029999256134033,-1.609999418258667,1.0499995946884155,-69.49051183668033,18.38482226514319,0.16064453125,9.8832061712135,0,static,0.040
1672141245689,1.0394384860992432,9.309441566467285,3.2165112495422363,1.1199995279312134,-1.9599992036819458,0.34999987483024597,-70.04385452826722,17.90860767463108,0.130615234375,9.904144549848054,0,static,0.050
1672141245808,1.063388705253601,9.172924995422363,3.2069313526153564,1.1199995279312134,-1.609999418258667,0.6299998164176941,-69.7798665433513,18.34504243295881,0.161865234375,9.775364812143465,0,static,0.042
1672141245926,1.1903247833251953,9.218430519104004,3.1686110496520996,-0.9799996018409729,-1.3999994993209839,-0.06999997049570084,-69.83782315160545,20.589260144055775,0.171142578125,9.820205207088275,0,static,0.040
1672141246042,1.1208691596984863,9.261541366577148,3.120710611343384,-1.0499995946884155,-0.6299998164176941,-0.13999994099140167,-70.30117066110371,19.756823228054287,0.151611328125,9.837242036146824,0,static,0.046
1672141246160,1.1064990758895874,9.232800483703613,3.1901662349700928,-0.4199998676776886,0.27999988198280334,-0.6999997496604919,-69.91157219380597,19.128941463954416,0.13916015625,9.83087511789085,0,static,0.054
1672141246274,1.0490186214447021,9.139394760131836,3.2548317909240723,-0.9799996018409729,0.909999668598175,-0.48999980092048645,-69.48557142776497,17.86391326039521,0.1201171875,9.758222514211951,0,static,0.062
1672141246397,1.0585986375808716,9.26633071899414,3.2452516555786133,-2.4499990940093994,0.5599997639656067,-0.7699997425079346,-69.77713506546682,18.066287026987645,0.1064453125,9.875078449171848,0,static,0.065
1672141246517,0.9915381073951721,9.283096313476562,3.3578174114227295,-0.4199998676776886,2.3799991607666016,-0.48999980092048645,-69.33584289014253,16.451472351390017,0.09423828125,9.921389154354978,0,static,0.071
1672141246632,1.0801538228988647,9.268726348876953,3.262016773223877,4.059998512268066,1.2599996328353882,-1.5399994850158691,-69.65870598149176,18.321291274078607,0.076416015625,9.885179504707178,0,static,0.097
1672141246737,0.8981323838233948,9.27112102508545,3.3889527320861816,-1.1199995279312134,1.1199995279312134,-1.6799994707107544,-69.28551290755018,14.843173482314498,0.087158203125,9.911878099581742,0,static,0.077
1672141246845,0.9484277963638306,9.261541366577148,3.3051271438598633,-1.1199995279312134,-0.4199998676776886,-0.4199998676776886,-69.6316479350114,16.011177613323508,0.094482421875,9.879247400830415,0,static,0.067
1672141246965,0.8813672065734863,9.139394760131836,3.22369647026062,0.0,-1.4699995517730713,0.5599997639656067,-69.91401162546542,15.291130644083477,0.093017578125,9.73126732068949,0,static,0.066
1672141247088,0.8574170470237732,9.18250560760498,3.2955470085144043,-0.27999988198280334,0.48999980092048645,0.06999997049570084,-69.65309854395808,14.583576813017627,0.07666015625,9.793579698534755,0,static,0.076
1672141247210,0.9627978801727295,9.285490989685059,3.1278955936431885,-1.2599996328353882,-0.48999980092048645,-0.5599997639656067,-70.58471476311375,17.108894502422004,0.05517578125,9.845356952509135,0,static,0.092
1672141247327,0.9340576529502869,9.582473754882812,3.1183154582977295,-1.81999933719635,5.949997425079346,4.759998321533203,-71.23717239404692,16.675018167745293,0.044677734375,10.120284494988837,0,static,0.063
1672141247445,0.9532178044319153,8.9717435836792,3.300337076187134,1.7499994039535522,9.799996376037598,0.909999668598175,-69.04840340504961,16.110006722550878,0.0556640625,9.6069262477876,0,static,0.111
1672141247570,0.8119116425514221,9.165740013122559,3.650009870529175,-4.129998683929443,2.4499990940093994,-1.0499995946884155,-67.80668994080216,12.540749291625962,0.048828125,9.899119281957708,0,static,0.089
1672141247691,0.9747729897499084,9.13700008392334,3.2572267055511475,-2.9399991035461426,3.219998836517334,3.849998712539673,-69.58932902486673,16.660585710861326,0.068115234375,9.749075788325612,0,static,0.065
1672141247815,0.9747729897499084,9.055569648742676,3.700305223464966,-5.949997425079346,7.629997253417969,8.259997367858887,-67.09290305989853,14.758165559246573,0.070556640625,9.830858700621102,0,static,0.043
1672141247929,1.0585986375808716,9.055569648742676,3.6284546852111816,-5.389997959136963,3.289998769760132,7.699997425079346,-67.34472372259903,16.26456104315109,0.06494140625,9.812729291147729,0,static,0.046
1672141248058,1.1136841773986816,9.287885665893555,3.4895436763763428,-3.709998607635498,1.2599996328353882,2.3099992275238037,-68.4767459577902,17.700428186849,0.087158203125,9.98408872451749,0,static,0.056
1672141248178,1.2885205745697021,9.237590789794922,3.4464333057403564,-5.529997825622559,0.8399997353553772,0.9799996018409729,-68.28209792765145,20.49929936121167,0.090087890625,9.943403411393396,0,static,0.060
1672141248294,1.1400293111801147,8.655600547790527,3.1183154582977295,7.069997310638428,5.739997863769531,3.0799989700317383,-69.01384405709064,20.081977569453763,0.085205078125,9.27054361786406,0,static,0.097
